"time","x","y","z","low","high","mux1_GEn1","mux1_GEn2","mux1_GUn1","mux1_GUn2","comp_out","vin","zero","rlc_iL+","rlc_iL-","rlc_vC+","rlc_vC-","vCp","vCn","iLp","iLn","iCp","iCn","vLp","vLn","rlc_dummy+","rlc_dummy-","rlc_A+","rlc_A-"
0,10,1,2,3,8,3,8,0,0,0,10,0,0,0,0,0,0,0,0,0,0,0,0,0,0,0,0,0
0.01001001001001,9.82145759382558,0.960595681816018,1.96456869121817,2.83641928301987,7.84141844176142,2.64299748587554,7.78146220576552,0,0,0.25337803314023,10,0,-2.06873540206874,0,-1.93526860193527,0.0667334000667334,0.00973199227081644,0.00973199227081644,0.00973199227081644,0.00973199227081644,0.0304216217763642,0.0304216217763642,0.00973199227081644,0.00973199227081644,0,0,0,0.0333667000333667
0.02002002002002,9.6689831571574,0.923882224850339,1.9302560992349,2.68576610411414,7.70416227324039,2.33365760894475,7.57939224965242,0,0,0.47687851875736,10,0,-4.13747080413747,0,-3.87053720387054,0.133466800133467,0.0188122192523199,0.0188122192523199,0.0188122192523199,0.0188122192523199,0.0546963353059392,0.0546963353059392,0.0188122192523199,0.0188122192523199,0,0,0,0.0667334000667334
0.03003003003003,9.53845888874809,0.889610298733967,1.89694424199999,2.5466339385144,7.58485551527317,2.06446933470717,7.39203354856245,0,0,0.674986570517959,10,0,-6.20620620620621,0,-5.8058058058058,0.2002002002002,0.0271320350694154,0.0271320350694154,0.0271320350694154,0.0271320350694154,0.0731459449890647,0.0731459449890647,0.0271320350694154,0.0271320350694154,0,0,0,0.1001001001001
0.04004004004004,9.42654973074119,0.857558893925875,1.86453506965684,2.41781147594109,7.48076637949743,1.82935209993497,7.21786944982745,0,0,0.851356305676094,10,0,-8.27494160827494,0,-7.74107440774107,0.266933600266934,0.034629361820064,0.034629361820064,0.034629361820064,0.034629361820064,0.0866561057750363,0.0866561057750363,0.034629361820064,0.034629361820064,0,0,0,0.133466800133467
0.05005005005005,9.33052618813073,0.827531698008288,1.83294650758523,2.2982500862978,7.38966136991633,1.62333201316022,7.05558383677816,0,0,1.00899560627575,10,0,-10.3436770103437,0,-9.67634300967634,0.333667000333667,0.0412849138159798,0.0412849138159798,0.0412849138159798,0.0412849138159798,0.0962825595967679,0.0962825595967679,0.0412849138159798,0.0412849138159798,0,0,0,0.166833500166834
0.0600600600600601,9.24813217837376,0.79935391906157,1.8021093798205,2.18703734765458,7.30969646739719,1.442300328175,6.9040289641326,0,0,1.15040452274417,10,0,-12.4124124124124,0,-11.6116116116116,0.400400400400401,0.047114955384327,0.047114955384327,0.047114955384327,0.047114955384327,0.103007121168891,0.103007121168891,0.047114955384327,0.047114955384327,0,0,0,0.2002002002002
0.0700700700700701,9.17748839745237,0.772869579911136,1.77196506960661,2.08337595293553,7.23933755133806,1.2828368093059,6.76219974193781,0,0,1.27767695302989,10,0,-14.4811478144811,0,-13.5468802135469,0.467133800467134,0.0521625486615291,0.0521625486615291,0.0521625486615291,0.0521625486615291,0.107641201370473,0.107641201370473,0.0521625486615291,0.0521625486615291,0,0,0,0.233566900233567
0.0800800800800801,9.11701649964906,0.747939138008775,1.74246361824509,1.98656602940048,7.17729796222059,1.14207112550308,6.62921212202091,0,0,1.39258074409708,10,0,-16.5498832165499,0,-15.4821488154821,0.533867200533867,0.0564886818070655,0.0564886818070655,0.0564886818070655,0.0564886818070655,0.110804378052609,0.110804378052609,0.0564886818070655,0.0564886818070655,0,0,0,0.266933600266934
0.0900900900900901,9.06538170131592,0.72443744864526,1.71356223577051,1.89599073417819,7.12249122749567,1.01757790918983,6.50428543821572,0,0,1.49661861426831,10,0,-18.6186186186186,0,-17.4174174174174,0.600600600600601,0.0601644114729433,0.0601644114729433,0.0601644114729433,0.0601644114729433,0.112949623277671,0.112949623277671,0.0601644114729433,0.0601644114729433,0,0,0,0.3003003003003
0.1001001001001,9.02144816370912,0.70225201101099,1.68522410392046,1.81110433917137,7.07399430993489,0.907295166893881,6.38672776085295,0,0,1.59107572135944,10,0,-20.6873540206874,0,-19.3526860193527,0.667334000667334,0.0632645397382391,0.0632645397382391,0.0632645397382391,0.0632645397382391,0.114398064565857,0.114398064565857,0.0632645397382391,0.0632645397382391,0,0,0,0.333667000333667
0.11011011011011,8.98424394645509,0.681281455026054,1.65741740673856,1.73142231336775,7.03101873628751,0.809460181088739,6.27592367678622,0,0,1.67705719178029,10,0,-22.7560894227561,0,-21.287954621288,0.734067400734068,0.065862962672863,0.065862962672863,0.065862962672863,0.065862962672863,0.115373216920361,0.115373216920361,0.065862962672863,0.065862962672863,0,0,0,0.367033700367034
0.12012012012012,8.95293304496239,0.661434229803274,1.63011453538341,1.65651298954943,6.99288755914241,0.722558360031267,6.17132399880964,0,0,1.75551818985093,10,0,-24.8248248248248,0,-23.2232232232232,0.800800800800801,0.0680295223264197,0.0680295223264197,0.0680295223264197,0.0680295223264197,0.116028378090714,0.116028378090714,0.0680295223264197,0.0680295223264197,0,0,0,0.400400400400401
0.13013013013013,8.92679309166224,0.642627469588782,1.60329143639339,1.58599056934594,6.95901698314329,0.645282441535163,6.07243710859848,0,0,1.82728800235559,10,0,-26.8935602268936,0,-25.1584918251585,0.867534200867535,0.0698281392781914,0.0698281392781914,0.0698281392781914,0.0698281392781914,0.116467962130734,0.116467962130734,0.0698281392781914,0.0698281392781914,0,0,0,0.433767100433767
0.14014014014014,8.90519730646163,0.624786008587598,1.57692707102706,1.51950920149409,6.9289014917203,0.576499466285582,5.97882161300509,0,0,1.89308961392372,10,0,-28.9622956289623,0,-27.0937604270938,0.934267600934268,0.0713159028647995,0.0713159028647995,0.0713159028647995,0.0713159028647995,0.116762652507877,0.116762652507877,0.0713159028647995,0.0713159028647995,0,0,0,0.467133800467134
0.15015015015015,8.88759984180096,0.607841525051384,1.55100296609973,1.45675796083067,6.90210177048597,0.515223959237593,5.89008010503111,0,0,1.95355566704793,10,0,-31.031031031031,0,-29.029029029029,1.001001001001,0.0725428569407029,0.0725428569407029,0.0725428569407029,0.0725428569407029,0.116960082529439,0.116960082529439,0.0725428569407029,0.0725428569407029,0,0,0,0.500500500500501
0.16016016016016,8.87352373784025,0.5917317944377,1.52550283721836,1.3974565609846,6.87823478218057,0.460595885971302,5.80585382669016,0,0,2.0092416305037,10,0,-33.0997664330998,0,-30.9642976309643,1.06773440106773,0.0735522258311682,0.0735522258311682,0.0735522258311682,0.0735522258311682,0.117092294111472,0.117092294111472,0.0735522258311682,0.0735522258311682,0,0,0,0.533867200533867
0.17017017017017,8.86255096611931,0.576400035963317,1.50041227156973,1.34135167889471,6.85696556328962,0.411862430477367,5.72581808535932,0,0,2.06063672634764,10,0,-35.1685018351685,0,-32.8995662328996,1.13446780113447,0.0743809099419058,0.0743809099419058,0.0743809099419058,0.0743809099419058,0.117180811486964,0.117180811486964,0.0743809099419058,0.0743809099419058,0,0,0,0.567233900567234
0.18018018018018,8.85431419153977,0.561794342695363,1.4757184611613,1.28821380937749,6.83800043774468,0.368362918075129,5.64967832444347,0,0,2.10817300460357,10,0,-37.2372372372372,0,-34.8348348348348,1.2012012012012,0.0750601177720387,0.0750601177720387,0.0750601177720387,0.0750601177720387,0.117240052207862,0.117240052207862,0.0750601177720387,0.0750601177720387,0,0,0,0.600600600600601
0.19019019019019,8.84848974867864,0.547867171449768,1.45140997218837,1.23783449900086,6.82108123266093,0.329515961760142,5.57716666221842,0,0,2.15223310768323,10,0,-39.305972639306,0,-36.7701034367701,1.26793460126793,0.0756160570727569,0.0756160570727569,0.0756160570727569,0.0756160570727569,0.117279710495584,0.117279710495584,0.0756160570727569,0.0756160570727569,0,0,0,0.633967300633967
0.2002002002002,8.84479194187842,0.534574909666708,1.42747655574181,1.19002403532647,6.80598058582759,0.294809032448444,5.50803899599254,0,0,2.19315659271307,10,0,-41.3747080413747,0,-38.7053720387054,1.33466800133467,0.0760705905974159,0.0760705905974159,0.0760705905974159,0.0760705905974159,0.117306265614848,0.117306265614848,0.0760705905974159,0.0760705905974159,0,0,0,0.667334000667334
0.21021021021021,8.84296819521273,0.52187749066199,1.40390898515058,1.14460942801812,6.79249795633463,0.263789587535538,5.44207246784252,0,0,2.2312453289747,10,0,-43.4434434434434,0,-40.6406406406406,1.4014014014014,0.0764418678481099,0.0764418678481099,0.0764418678481099,0.0764418678481099,0.117324009682578,0.117324009682578,0.0764418678481099,0.0764418678481099,0,0,0,0.700700700700701
0.22022022022022,8.84279464588256,0.509738033635097,1.38069890761213,1.10143254027435,6.78045600147531,0.236057012342307,5.37906311653713,0,0,2.26676841287022,10,0,-45.5121788455122,0,-42.5759092425759,1.46813480146813,0.0767449123542582,0.0767449123542582,0.0767449123542582,0.0767449123542582,0.117335878766766,0.117335878766766,0.0767449123542582,0.0767449123542582,0,0,0,0.734067400734067
0.23023023023023,8.8440726602729,0.498122543369686,1.35783872596503,1.06034855874503,6.76969771412129,0.211256251206481,5.31882395126745,0,0,2.29996607039239,10,0,-47.5809142475809,0,-44.5111778445112,1.53486820153487,0.0769921130818259,0.0769921130818259,0.0769921130818259,0.0769921130818259,0.117343828162613,0.117343828162613,0.0769921130818259,0.0769921130818259,0,0,0,0.767434100767434
0.24024024024024,8.84662576820885,0.48699963909585,1.33532149466148,1.02122462723654,6.76008390682982,0.189072206515236,5.2611832295173,0,0,2.33105309803382,10,0,-49.6496496496496,0,-46.4464464464464,1.6016016016016,0.0771936599089496,0.0771936599089496,0.0771936599089496,0.0771936599089496,0.117349146069974,0.117349146069974,0.0771936599089496,0.0771936599089496,0,0,0,0.800800800800801
0.25025025025025,8.85029700899787,0.476340312513832,1.31314082982219,0.983938641932495,6.75149103647333,0.169224893167143,5.20598293657258,0,0,2.36022184866611,10,0,-51.7183850517184,0,-48.3817150483817,1.66833500166833,0.0773579175872154,0.0773579175872154,0.0773579175872154,0.0773579175872154,0.117352704738389,0.117352704738389,0.0773579175872154,0.0773579175872154,0,0,0,0.834167500834167
0.26026026026026,8.85494663947613,0.466117711929955,1.29129083180624,0.948378189483675,6.74380932789808,0.151465256975881,5.15307744361819,0,0,2.38764481678768,10,0,-53.7871204537871,0,-50.316983650317,1.73506840173507,0.0774917408029112,0.0774917408029112,0.0774917408029112,0.0774917408029112,0.117355087809874,0.117355087809874,0.0774917408029112,0.0774917408029112,0,0,0,0.867534200867534
0.27027027027027,8.86045014370718,0.456306949456933,1.26976601838181,0.914439609034372,6.73694114700097,0.135571546577549,5.10233232100371,0,0,2.41347688845408,10,0,-55.8558558558558,0,-52.2522522522523,1.8018018018018,0.0776007389446693,0.0776007389446693,0.0776007389446693,0.0776007389446693,0.117356682364233,0.117356682364233,0.0776007389446693,0.0776007389446693,0,0,0,0.900900900900901
0.28028028028028,8.86669649873812,0.446884928388529,1.24856126699294,0.882027161277732,6.7307995854615,0.121346155179305,5.05362328567952,0,0,2.43785730588042,10,0,-57.9245912579246,0,-54.1875208541875,1.86853520186853,0.077689497082602,0.077689497082602,0.077689497082602,0.077689497082602,0.117357749284041,0.117357749284041,0.077689497082602,0.077689497082602,0,0,0,0.934267600934267
0.29029029029029,8.87358668128432,0.437830190869424,1.22767176564156,0.851052302524846,6.72530724454778,0.108612904280708,5.00683528058723,0,0,2.4609113622047,10,0,-59.9933266599933,0,-56.1227894561228,1.93526860193527,0.0777617569467441,0.0777617569467441,0.0777617569467441,0.0777617569467441,0.117358462833514,0.117358462833514,0.0777617569467441,0.0777617569467441,0,0,0,0.967634300967634
0.3003003003003,8.88103222904224,0.429122767213908,1.20709296607903,0.821432973288896,6.72039506506566,0.0972144291359199,4.96186157155381,0,0,2.48275203766483,10,0,-62.062062062062,0,-58.0580580580581,2.002002002002,0.0778205818279443,0.0778205818279443,0.0778205818279443,0.0778205818279443,0.117358941503378,0.117358941503378,0.0778205818279443,0.0778205818279443,0,0,0,1.001001001001
0.31031031031031,8.88895418987188,0.42074406150287,1.18682055030569,0.793093065266228,6.71600147492256,0.0870102722346775,4.91860306963455,0,0,2.50348119831957,10,0,-64.1307974641308,0,-59.9933266599933,2.06873540206873,0.077868465017179,0.077868465017179,0.077868465017179,0.077868465017179,0.117359262614909,0.117359262614909,0.077868465017179,0.077868465017179,0,0,0,1.03436770103437
0.32032032032032,8.89728208271565,0.412676738348151,1.16685039809367,0.765961896145921,6.7120715486703,0.0778750010387906,4.87696766293491,0,0,2.52319078084253,10,0,-66.1995328661995,0,-61.9285952619286,2.13546880213547,0.0779074357165771,0.0779074357165771,0.0779074357165771,0.0779074357165771,0.117359476693104,0.117359476693104,0.0779074357165771,0.0779074357165771,0,0,0,1.06773440106773
0.33033033033033,8.90595294141088,0.404904616385957,1.14717855759952,0.739973719258634,6.70855623536257,0.069696477764027,4.83686959225353,0,0,2.54196388460364,10,0,-68.2682682682683,0,-63.8638638638639,2.2022022022022,0.0779391508618878,0.0779391508618878,0.0779391508618878,0.0779391508618878,0.117359619989082,0.117359619989082,0.0779391508618878,0.0779391508618878,0,0,0,1.1011011011011
0.34034034034034,8.91491052749215,0.39741257671292,1.12780122182147,0.715067307092439,6.70541172447124,0.0623744375372654,4.79822892005296,0,0,2.55987567397345,10,0,-70.337003670337,0,-65.7991324657991,2.26893560226894,0.0779649596491759,0.0779649596491759,0.0779649596491759,0.0779649596491759,0.117359716006801,0.117359716006801,0.0779649596491759,0.0779649596491759,0,0,0,1.13446780113447
0.35035035035035,8.92410461598439,0.390186479056319,1.10871470784191,0.691185572286046,6.70259887244585,0.0558192008023569,4.76097104681215,0,0,2.57699419711739,10,0,-72.4057390724057,0,-67.7344010677344,2.33566900233567,0.0779859608048346,0.0779859608048346,0.0779859608048346,0.0779859608048346,0.11735977998363,0.11735977998363,0.0779859608048346,0.0779859608048346,0,0,0,1.16783450116783
0.36036036036036,8.93349036103642,0.383213085560589,1.08991543894125,0.668275225675199,6.70008269479065,0.049950531749024,4.72502627425508,0,0,2.59338111446174,10,0,-74.4744744744745,0,-69.6696696696697,2.4024024024024,0.0780030492715897,0.0780030492715897,0.0780030492715897,0.0780030492715897,0.117359822902827,0.117359822902827,0.0780030492715897,0.0780030492715897,0,0,0,1.2012012012012
0.37037037037037,8.94302773297151,0.376479991492909,1.07139992925343,0.646286467679323,6.69783191664094,0.0446966272388846,4.69032941079923,0,0,2.60909234628216,10,0,-76.5432098765432,0,-71.6049382716049,2.46913580246914,0.0780169535075484,0.0780169535075484,0.0780169535075484,0.0780169535075484,0.117359851663395,0.117359851663395,0.0780169535075484,0.0780169535075484,0,0,0,1.23456790123457
0.38038038038038,8.95268101618164,0.369975562154907,1.0531647705866,0.625172709228704,6.69581857319549,0.0399932168904372,4.6568194144569,0,0,2.62417865107686,10,0,-78.611945278612,0,-73.5402068735402,2.53586920253587,0.0780282665330419,0.0780282665330419,0.0780282665330419,0.0780282665330419,0.117359870807876,0.117359870807876,0.0780282665330419,0.0780282665330419,0,0,0,1.26793460126793
0.39039039039039,8.96241836170586,0.363688875365096,1.03520662115492,0.60489031903116,6.69401765481794,0.0357827629154601,4.62443906915952,0,0,2.63868614177412,10,0,-80.6806806806807,0,-75.4754754754754,2.6026026026026,0.0780374710498581,0.0780374710498581,0.0780374710498581,0.0780374710498581,0.117359883674085,0.117359883674085,0.0780374710498581,0.0780374710498581,0,0,0,1.3013013013013
0.4004004004004,8.97221138785754,0.357609668950889,1.01752219596806,0.585398394315445,6.69240679131979,0.0320137475104437,4.59313469090129,0,0,2.65265674722351,10,0,-82.7494160827494,0,-77.4107440774107,2.66933600266934,0.0780449598948257,0.0780449598948257,0.0780449598948257,0.0780449598948257,0.117359892285745,0.117359892285745,0.0780449598948257,0.0780449598948257,0,0,0,1.33466800133467
0.41041041041041,8.98203482337792,0.351728292752321,1.00010825866371,0.566658552548485,6.69096597084507,0.0286400376399426,4.56285586054756,0,0,2.66612862520605,10,0,-84.8181514848182,0,-79.346012679346,2.73606940273607,0.0780510527689822,0.0780510527689822,0.0780510527689822,0.0780510527689822,0.117359898012487,0.117359898012487,0.0780510527689822,0.0780510527689822,0,0,0,1.36803470136804
0.42042042042042,8.99186618833291,0.346035664694825,0.982961614596525,0.548634741923399,6.68967728939133,0.0256203184105069,4.53355518052848,0,0,2.67913653237574,10,0,-86.8868868868869,0,-81.2812812812812,2.8028028028028,0.0780560098304245,0.0780560098304245,0.0780560098304245,0.0780560098304245,0.117359901870718,0.117359901870718,0.0780560098304245,0.0780560098304245,0,0,0,1.4014014014014
0.43043043043043,9.0016855085169,0.340523230537539,0.966079105019246,0.531293068675312,6.68852472746131,0.0229175872462021,4.5051880529641,0,0,2.69171215592632,10,0,-88.9556222889557,0,-83.2165498832165,2.86953620286954,0.0780600427724743,0.0780600427724743,0.0780600427724743,0.0780600427724743,0.117359904448155,0.117359904448155,0.0780600427724743,0.0780600427724743,0,0,0,1.43476810143477
0.44044044044044,9.01147505966464,0.335182926946248,0.949457602212872,0.514601639508398,6.68749395078685,0.0204987020675723,4.47771247705144,0,0,2.70388441117624,10,0,-91.0243576910244,0,-85.1518184851518,2.93626960293627,0.078063323847568,0.078063323847568,0.078063323847568,0.078063323847568,0.117359906161271,0.117359906161271,0.078063323847568,0.078063323847568,0,0,0,1.46813480146814
0.45045045045045,9.02121913821212,0.330007147577699,0.933094005440409,0.498530417614631,6.68657213243414,0.0183339774882769,4.45108886379072,0,0,2.71567970876978,10,0,-93.0930930930932,0,-87.087087087087,3.00300300300301,0.078065993209626,0.078065993209626,0.078065993209626,0.078065993209626,0.117359907318902,0.117359907318902,0.078065993209626,0.078065993209626,0,0,0,1.5015015015015
0.46046046046046,9.03090385573135,0.324988711895234,0.91698523761445,0.483051090936735,6.68574779392021,0.0163968237532933,4.42527986634468,0,0,2.72712219475898,10,0,-95.1618284951619,0,-89.0223556890223,3.06973640306974,0.0780681648927085,0.0780681648927085,0.0780681648927085,0.0780681648927085,0.117359908089828,0.117359908089828,0.0780681648927085,0.0780681648927085,0,0,0,1.53486820153487
0.47047047047047,9.04051695449871,0.32012083646488,0.901128242582425,0.468136951478247,6.68501066325028,0.0146634237610098,4.40025022451353,0,0,2.73823396645399,10,0,-97.2305638972306,0,-90.9576242909576,3.13646980313647,0.0780699316769738,0.0780699316769738,0.0780699316769738,0.0780699316769738,0.117359908602383,0.117359908602383,0.0780699316769738,0.0780699316769738,0,0,0,1.56823490156824
0.48048048048048,9.05004764194721,0.315397108506952,0.885519982945313,0.45376278459543,6.68435154802789,0.0131124440483555,4.37596662197444,0,0,2.74903526660053,10,0,-99.2992992992994,0,-92.8928928928928,3.20320320320321,0.0780713690485313,0.0780713690485313,0.0780713690485313,0.0780713690485313,0.11735990894991,0.11735990894991,0.0780713690485313,0.0780713690485313,0,0,0,1.6016016016016
0.49049049049049,9.05948644200686,0.310811461501125,0.870157438336041,0.439904767321463,6.68376222200208,0.0117247760877075,4.35239755507986,0,0,2.75954465815598,10,0,-101.368034701368,0,-94.8281614948281,3.26993660326994,0.0780725384222047,0.0780725384222047,0.0780725384222047,0.0780725384222047,0.117359909180287,0.117359909180287,0.0780725384222047,0.0780725384222047,0,0,0,1.63496830163497
0.500500500500501,9.06882506156035,0.306358152663226,0.855037604093005,0.426540374875136,6.68323532360138,0.0104833046555059,4.32951321213759,0,0,2.76977918168342,10,0,-103.436770103437,0,-96.7634300967633,3.33667000333667,0.0780734897639538,0.0780734897639538,0.0780734897639538,0.0780734897639538,0.117359909333713,0.117359909333713,0.0780734897639538,0.0780734897639538,0,0,0,1.66833500166834
0.510510510510511,9.07805627043645,0.302031742130092,0.840157490272128,0.413648294595923,6.68276426516743,0.0093727003934989,4.30728536220853,0,0,2.77975449716133,10,0,-105.505505505506,0,-98.6986986986986,3.40340340340341,0.078074263724755,0.078074263724755,0.078074263724755,0.078074263724755,0.117359909438095,0.117359909438095,0.078074263724755,0.078074263724755,0,0,0,1.7017017017017
0.520520520520521,9.08717379353581,0.297827073704859,0.825514120947995,0.401208346626487,6.68234315174407,0.00837923400124806,4.28568725255797,0,0,2.78948501181134,10,0,-107.574240907574,0,-100.633967300634,3.47013680347014,0.0780748933769159,0.0780748933769159,0.0780748933769159,0.0780748933769159,0.117359909506854,0.117359909506854,0.0780748933769159,0.0780748933769159,0,0,0,1.73506840173507
0.530530530530531,9.09617221383567,0.2937392570294,0.811104533760752,0.389201410733614,6.68196670840424,0.00749060977869387,4.26469351398498,0,0,2.79898399537418,10,0,-109.642976309643,0,-102.569235902569,3.53687020353687,0.0780754056268129,0.0780754056268129,0.0780754056268129,0.0780754056268129,0.117359909552822,0.117359909552822,0.0780754056268129,0.0780754056268129,0,0,0,1.76843510176844
0.540540540540541,9.10504688515432,0.28976365106337,0.796925779670956,0.377609358720584,6.68163021520843,0.00669581648513459,4.24428007333252,0,0,2.80826368411136,10,0,-111.711711711712,0,-104.504504504504,3.60360360360361,0.0780758223643423,0.0780758223643423,0.0780758223643423,0.0780758223643423,0.117359909584184,0.117359909584184,0.0780758223643423,0.0780758223643423,0,0,0,1.8018018018018
0.550550550550551,9.11379385367517,0.285895848760767,0.782974922889308,0.366414991938927,6.68132944898683,0.00598499370009779,4.2244240725509,0,0,2.81733537467476,10,0,-113.780447113781,0,-106.43977310644,3.67033700367034,0.0780761613981296,0.0780761613981296,0.0780761613981296,0.0780761613981296,0.117359909604675,0.117359909604675,0.0780761613981296,0.0780761613981296,0,0,0,1.83516850183517
0.560560560560561,9.12240978733566,0.282131662845093,0.769249040952462,0.355601983456386,6.68106063122488,0.005349312065857,4.20510379374862,0,0,2.82620950886679,10,0,-115.849182515849,0,-108.375041708375,3.73707040373707,0.0780764372164139,0.0780764372164139,0.0780764372164139,0.0780764372164139,0.117359909618467,0.117359909618467,0.0780764372164139,0.0780764372164139,0,0,0,1.86853520186854
0.570570570570571,9.13089191228038,0.2784671125934,0.755745224919764,0.345154824481325,6.6808203814093,0.00478086596384004,4.18629858972033,0,0,2.83489575020646,10,0,-117.917917917918,0,-110.31031031031,3.80380380380381,0.0780766616060957,0.0780766616060957,0.0780766616060957,0.0780766616060957,0.11735990962789,0.11735990962789,0.0780766616060957,0.0780766616060957,0,0,0,1.9019019019019
0.580580580580581,9.13923795566098,0.274898411547694,0.742460579669077,0.335058774682576,6.68060567526039,0.00427257733053518,4.16798881949017,0,0,2.84340305312226,10,0,-119.986653319987,0,-112.245578912245,3.87053720387054,0.0780768441563812,0.0780768441563812,0.0780768441563812,0.0780768441563812,0.117359909633986,0.117359909633986,0.0780768441563812,0.0780768441563812,0,0,0,1.93526860193527
0.590590590590591,9.14744609414001,0.271421956079547,0.729392224272667,0.325299816078273,6.68041380733763,0.00381810945501239,4.15015578845312,0,0,2.85173972550778,10,0,-122.055388722056,0,-114.180847514181,3.93727060393727,0.0780769926685329,0.0780769926685329,0.0780769926685329,0.0780769926685329,0.117359909638133,0.117359909638133,0.0780769926685329,0.0780769926685329,0,0,0,1.96863530196864
0.600600600600601,9.1555149075224,0.268034314740443,0.716537292436685,0.315864610198072,6.68024235756017,0.00341178972182076,4.13278169273594,0,0,2.85991348530048,10,0,-124.124124124124,0,-116.116116116116,4.00400400400401,0.0780771134892292,0.0780771134892292,0.0780771134892292,0.0780771134892292,0.117359909640962,0.117359909640962,0.0780771134892292,0.0780771134892292,0,0,0,2.002002002002
0.610610610610611,9.16344333699711,0.264732218336326,0.703892932989976,0.306740458250845,6.680089161232,0.0030485403715227,4.11584956743473,0,0,2.8679315116766,10,0,-126.192859526193,0,-118.051384718051,4.07073740407074,0.0780772117817725,0.0780772117817725,0.0780772117817725,0.0780772117817725,0.117359909642772,0.117359909642772,0.0780772117817725,0.0780772117817725,0,0,0,2.03536870203537
0.620620620620621,9.17123064752515,0.261512550670239,0.69145631040988,0.297915264054643,6.67995228220526,0.00272381644798444,4.09934323841719,0,0,2.87580049139473,10,0,-128.261594928262,0,-119.986653319986,4.13747080413747,0.0780772917467326,0.0780772917467326,0.0780772917467326,0.0780772917467326,0.117359909644023,0.117359909644023,0.0780772917467326,0.0780772917467326,0,0,0,2.06873540206874
0.630630630630631,9.17887639395705,0.258372339901808,0.679224605374425,0.289377499507995,6.67982998885333,0.00243355018807427,4.08324727740653,0,0,2.88352666076672,10,0,-130.33033033033,0,-121.921921921922,4.20420420420421,0.0780773568014518,0.0780773568014518,0.0780773568014518,0.0780773568014518,0.117359909644871,0.117359909644871,0.0780773568014518,0.0780773568014518,0,0,0,2.1021021021021
0.640640640640641,9.18638039050557,0.255308750476718,0.667195015331786,0.28111617240154,6.67972073256015,0.00217410118677746,4.06754696008898,0,0,2.89111584368593,10,0,-132.399065732399,0,-123.857190523857,4.27093760427094,0.078077409726082,0.078077409726082,0.078077409726082,0.078077409726082,0.117359909645407,0.117359909645407,0.078077409726082,0.078077409726082,0,0,0,2.13546880213547
0.650650650650651,9.19374268323761,0.252319075583334,0.655364755079225,0.273120796386954,6.67962312846274,0.0019422117399342,4.05222822700993,0,0,2.89857348609983,10,0,-134.467801134468,0,-125.792459125792,4.33767100433767,0.0780774527823924,0.0780774527823924,0.0780774527823924,0.0780774527823924,0.117359909645786,0.117359909645786,0.0780774527823924,0.0780774527823924,0,0,0,2.16883550216884
0.660660660660661,9.20096352528313,0.249400730097199,0.643731057344847,0.265381362936332,6.67953593821164,0.00173496682873501,4.03727764704441,0,0,2.90590468727483,10,0,-136.536536536537,0,-127.727727727728,4.40440440440441,0.0780774878104255,0.0780774878104255,0.0780774878104255,0.0780774878104255,0.11735990964604,0.11735990964604,0.0780774878104255,0.0780774878104255,0,0,0,2.2022022022022
0.670670670670671,9.20804335448958,0.246551243977448,0.632291173366559,0.257888315139725,6.67945805453839,0.00154975826555657,4.02268238324614,0,0,2.91311422816642,10,0,-138.605271938605,0,-129.662996329663,4.47113780447114,0.0780775163071316,0.0780775163071316,0.0780775163071316,0.0780775163071316,0.117359909646198,0.117359909646198,0.0780775163071316,0.0780775163071316,0,0,0,2.23556890223557
0.680680680680681,9.21498277327799,0.243768256082118,0.621042373463462,0.25063252320175,6.67938848744137,0.00138425257038629,4.0084301608963,0,0,2.92020659717644,10,0,-140.674007340674,0,-131.598264931598,4.53787120453787,0.0780775394903405,0.0780775394903405,0.0780775394903405,0.0780775394903405,0.117359909646314,0.117359909646314,0.0780775394903405,0.0780775394903405,0,0,0,2.26893560226894
0.690690690690691,9.22178253046606,0.24104950836701,0.609981947596224,0.243605261490137,6.67932635181067,0.00123636216784439,3.99450923756225,0,0,2.92718601357071,10,0,-142.742742742743,0,-133.533533533533,4.6046046046046,0.0780775583508447,0.0780775583508447,0.0780775583508447,0.0780775583508447,0.117359909646389,0.117359909646389,0.0780775583508447,0.0780775583508447,0,0,0,2.3023023023023
0.700700700700701,9.228443504957,0.238392840471117,0.59910720591009,0.236798187141882,6.67927085640569,0.00110421971003423,3.98090837517574,0,0,2.9340564486618,10,0,-144.811478144812,0,-135.468802135469,4.67133800467134,0.0780775736945525,0.0780775736945525,0.0780775736945525,0.0780775736945525,0.117359909646436,0.117359909646436,0.0780775736945525,0.0780775736945525,0,0,0,2.33566900233567
0.710710710710711,9.23496669073509,0.235796184534318,0.588415479270805,0.230203319612952,6.67922129379229,0.000986154614591444,3.96761681333086,0,0,2.94082164545979,10,0,-146.88021354688,0,-137.404070737404,4.73807140473807,0.0780775861774987,0.0780775861774987,0.0780775861774987,0.0780775861774987,0.11735990964647,0.11735990964647,0.0780775861774987,0.0780775861774987,0,0,0,2.36903570236904
0.720720720720721,9.24135318385382,0.233257560515777,0.57790411976101,0.223813022225381,6.67917703168464,0.000880672861210321,3.95462424517941,0,0,2.9474851358694,10,0,-148.948948948949,0,-139.339339339339,4.8048048048048,0.0780775963331755,0.0780775963331755,0.0780775963331755,0.0780775963331755,0.117359909646494,0.117359909646494,0.0780775963331755,0.0780775963331755,0,0,0,2.4024024024024
0.730730730730731,9.24760417052376,0.230775071736617,0.567570501162387,0.217619984611392,6.67913750508477,0.000786438631055308,3.94192079448786,0,0,2.95405025657725,10,0,-151.017684351018,0,-141.274607941274,4.87153820487154,0.0780776045950665,0.0780776045950665,0.0780776045950665,0.0780776045950665,0.117359909646508,0.117359909646508,0.0780776045950665,0.0780776045950665,0,0,0,2.43576910243577
0.740740740740741,9.25372091583506,0.228346900507333,0.557412019433399,0.21161720550913,6.67910220888973,0.000702257028643141,3.929496993146,0,0,2.96052016422422,10,0,-153.086419753086,0,-143.20987654321,4.93827160493827,0.0780776113163556,0.0780776113163556,0.0780776113163556,0.0780776113163556,0.117359909646518,0.117359909646518,0.0780776113163556,0.0780776113163556,0,0,0,2.46913580246914
0.750750750750751,9.25970475417169,0.225971304204427,0.547426093143594,0.205797977347239,6.67907069167401,0.00062705953709644,3.91734376100387,0,0,2.96689784848029,10,0,-155.155155155155,0,-145.145145145145,5.005005005005,0.0780776167843531,0.0780776167843531,0.0780776167843531,0.0780776167843531,0.117359909646525,0.117359909646525,0.0780776167843531,0.0780776167843531,0,0,0,2.5025025025025
0.760760760760761,9.26555708040154,0.223646611533857,0.537610163887655,0.200155871570355,6.67904255001874,0.000559890741595026,3.90545238667055,0,0,2.97318614417696,10,0,-157.223890557224,0,-147.08041374708,5.07173840507174,0.0780776212327417,0.0780776212327417,0.0780776212327417,0.0780776212327417,0.117359909646529,0.117359909646529,0.0780776212327417,0.0780776212327417,0,0,0,2.53586920253587
0.770770770770771,9.27127934190232,0.221371219006023,0.52796169667496,0.194684724805679,6.67901742342239,0.000499896405064189,3.89381450940631,0,0,2.9793877424167,10,0,-159.292625959293,0,-149.015682349015,5.13847180513847,0.0780776248516493,0.0780776248516493,0.0780776248516493,0.0780776248516493,0.117359909646532,0.117359909646532,0.0780776248516493,0.0780776248516493,0,0,0,2.56923590256923
0.780780780780781,9.27687303137383,0.219143587614745,0.518478180293833,0.189378625839586,6.67899498975459,0.000446312808432573,3.88242210206815,0,0,2.9855052007176,10,0,-161.361361361361,0,-150.950950950951,5.2052052052052,0.0780776277957485,0.0780776277957485,0.0780776277957485,0.0780776277957485,0.117359909646534,0.117359909646534,0.0780776277957485,0.0780776277957485,0,0,0,2.6026026026026
0.790790790790791,9.28233968034782,0.216962239706663,0.50915712765025,0.184231903348491,6.67897496118791,0.00039845720435593,3.87126745503678,0,0,2.99154095229527,10,0,-163.43009676343,0,-152.886219552886,5.27193860527194,0.0780776301908682,0.0780776301908682,0.0780776301908682,0.0780776301908682,0.117359909646536,0.117359909646536,0.0780776301908682,0.0780776301908682,0,0,0,2.63596930263597
0.800800800800801,9.28768085332982,0.214825756028613,0.499996076081098,0.179239114333686,6.67895708055904,0.000355719272376801,3.86034316105987,0,0,2.99749731456048,10,0,-165.498832165499,0,-154.821488154821,5.33867200533867,0.0780776321393756,0.0780776321393756,0.0780776321393756,0.0780776321393756,0.117359909646536,0.117359909646536,0.0780776321393756,0.0780776321393756,0,0,0,2.66933600266933
0.810810810810811,9.29289814251098,0.212732772941394,0.490992587642176,0.174395033213436,6.67894111811438,0.000317553471172476,3.84964210095119,0,0,3.00337649690545,10,0,-167.567567567568,0,-156.756756756756,5.4054054054054,0.0780776337245494,0.0780776337245494,0.0780776337245494,0.0780776337245494,0.117359909646537,0.117359909646537,0.0780776337245494,0.0780776337245494,0,0,0,2.7027027027027
0.820820820820821,9.29799316299459,0.210681979789218,0.482144249371236,0.169694641529132,6.67892686859949,0.00028347219401176,3.83915743008965,0,0,3.00918060784496,10,0,-169.636302969636,0,-158.692025358692,5.47213880547214,0.0780776350141396,0.0780776350141396,0.0780776350141396,0.0780776350141396,0.117359909646537,0.117359909646537,0.0780776350141396,0.0780776350141396,0,0,0,2.73606940273607
0.830830830830831,9.30296754848697,0.208672116414874,0.473448673526485,0.165133118225547,6.67891414865626,0.000253039643632365,3.8288825656665,0,0,3.01491166157167,10,0,-171.705038371705,0,-160.627293960627,5.53887220553887,0.0780776360632629,0.0780776360632629,0.0780776360632629,0.0780776360632629,0.117359909646538,0.117359909646538,0.0780776360632629,0.0780776360632629,0,0,0,2.76943610276943
0.840840840840841,9.30782294740813,0.206701970811399,0.464903497800993,0.160705830468142,6.67890279449542,0.000225866351362565,3.81881117463272,0,0,3.02057158397948,10,0,-173.773773773774,0,-162.562562562562,5.6056056056056,0.0780776369167587,0.0780776369167587,0.0780776369167587,0.0780776369167587,0.117359909646538,0.117359909646538,0.0780776369167587,0.0780776369167587,0,0,0,2.8028028028028
0.850850850850851,9.31256101938134,0.204770376901649,0.456506385513579,0.156408324963133,6.67889265981545,0.00020160427311899,3.80893716230204,0,0,3.02616221820344,10,0,-175.842509175842,0,-164.497831164498,5.67233900567233,0.0780776376111051,0.0780776376111051,0.0780776376111051,0.0780776376111051,0.117359909646538,0.117359909646538,0.0780776376111051,0.0780776376111051,0,0,0,2.83616950283617
0.860860860860861,9.31718343206537,0.202876212437813,0.448255025776754,0.152236319748459,6.67888361394188,0.000179942401915525,3.79925466156836,0,0,3.03168532972007,10,0,-177.911244577911,0,-166.433099766433,5.73907240573907,0.0780776381759784,0.0780776381759784,0.0780776381759784,0.0780776381759784,0.117359909646538,0.117359909646538,0.0780776381759784,0.0780776381759784,0,0,0,2.86953620286953
0.870870870870871,9.32169185829639,0.201018397013451,0.440147133642355,0.14818569642612,6.67887554016372,0.000160602842793119,3.78975802269924,0,0,3.03714261104781,10,0,-179.97997997998,0,-168.368368368368,5.8058058058058,0.0780776386355211,0.0780776386355211,0.0780776386355211,0.0780776386355211,0.117359909646538,0.117359909646538,0.0780776386355211,0.0780776386355211,0,0,0,2.9029029029029
0.880880880880881,9.32608797351,0.19919589018115,0.432180450225538,0.14425249280843,6.6788683342464,0.000143337301708763,3.78044180366981,0,0,3.04253568608332,10,0,-182.048715382049,0,-170.303636970303,5.87253920587253,0.0780776390093739,0.0780776390093739,0.0780776390093739,0.0780776390093739,0.117359909646538,0.117359909646538,0.0780776390093739,0.0780776390093739,0,0,0,2.93626960293627
0.890890890890891,9.33037345341859,0.197407689670949,0.42435274280776,0.140432895958817,6.6788619031034,0.000127923947554297,3.77130076101196,0,0,3.0478661141027,10,0,-184.117450784117,0,-172.238905572239,5.93927260593927,0.0780776393135146,0.0780776393135146,0.0780776393135146,0.0780776393135146,0.117359909646538,0.117359909646538,0.0780776393135146,0.0780776393135146,0,0,0,2.96963630296963
0.900900900900901,9.33454997191843,0.195652829702796,0.416661804919552,0.136723235600441,6.67885616360924,0.000114164606171858,3.76232984114429,0,0,3.05313539345923,10,0,-186.186186186186,0,-174.174174174174,6.006006006006,0.0780776395609406,0.0780776395609406,0.0780776395609406,0.0780776395609406,0.117359909646538,0.117359909646538,0.0780776395609406,0.0780776395609406,0,0,0,3.003003003003
0.910910910910911,9.33861919923221,0.193930379412568,0.409105456402609,0.133119977967056,6.67885104155421,0.000101882287817662,3.75352417228084,0,0,3.05834496495262,10,0,-188.254921588255,0,-176.109442776109,6.07273940607273,0.0780776397622165,0.0780776397622165,0.0780776397622165,0.0780776397622165,0.117359909646538,0.117359909646538,0.0780776397622165,0.0780776397622165,0,0,0,3.03636970303637
0.920920920920921,9.34258280007578,0.192239441216948,0.401681543459216,0.12961971941903,6.67884647061961,9.09187623813852e-05,3.74487905602821,0,0,3.06349621524806,10,0,-190.323656990324,0,-178.044711378044,6.13947280613947,0.0780776399259661,0.0780776399259661,0.0780776399259661,0.0780776399259661,0.117359909646538,0.117359909646538,0.0780776399259661,0.0780776399259661,0,0,0,3.06973640306973
0.930930930930931,9.34644243227321,0.190579149482525,0.394387938673757,0.126219181248101,6.67884239161171,8.11327451863457e-05,3.73638996054412,0,0,3.06859047957051,10,0,-192.392392392392,0,-179.97997997998,6.2062062062062,0.0780776400591891,0.0780776400591891,0.0780776400591891,0.0780776400591891,0.117359909646538,0.117359909646538,0.0780776400591891,0.0780776400591891,0,0,0,3.1031031031031
0.940940940940941,9.35019974537358,0.188948669157739,0.387222541021736,0.122915204330286,6.67883875169769,7.23980866441342e-05,3.72805251349439,0,0,3.07362904444695,10,0,-194.461127794461,0,-181.915248581915,6.27293960627293,0.0780776401675694,0.0780776401675694,0.0780776401675694,0.0780776401675694,0.117359909646538,0.117359909646538,0.0780776401675694,0.0780776401675694,0,0,0,3.13646980313647
0.950950950950951,9.35385637936092,0.187347194429976,0.380183275864179,0.119704743880027,6.67883550369583,6.4602089601162e-05,3.71986249514133,0,0,3.07861315034493,10,0,-196.52986319653,0,-183.85051718385,6.33967300633967,0.0780776402557414,0.0780776402557414,0.0780776402557414,0.0780776402557414,0.117359909646538,0.117359909646538,0.0780776402557414,0.0780776402557414,0,0,0,3.16983650316983
0.960960960960961,9.35741396357212,0.185773947504722,0.373268094923816,0.116584864682556,6.67883260548497,5.76441088196516e-05,3.71181583205937,0,0,3.08354399399934,10,0,-198.598598598598,0,-185.785785785785,6.4064064064064,0.0780776403274728,0.0780776403274728,0.0780776403274728,0.0780776403274728,0.117359909646538,0.117359909646538,0.0780776403274728,0.0780776403274728,0,0,0,3.2032032032032
0.970970970970971,9.36087411568986,0.184228177413511,0.366474976245883,0.113552736436444,6.67883001945477,5.14342463537833e-05,3.70390859099412,0,0,3.08842273065075,10,0,-200.667334000667,0,-187.721054387721,6.47313980647313,0.07807764038583,0.07807764038583,0.07807764038583,0.07807764038583,0.117359909646538,0.117359909646538,0.07807764038583,0.07807764038583,0,0,0,3.23656990323657
0.980980980980981,9.36423844087667,0.182709158921995,0.35980192414617,0.110605629487203,6.67882771203343,4.58922302371701e-05,3.69613697323523,0,0,3.09325047605517,10,0,-202.736069402736,0,-189.656322989656,6.53987320653987,0.0780776404333073,0.0780776404333073,0.0780776404333073,0.0780776404333073,0.117359909646538,0.117359909646538,0.0780776404333073,0.0780776404333073,0,0,0,3.26993660326993
0.990990990990991,9.367508530992,0.181216191476644,0.353246969143972,0.10774091070964,6.67882565326012,4.0946398831572e-05,3.68849730918354,0,0,3.09802830838739,10,0,-204.804804804805,0,-191.591591591591,6.6066066066066,0.0780776404719312,0.0780776404719312,0.0780776404719312,0.0780776404719312,0.117359909646538,0.117359909646538,0.0780776404719312,0.0780776404719312,0,0,0,3.3033033033033
1.001001001001,9.37068596385909,0.179748598160963,0.346808167881385,0.104956039427787,6.67882381638333,3.65327461737856e-05,3.68098605296638,0,0,3.10275727009856,10,0,-206.873540206873,0,-193.526860193526,6.67334000667333,0.0780776405033529,0.0780776405033529,0.0780776405033529,0.0780776405033529,0.117359909646538,0.117359909646538,0.0780776405033529,0.0780776405033529,0,0,0,3.33667000333667
1.01101101101101,9.37377230265329,0.178305724745247,0.340483603031053,0.102248563700528,6.67882217752364,3.25941202800112e-05,3.67359977753348,0,0,3.10743836957042,10,0,-208.942275608942,0,-195.462128795462,6.74007340674007,0.0780776405289155,0.0780776405289155,0.0780776405289155,0.0780776405289155,0.117359909646538,0.117359909646538,0.0780776405289155,0.0780776405289155,0,0,0,3.37003670337003
1.02102102102102,9.37676909535034,0.176886938771454,0.334271383191845,0.0996161167427008,6.67882071536671,2.90794926778167e-05,3.66633516993037,0,0,3.11207258268636,10,0,-211.011011011011,0,-197.397397397397,6.8068068068068,0.0780776405497115,0.0780776405497115,0.0780776405497115,0.0780776405497115,0.117359909646538,0.117359909646538,0.0780776405497115,0.0780776405497115,0,0,0,3.4034034034034
1.03103103103103,9.37967787423876,0.175491628679819,0.328169642773244,0.0970564135086981,6.67881941088807,2.594330357509e-05,3.65918902678501,0,0,3.11666085430818,10,0,-213.07974641308,0,-199.332665999332,6.87354020687353,0.0780776405666297,0.0780776405666297,0.0780776405666297,0.0780776405666297,0.117359909646538,0.117359909646538,0.0780776405666297,0.0780776405666297,0,0,0,3.43677010343677
1.04104104104104,9.38250015549233,0.174119202976484,0.322176541869122,0.0945672474357258,6.67881824710781,2.3144877620639e-05,3.65215825000385,0,0,3.12120409966207,10,0,-215.148481815148,0,-201.267934601268,6.94027360694026,0.0780776405803932,0.0780776405803932,0.0780776405803932,0.0780776405803932,0.117359909646538,0.117359909646538,0.0780776405803932,0.0780776405803932,0,0,0,3.47013680347013
1.05105105105105,9.38523743879737,0.172769089440614,0.316290266121595,0.0921464873406806,6.67881720887147,2.06479021047853e-05,3.64523984266962,0,0,3.12570320564043,10,0,-217.217217217217,0,-203.203203203203,7.007007007007,0.0780776405915903,0.0780776405915903,0.0780776405915903,0.0780776405915903,0.117359909646538,0.117359909646538,0.0780776405915903,0.0780776405915903,0,0,0,3.5035035035035
1.06106106106106,9.38789120702955,0.171440734368631,0.310509026575567,0.0897920744613835,6.67881628265449,1.84199608708431e-05,3.63843090512876,0,0,3.13015903202625,10,0,-219.285952619286,0,-205.138471805138,7.07374040707373,0.0780776406006993,0.0780776406006993,0.0780776406006993,0.0780776406006993,0.117359909646538,0.117359909646538,0.0780776406006993,0.0780776406006993,0,0,0,3.53687020353687
1.07107107107107,9.39046292598025,0.17013360186488,0.304831059526668,0.0875020196779728,6.6788154563901,1.64321240583978e-05,3.63172863131581,0,0,3.13457241262821,10,0,-221.354688021354,0,-207.073740407073,7.14047380714046,0.0780776406081094,0.0780776406081094,0.0780776406081094,0.0780776406081094,0.117359909646538,0.117359909646538,0.0780776406081094,0.0780776406081094,0,0,0,3.57023690357023
1.08108108108108,9.39295404410006,0.1688471731006,0.299254626347444,0.0852744006111541,6.67881471930079,1.46585461445726e-05,3.6251303049139,0,0,3.1389441564519,10,0,-223.423423423423,0,-209.009009009009,7.2072072072072,0.0780776406141378,0.0780776406141378,0.0780776406141378,0.0780776406141378,0.117359909646538,0.117359909646538,0.0780776406141378,0.0780776406141378,0,0,0,3.6036036036036
1.09109109109109,9.39536599232217,0.167580945706001,0.293778013326537,0.0831073592410405,6.67881406177243,1.30761656280039e-05,3.61863329620255,0,0,3.1432750486453,10,0,-225.492158825492,0,-210.944277610944,7.27394060727393,0.0780776406190425,0.0780776406190425,0.0780776406190425,0.0780776406190425,0.117359909646538,0.117359909646538,0.0780776406190425,0.0780776406190425,0,0,0,3.63697030363696
1.1011011011011,9.39770018389641,0.166334433142511,0.288399531490405,0.0809990994446964,6.67881347522882,1.16644055320001e-05,3.61223505879731,0,0,3.14756585147068,10,0,-227.560894227561,0,-212.879546212879,7.34067400734066,0.0780776406230326,0.0780776406230326,0.0780776406230326,0.0780776406230326,0.117359909646538,0.117359909646538,0.0780776406230326,0.0780776406230326,0,0,0,3.67033700367033
1.11111111111111,9.39995801424823,0.165107164083985,0.283117516414414,0.0789478845696584,6.67881295201527,1.04048954724668e-05,3.60593312643608,0,0,3.15181730525338,10,0,-229.629629629629,0,-214.814814814814,7.4074074074074,0.0780776406262786,0.0780776406262786,0.0780776406262786,0.0780776406262786,0.117359909646538,0.117359909646538,0.0780776406262786,0.0780776406262786,0,0,0,3.7037037037037
1.12112112112112,9.40214086087844,0.163898681847586,0.277930328031999,0.0769520352020869,6.67881248530142,9.2812395167297e-06,3.59972511002201,0,0,3.15603012924198,10,0,-231.698365031698,0,-216.75008341675,7.47414080747413,0.0780776406289195,0.0780776406289195,0.0780776406289195,0.0780776406289195,0.117359909646538,0.117359909646538,0.0780776406289195,0.0780776406289195,0,0,0,3.73707040373706
1.13113113113113,9.404250083286,0.162708543846004,0.27283635043703,0.0750099270169787,6.67881206899257,8.27880434286061e-06,3.59360869477424,0,0,3.16020502243097,10,0,-233.767100433767,0,-218.685352018685,7.54087420754086,0.0780776406310679,0.0780776406310679,0.0780776406310679,0.0780776406310679,0.117359909646538,0.117359909646538,0.0780776406310679,0.0780776406310679,0,0,0,3.77043710377043
1.14114114114114,9.40628702291512,0.161536321063055,0.267833991680485,0.0731199887196298,6.67881169765054,7.38453000625785e-06,3.58758163749882,0,0,3.16434266434135,10,0,-235.835835835836,0,-220.62062062062,7.6076076076076,0.0780776406328157,0.0780776406328157,0.0780776406328157,0.0780776406328157,0.117359909646538,0.117359909646538,0.0780776406328157,0.0780776406328157,0,0,0,3.8038038038038
1.15115115115115,9.40825300312465,0.160381597552085,0.262921683561949,0.0712807000758573,6.67881136642313,6.5867612832693e-06,3.58164176397638,0,0,3.16844371576133,10,0,-237.904571237904,0,-222.555889222555,7.67434100767433,0.0780776406342376,0.0780776406342376,0.0780776406342376,0.0780776406342376,0.117359909646538,0.117359909646538,0.0780776406342376,0.0780776406342376,0,0,0,3.83717050383716
1.16116116116116,9.41014932917775,0.159243969956017,0.258097881416334,0.0694905900264945,6.67881107098103,5.87509683708373e-06,3.57578696646078,0,0,3.17250881944991,10,0,-239.973306639973,0,-224.491157824491,7.74107440774106,0.0780776406353944,0.0780776406353944,0.0780776406353944,0.0780776406353944,0.117359909646538,0.117359909646538,0.0780776406353944,0.0780776406353944,0,0,0,3.87053720387053
1.17117117117117,9.41197728825015,0.158123047047986,0.253361063896209,0.0677482348820722,6.67881080746161,5.24025460270218e-06,3.57001520128342,0,0,3.17653860080566,10,0,-242.042042042042,0,-226.426426426426,7.80780780780779,0.0780776406363355,0.0780776406363355,0.0780776406363355,0.0780776406363355,0.117359909646538,0.117359909646538,0.0780776406363355,0.0780776406363355,0,0,0,3.9039039039039
1.18118118118118,9.41373814945544,0.157018449291541,0.24870973275009,0.0660522565937489,6.67881057241865,4.67395158476625e-06,3.56432448655789,0,0,3.18053366850293,10,0,-244.11077744411,0,-228.361695028361,7.87454120787453,0.0780776406371011,0.0780776406371011,0.0780776406371011,0.0780776406371011,0.117359909646538,0.117359909646538,0.0780776406371011,0.0780776406371011,0,0,0,3.93727060393726
1.19119119119119,9.41543316388599,0.155929808419467,0.244142412597052,0.0644013210967841,6.67881036277756,4.16879652721763e-06,3.55871289998032,0,0,3.1844946150975,10,0,-246.179512846179,0,-230.296963630296,7.94127460794126,0.0780776406377239,0.0780776406377239,0.0780776406377239,0.0780776406377239,0.117359909646538,0.117359909646538,0.0780776406377239,0.0780776406377239,0,0,0,3.97063730397063
1.2012012012012,9.41706356466807,0.154856767030317,0.239657650697984,0.0627941367230555,6.67881017579533,3.71819408965098e-06,3.55317857672066,0,0,3.18842201760364,10,0,-248.248248248248,0,-232.232232232232,8.00800800800799,0.0780776406382307,0.0780776406382307,0.0780776406382307,0.0780776406382307,0.117359909646538,0.117359909646538,0.0780776406382307,0.0780776406382307,0,0,0,4.004004004004
1.21121121121121,9.41863056703017,0.153798978201801,0.235254016723824,0.0612294526793137,6.67881000902481,3.31625929586988e-06,3.54771970740063,0,0,3.19231643804421,10,0,-250.316983650317,0,-234.167500834167,8.07474140807473,0.0780776406386429,0.0780776406386429,0.0780776406386429,0.0780776406386429,0.117359909646538,0.117359909646538,0.0780776406386429,0.0780776406386429,0,0,0,4.03737070403736
1.22122122122122,9.42013536838315,0.152756105120229,0.230930102521066,0.0597060575880439,6.67880986028291,2.9577411576764e-06,3.54233453615424,0,0,3.19617842397556,10,0,-252.385719052385,0,-236.102769436102,8.14147480814146,0.0780776406389783,0.0780776406389783,0.0780776406389783,0.0780776406389783,0.117359909646538,0.117359909646538,0.0780776406389783,0.0780776406389783,0,0,0,4.07073740407073
1.23123123123123,9.42157914841138,0.151727820725235,0.226684521874838,0.0582227780879799,6.67880972762206,2.63795449257376e-06,3.537021358767,0,0,3.20000850898855,10,0,-254.454454454454,0,-238.038038038038,8.20820820820819,0.0780776406392511,0.0780776406392511,0.0780776406392511,0.0780776406392511,0.117359909646538,0.117359909646538,0.0780776406392511,0.0780776406392511,0,0,0,4.1041041041041
1.24124124124124,9.42296306917387,0.150713807369072,0.222515910269841,0.0567784774914675,6.6788096093049,2.3527190585075e-06,3.53177852089009,0,0,3.20380721318722,10,0,-256.523189856523,0,-239.973306639973,8.27494160827493,0.0780776406394731,0.0780776406394731,0.0780776406394731,0.0780776406394731,0.117359909646538,0.117359909646538,0.0780776406394731,0.0780776406394731,0,0,0,4.13747080413746
1.25125125125125,9.42428827521451,0.149713756489783,0.218422924649394,0.05537205449603,6.67880950378159,2.09830522252706e-06,3.52660441632607,0,0,3.20757504364632,10,0,-258.591925258592,0,-241.908575241908,8.34167500834166,0.0780776406396537,0.0780776406396537,0.0780776406396537,0.0780776406396537,0.117359909646538,0.117359909646538,0.0780776406396537,0.0780776406396537,0,0,0,4.17083750417083
1.26126126126126,9.42555589368063,0.148727368297605,0.214404243172868,0.0540024419476255,6.67880940966958,1.87138546370776e-06,3.52149748538284,0,0,3.21131249484891,10,0,-260.66066066066,0,-243.843843843843,8.4084084084084,0.0780776406398006,0.0780776406398006,0.0780776406398006,0.0780776406398006,0.117359909646538,0.117359909646538,0.0780776406398006,0.0780776406398006,0,0,0,4.2042042042042
1.27127127127127,9.42676703444915,0.147754351473992,0.210458564971737,0.0526686056532178,6.67880932573561,1.66899108538137e-06,3.51645621329262,0,0,3.21502004910512,10,0,-262.729396062729,0,-245.779112445779,8.47514180847513,0.0780776406399201,0.0780776406399201,0.0780776406399201,0.0780776406399201,0.117359909646538,0.117359909646538,0.0780776406399201,0.0780776406399201,0,0,0,4.23757090423757
1.28128128128128,9.42792279025964,0.146794422882675,0.206584609904477,0.0513695432404095,6.6788092508796,1.48847357846791e-06,3.51147912869322,0,0,3.21869817695321,10,0,-264.798131464798,0,-247.714381047714,8.54187520854187,0.0780776406400173,0.0780776406400173,0.0780776406400173,0.0780776406400173,0.117359909646538,0.117359909646538,0.0780776406400173,0.0780776406400173,0,0,0,4.27093760427093
1.29129129129129,9.42902423685361,0.145847307292208,0.202781118310551,0.0501042830619999,6.67880918412025,1.327470137337e-06,3.50656480216848,0,0,3.22234733754364,10,0,-266.866866866866,0,-249.649649649649,8.6086086086086,0.0780776406400964,0.0780776406400964,0.0780776406400964,0.0780776406400964,0.117359909646538,0.117359909646538,0.0780776406400964,0.0780776406400964,0,0,0,4.3043043043043
1.3013013013013,9.43007243311948,0.144912737109474,0.199046850763673,0.0488718831434433,6.67880912458228,1.1838728829203e-06,3.50171184484546,0,0,3.22596797900738,10,0,-268.935602268935,0,-251.584918251584,8.67534200867533,0.0780776406401608,0.0780776406401608,0.0780776406401608,0.0780776406401608,0.117359909646538,0.117359909646538,0.0780776406401608,0.0780776406401608,0,0,0,4.33767100433767
1.31131131131131,9.43106842124276,0.143990452123664,0.195380587824569,0.047671430171284,6.67880907148493,1.05580139540984e-06,3.49691890704582,0,0,3.22956053880901,10,0,-271.004337671004,0,-253.52018685352,8.74207540874207,0.0780776406402131,0.0780776406402131,0.0780776406402131,0.0780776406402131,0.117359909646538,0.117359909646538,0.0780776406402131,0.0780776406402131,0,0,0,4.37103770437103
1.32132132132132,9.43201322686082,0.143080199260245,0.191781129793409,0.0465020385207463,6.67880902413183,9.41578201417829e-07,3.49218467698884,0,0,3.23312544408554,10,0,-273.073073073073,0,-255.455455455455,8.8088088088088,0.0780776406402557,0.0780776406402557,0.0780776406402557,0.0780776406402557,0.117359909646538,0.117359909646538,0.0780776406402557,0.0780776406402557,0,0,0,4.4044044044044
1.33133133133133,9.43290785922175,0.142181732344484,0.188247296462109,0.0453628493207457,6.67880898190181,8.39706898477412e-07,3.48750787954399,0,0,3.23666311197167,10,0,-275.141808475141,0,-257.39072405739,8.87554220887553,0.0780776406402903,0.0780776406402903,0.0780776406402903,0.0780776406402903,0.117359909646538,0.117359909646538,0.0780776406402903,0.0780776406402903,0,0,0,4.43777110443777
1.34134134134134,9.43375331134713,0.14129481187409,0.184777926866664,0.0442530295546774,6.67880894424087,7.48852633714682e-07,3.48288727503078,0,0,3.24017394991213,10,0,-277.21054387721,0,-259.325992659325,8.94227560894227,0.0780776406403185,0.0780776406403185,0.0780776406403185,0.0780776406403185,0.117359909646538,0.117359909646538,0.0780776406403185,0.0780776406403185,0,0,0,4.47113780447113
1.35135135135135,9.43455056019799,0.14041920480059,0.181371879039683,0.0431717711954201,6.67880891065484,6.67824683849195e-07,3.47832165806383,0,0,3.24365835596174,10,0,-279.279279279279,0,-261.261261261261,9.009009009009,0.0780776406403415,0.0780776406403415,0.0780776406403415,0.0780776406403415,0.117359909646538,0.117359909646538,0.0780776406403415,0.0780776406403415,0,0,0,4.5045045045045
1.36136136136136,9.43530056684382,0.139554684319033,0.178028029763276,0.042118290373069,6.678808880703,5.95560910769403e-07,3.47380985644128,0,0,3.24711671907388,10,0,-281.348014681348,0,-263.196529863196,9.07574240907574,0.0780776406403601,0.0780776406403601,0.0780776406403601,0.0780776406403601,0.117359909646538,0.117359909646538,0.0780776406403601,0.0780776406403601,0,0,0,4.53787120453787
1.37137137137137,9.43600427663413,0.138701029665673,0.174745274322444,0.0410918265739865,6.67880885399225,5.31113891124974e-07,3.46935073007458,0,0,3.25054941937776,10,0,-283.416750083416,0,-265.131798465131,9.14247580914247,0.0780776406403753,0.0780776406403753,0.0780776406403753,0.0780776406403753,0.117359909646538,0.117359909646538,0.0780776406403753,0.0780776406403753,0,0,0,4.57123790457124
1.38138138138138,9.43666261937235,0.137858025923289,0.171522526259111,0.0400916418698292,6.67880883017198,4.73638539987863e-07,3.46494316995801,0,0,3.25395682844526,10,0,-285.485485485485,0,-267.067067067066,9.2092092092092,0.0780776406403876,0.0780776406403876,0.0780776406403876,0.0780776406403876,0.117359909646538,0.117359909646538,0.0780776406403876,0.0780776406403876,0,0,0,4.6046046046046
1.39139139139139,9.43727650949168,0.137025463833795,0.168358717126927,0.0391170201752713,6.67880880892951,4.22381067933593e-07,3.46058609717612,0,0,3.2573393095476,10,0,-287.554220887554,0,-269.002335669002,9.27594260927594,0.0780776406403977,0.0780776406403977,0.0780776406403977,0.0780776406403977,0.117359909646538,0.117359909646538,0.0780776406403977,0.0780776406403977,0,0,0,4.63797130463797
1.4014014014014,9.43784684623272,0.136203139617846,0.165252796246969,0.0381672665332115,6.67880878998596,3.76669128129676e-07,3.45627846194757,0,0,3.26069721790247,10,0,-289.622956289622,0,-270.937604270937,9.34267600934267,0.0780776406404059,0.0780776406404059,0.0780776406404059,0.0780776406404059,0.117359909646538,0.117359909646538,0.0780776406404059,0.0780776406404059,0,0,0,4.67133800467134
1.41141141141141,9.43837451382242,0.135390854801132,0.162203730464458,0.0372417064263052,6.67880877309259,3.35903025409424e-07,3.45201924270388,0,0,3.26403090091199,10,0,-291.691691691691,0,-272.872872872872,9.40940940940941,0.0780776406404125,0.0780776406404125,0.0780776406404125,0.0780776406404125,0.117359909646538,0.117359909646538,0.0780776406404125,0.0780776406404125,0,0,0,4.7047047047047
1.42142142142142,9.4388603816544,0.134588416047075,0.159210503906599,0.0363396851137193,6.67880875802759,2.99547873053241e-07,3.4478074452015,0,0,3.26734069839194,10,0,-293.76042709376,0,-274.808141474808,9.47614280947614,0.0780776406404179,0.0780776406404179,0.0780776406404179,0.0780776406404179,0.117359909646538,0.117359909646538,0.0780776406404179,0.0780776406404179,0,0,0,4.73807140473807
1.43143143143143,9.43930530447006,0.133795634995666,0.156272117741655,0.0354605669920625,6.67880874459311,2.67126595271685e-07,3.44364210166595,0,0,3.27062694279262,10,0,-295.829162495829,0,-276.743410076743,9.54287620954288,0.0780776406404223,0.0780776406404223,0.0780776406404223,0.0780776406404223,0.117359909646538,0.117359909646538,0.0780776406404223,0.0780776406404223,0,0,0,4.77143810477144
1.44144144144144,9.43971012254064,0.133012328108182,0.153387589939341,0.0346037349794885,6.67880873261271,2.38213684342131e-07,3.43952226996667,0,0,3.27388995941184,10,0,-297.897897897897,0,-278.678678678678,9.60960960960961,0.0780776406404259,0.0780776406404259,0.0780776406404259,0.0780776406404259,0.117359909646538,0.117359909646538,0.0780776406404259,0.0780776406404259,0,0,0,4.8048048048048
1.45145145145145,9.44007566184969,0.132238316517537,0.150555955032648,0.0337685899220209,6.67880872192905,2.12429631134266e-07,3.4354470328213,0,0,3.27713006660013,10,0,-299.966633299966,0,-280.613947280613,9.67634300967634,0.0780776406404288,0.0780776406404288,0.0780776406404288,0.0780776406404288,0.117359909646538,0.117359909646538,0.0780776406404288,0.0780776406404288,0,0,0,4.83817150483817
1.46146146146146,9.44040273427599,0.131473425884029,0.147776263881161,0.0329545500211905,6.67880871240179,1.89435956494239e-07,3.4314154970282,0,0,3.28034757595882,10,0,-302.035368702035,0,-282.549215882549,9.74307640974308,0.0780776406404312,0.0780776406404312,0.0780776406404312,0.0780776406404312,0.117359909646538,0.117359909646538,0.0780776406404312,0.0780776406404312,0,0,0,4.87153820487154
1.47147147147147,9.44069213777672,0.130717486256276,0.145047583435974,0.0321610502821183,6.67880870390578,1.68930778755275e-07,3.42742679272609,0,0,3.28354279253103,10,0,-304.104104104104,0,-284.484484484484,9.80980980980981,0.0780776406404331,0.0780776406404331,0.0780776406404331,0.0780776406404331,0.117359909646538,0.117359909646538,0.0780776406404331,0.0780776406404331,0,0,0,4.9049049049049
1.48148148148148,9.44094465657057,0.129970331937106,0.142368996506256,0.0313875419812181,6.67880869632942,1.50644859604009e-07,3.4234800726797,0,0,3.28671601498608,10,0,-306.172839506172,0,-286.419753086419,9.87654320987654,0.0780776406404347,0.0780776406404347,0.0780776406404347,0.0780776406404347,0.117359909646538,0.117359909646538,0.0780776406404347,0.0780776406404347,0,0,0,4.93827160493827
1.49149149149149,9.44116106132082,0.129231801354221,0.139739601527561,0.0306334921527301,6.67880868957316,1.34338076746248e-07,3.41957451159041,0,0,3.2898675357974,10,0,-308.241574908241,0,-288.355021688354,9.94327660994328,0.0780776406404359,0.0780776406404359,0.0780776406404359,0.0780776406404359,0.117359909646538,0.117359909646538,0.0780776406404359,0.0780776406404359,0,0,0,4.97163830497164
1.5015015015015,9.4413421093182,0.128501736935425,0.137158512331926,0.0298983830933309,6.67880868354825,1.1979627736327e-07,3.41570930543085,0,0,3.29299764141446,10,0,-310.31031031031,0,-290.29029029029,10.01001001001,0.078077640640437,0.078077640640437,0.078077640640437,0.078077640640437,0.117359909646538,0.117359909646538,0.078077640640437,0.078077640640437,0,0,0,5.00500500500501
1.51151151151151,9.44148854466327,0.127779984988243,0.134624857919832,0.0291817118841045,6.67880867817553,1.06828471301476e-07,3.41188367080251,0,0,3.29610661242866,10,0,-312.379045712378,0,-292.225558892225,10.0767434100767,0.0780776406404378,0.0780776406404378,0.0780776406404378,0.0780776406404378,0.117359909646538,0.117359909646538,0.0780776406404378,0.0780776406404378,0,0,0,5.03837170503837
1.52152152152152,9.44160109844844,0.127066395583748,0.132137782234077,0.028482989929184,6.6788086733844,9.52643273580921e-08,3.40809684431552,0,0,3.29919472373374,10,0,-314.447781114447,0,-294.16082749416,10.1434768101435,0.0780776406404385,0.0780776406404385,0.0780776406404385,0.0780776406404385,0.117359909646538,0.117359909646538,0.0780776406404385,0.0780776406404385,0,0,0,5.07173840507174
1.53153153153153,9.44168048893927,0.126360822444433,0.129696443935619,0.0278017425104114,6.67880866911191,8.4951939970638e-08,3.4043480819897,0,0,3.30226224468068,10,0,-316.516516516516,0,-296.096096096095,10.2102102102102,0.0780776406404391,0.0780776406404391,0.0780776406404391,0.0780776406404391,0.117359909646538,0.117359909646538,0.0780776406404391,0.0780776406404391,0,0,0,5.10510510510511
1.54154154154154,9.4417274217551,0.12566312283596,0.127300016181432,0.0271375083573871,6.67880866530192,7.57558371388589e-08,3.40063665867596,0,0,3.30530943922751,10,0,-318.585251918585,0,-298.031364698031,10.2769436102769,0.0780776406404395,0.0780776406404395,0.0780776406404395,0.0780776406404395,0.117359909646538,0.117359909646538,0.0780776406404395,0.0780776406404395,0,0,0,5.13847180513847
1.55155155155155,9.4417425900489,0.124973157462646,0.124947686404419,0.0264898392323109,6.67880866190437,6.75552035503689e-08,3.39696186749743,0,0,3.30833656608404,10,0,-320.653987320653,0,-299.966633299966,10.3436770103437,0.0780776406404399,0.0780776406404399,0.0780776406404399,0.0780776406404399,0.117359909646538,0.117359909646538,0.0780776406404399,0.0780776406404399,0,0,0,5.17183850517184
1.56156156156156,9.44172667468613,0.124290790366527,0.12263865609543,0.0258582995290421,6.6788086588746,6.02422956858079e-08,3.39332301930943,0,0,3.31134387885192,10,0,-322.722722722722,0,-301.901901901901,10.4104104104104,0.0780776406404402,0.0780776406404402,0.0780776406404402,0.0780776406404402,0.117359909646538,0.117359909646538,0.0780776406404402,0.0780776406404402,0,0,0,5.20520520520521
1.57157157157157,9.44168034442271,0.123615888829864,0.120372140587409,0.0252424658858303,6.6788086561728,5.37210281822503e-08,3.38971944217758,0,0,3.31433162616002,10,0,-324.791458124791,0,-303.837170503836,10.4771438104772,0.0780776406404404,0.0780776406404404,0.0780776406404404,0.0780776406404404,0.117359909646538,0.117359909646538,0.0780776406404404,0.0780776406404404,0,0,0,5.23857190523858
1.58158158158158,9.44160425608184,0.122948323280958,0.118147368841717,0.024641926811195,6.67880865376348,4.79057129672317e-08,3.38615048087347,0,0,3.31730005179549,10,0,-326.86019352686,0,-305.772439105772,10.5438772105439,0.0780776406404406,0.0780776406404406,0.0780776406404406,0.0780776406404406,0.117359909646538,0.117359909646538,0.0780776406404406,0.0780776406404406,0,0,0,5.27193860527194
1.59159159159159,9.44149905472973,0.122287967203153,0.115963583236647,0.0240562823224505,6.67880865161497,4.27199346690212e-08,3.38261549638701,0,0,3.32024939483047,10,0,-328.928928928928,0,-307.707707707707,10.6106106106106,0.0780776406404408,0.0780776406404408,0.0780776406404408,0.0780776406404408,0.117359909646538,0.117359909646538,0.0780776406404408,0.0780776406404408,0,0,0,5.30530530530531
1.6016016016016,9.44136537385011,0.121634697046885,0.113820039358178,0.023485143596399,6.67880864969903,3.80955475874628e-08,3.37911386545505,0,0,3.32317988974484,10,0,-330.997664330997,0,-309.642976309642,10.6773440106774,0.0780776406404409,0.0780776406404409,0.0780776406404409,0.0780776406404409,0.117359909646538,0.117359909646538,0.0780776406404409,0.0780776406404409,0,0,0,5.33867200533868
1.61161161161161,9.44120383551743,0.120988392144686,0.111716005792963,0.0229281326317309,6.67880864799049,3.3971781096896e-08,3.37564498010551,0,0,3.32609176654493,10,0,-333.066399733066,0,-311.578244911578,10.7440774107441,0.0780776406404411,0.0780776406404411,0.0780776406404411,0.0780776406404411,0.117359909646538,0.117359909646538,0.0780776406404411,0.0780776406404411,0,0,0,5.37203870537204
1.62162162162162,9.44101505056881,0.120348934629007,0.109650763923606,0.0223848819226941,6.67880864646689,3.02944417689216e-08,3.37220824721656,0,0,3.32898525087858,10,0,-335.135135135134,0,-313.513513513513,10.8108108108108,0.0780776406404411,0.0780776406404411,0.0780776406404411,0.0780776406404411,0.117359909646538,0.117359909646538,0.0780776406404411,0.0780776406404411,0,0,0,5.40540540540541
1.63163163163163,9.44079961877453,0.119716209352771,0.107623607726216,0.0218550341436108,6.67880864510822,2.70152017664747e-08,3.36880308809014,0,0,3.33186056414649,10,0,-337.203870537203,0,-315.448782115448,10.8775442108776,0.0780776406404412,0.0780776406404412,0.0780776406404412,0.0780776406404412,0.117359909646538,0.117359909646538,0.0780776406404412,0.0780776406404412,0,0,0,5.43877210543878
1.64164164164164,9.44055812900713,0.119090103812541,0.105633843570279,0.0213382418438389,6.67880864389662,2.40909641882139e-08,3.36542893803943,0,0,3.33471792361006,10,0,-339.272605939272,0,-317.384050717383,10.9442776109443,0.0780776406404413,0.0780776406404413,0.0780776406404413,0.0780776406404413,0.117359909646538,0.117359909646538,0.0780776406404413,0.0780776406404413,0,0,0,5.47213880547215
1.65165165165165,9.44029115940901,0.118470508074212,0.103680790020837,0.0208341671527909,6.67880864281616,2.14832970482623e-08,3.36208524598971,0,0,3.33755754249595,10,0,-341.341341341341,0,-319.319319319319,11.011011011011,0.0780776406404413,0.0780776406404413,0.0780776406404413,0.0780776406404413,0.117359909646538,0.117359909646538,0.0780776406404413,0.0780776406404413,0,0,0,5.50550550550551
1.66166166166166,9.43999927755856,0.11785731470113,0.101763777643013,0.0203424814946413,6.67880864185266,1.91579284739358e-08,3.35877147409207,0,0,3.3403796300973,10,0,-343.410076743409,0,-321.254587921254,11.0777444110778,0.0780776406404414,0.0780776406404414,0.0780776406404414,0.0780776406404414,0.117359909646538,0.117359909646538,0.0780776406404414,0.0780776406404414,0,0,0,5.53887220553888
1.67167167167167,9.43968304063467,0.117250418684549,0.0998821488088646,0.0198628653123665,6.67880864099344,1.70842965049126e-08,3.3554870973496,0,0,3.34318439187192,10,0,-345.478812145478,0,-323.189856523189,11.1444778111445,0.0780776406404414,0.0780776406404414,0.0780776406404414,0.0780776406404414,0.117359909646538,0.117359909646538,0.0780776406404414,0.0780776406404414,0,0,0,5.57223890557225
1.68168168168168,9.43934299557971,0.116649717376334,0.0980352575065934,0.0193950078007768,6.67880864022723,1.52351475917698e-08,3.35223160325549,0,0,3.34597202953736,10,0,-347.547547547547,0,-325.125125125124,11.2112112112112,0.0780776406404414,0.0780776406404414,0.0780776406404414,0.0780776406404414,0.117359909646538,0.117359909646538,0.0780776406404414,0.0780776406404414,0,0,0,5.60560560560561
1.69169169169169,9.43897967926084,0.116055110423839,0.0962224691520993,0.0189386066482155,6.67880863954394,1.35861785292259e-08,3.34900449144276,0,0,3.34874274116322,10,0,-349.616282949616,0,-327.06039372706,11.277944611278,0.0780776406404414,0.0780776406404414,0.0780776406404414,0.0780776406404414,0.117359909646538,0.117359909646538,0.0780776406404414,0.0780776406404414,0,0,0,5.63897230563898
1.7017017017017,9.43859361862971,0.115466499706873,0.094443160402896,0.0184933677866102,6.67880863893461,1.2115717128077e-08,3.34580527334498,0,0,3.35149672126053,10,0,-351.685018351684,0,-328.995662328995,11.3446780113447,0.0780776406404414,0.0780776406404414,0.0780776406404414,0.0780776406404414,0.117359909646538,0.117359909646538,0.0780776406404414,0.0780776406404414,0,0,0,5.67233900567235
1.71171171171171,9.43818533088047,0.114883789276669,0.0926967189743803,0.0180590051495767,6.67880863839123,1.08044374371205e-08,3.34263347186789,0,0,3.35423416086849,10,0,-353.753753753753,0,-330.93093093093,11.4114114114114,0.0780776406404415,0.0780776406404415,0.0780776406404415,0.0780776406404415,0.117359909646538,0.117359909646538,0.0780776406404415,0.0780776406404415,0,0,0,5.70570570570571
1.72172172172172,9.43775532360611,0.114306885296806,0.0909825434584587,0.0176352404382883,6.67880863790666,9.63510577891126e-09,3.33948862107121,0,0,3.35695524763863,10,0,-355.822489155822,0,-332.866199532865,11.4781448114782,0.0780776406404415,0.0780776406404415,0.0780776406404415,0.0780776406404415,0.117359909646538,0.117359909646538,0.0780776406404415,0.0780776406404415,0,0,0,5.73907240573908
1.73173173173173,9.43730409495303,0.113735695985988,0.0893000431445269,0.0172218028948313,6.67880863747453,8.59235426691206e-09,3.33637026586055,0,0,3.35966016591646,10,0,-357.89122455789,0,-334.801468134801,11.5448782115449,0.0780776406404415,0.0780776406404415,0.0780776406404415,0.0780776406404415,0.117359909646538,0.117359909646538,0.0780776406404415,0.0780776406404415,0,0,0,5.77243910577245
1.74174174174174,9.43683213377397,0.113170131562639,0.0876486378428015,0.0168184290827836,6.67880863708917,7.66247883173231e-09,3.33327796168888,0,0,3.36234909682059,10,0,-359.959959959959,0,-336.736736736736,11.6116116116116,0.0780776406404415,0.0780776406404415,0.0780776406404415,0.0780776406404415,0.117359909646538,0.117359909646538,0.0780776406404415,0.0780776406404415,0,0,0,5.80580580580581
1.75175175175175,9.43633991977908,0.11261010419122,0.0860277577099959,0.0164248626747592,6.67880863674551,6.83325910540108e-09,3.3302112742673,0,0,3.36502221831971,10,0,-362.028695362028,0,-338.672005338671,11.6783450116784,0.0780776406404415,0.0780776406404415,0.0780776406404415,0.0780776406404415,0.117359909646538,0.117359909646538,0.0780776406404415,0.0780776406404415,0,0,0,5.83917250583918
1.76176176176176,9.43582792368533,0.112055527930235,0.0844368430773365,0.0160408542466758,6.67880863643904,6.09379779918458e-09,3.32716977928481,0,0,3.36767970530711,10,0,-364.097430764097,0,-340.607273940606,11.7450784117451,0.0780776406404415,0.0780776406404415,0.0780776406404415,0.0780776406404415,0.117359909646538,0.117359909646538,0.0780776406404415,0.0780776406404415,0,0,0,5.87253920587255
1.77177177177177,9.4352966073641,0.111506318681845,0.0828753442809093,0.0156661610785071,6.67880863616574,5.43437746607316e-09,3.32415306213672,0,0,3.37032172967315,10,0,-366.166166166165,0,-342.542542542542,11.8118118118118,0.0780776406404415,0.0780776406404415,0.0780776406404415,0.0780776406404415,0.117359909646538,0.117359909646538,0.0780776406404415,0.0780776406404415,0,0,0,5.90590590590592
1.78178178178178,9.43474642398702,0.110962394143049,0.0813427214943305,0.0153005469612973,6.678808635922,4.84633276706953e-09,3.32116071766137,0,0,3.3729484603756,10,0,-368.234901568234,0,-344.477811144477,11.8785452118786,0.0780776406404415,0.0780776406404415,0.0780776406404415,0.0780776406404415,0.117359909646538,0.117359909646538,0.0780776406404415,0.0780776406404415,0,0,0,5.93927260593928
1.79179179179179,9.43417781816999,0.110423673758362,0.0798384445637291,0.0149437820102167,6.67880863570465,4.32193656378467e-09,3.318192349885,0,0,3.37556006350793,10,0,-370.303636970303,0,-346.413079746412,11.9452786119453,0.0780776406404415,0.0780776406404415,0.0780776406404415,0.0780776406404415,0.117359909646538,0.117359909646538,0.0780776406404415,0.0780776406404415,0,0,0,5.97263930597265
1.8018018018018,9.43359122611542,0.109890078673949,0.078361992845031,0.0145956424834524,6.67880863551081,3.85429834125085e-09,3.31524757177436,0,0,3.3781567023656,10,0,-372.372372372372,0,-348.348348348348,12.012012012012,0.0780776406404415,0.0780776406404415,0.0780776406404415,0.0780776406404415,0.117359909646538,0.117359909646538,0.0780776406404415,0.0780776406404415,0,0,0,6.00600600600602
1.81181181181181,9.43298707575273,0.109361531693162,0.0769128550435335,0.0142559106067317,6.67880863533794,3.43727362666168e-09,3.31232600499683,0,0,3.38073853751058,10,0,-374.44110777444,0,-350.283616950283,12.0787454120788,0.0780776406404415,0.0780776406404415,0.0780776406404415,0.0780776406404415,0.117359909646538,0.117359909646538,0.0780776406404415,0.0780776406404415,0,0,0,6.03937270603938
1.82182182182182,9.43236578687697,0.108837957233427,0.0754905290557557,0.0139243744032854,6.67880863518378,3.06538321406446e-09,3.30942727968783,0,0,3.38330572683385,10,0,-376.509843176509,0,-352.218885552218,12.1454788121455,0.0780776406404415,0.0780776406404415,0.0780776406404415,0.0780776406404415,0.117359909646538,0.117359909646538,0.0780776406404415,0.0780776406404415,0,0,0,6.07273940607275
1.83183183183183,9.43172777128569,0.108319281284437,0.0740945218135518,0.0136008275290647,6.6788086350463,2.73374113374777e-09,3.30655103422529,0,0,3.38585842561633,10,0,-378.578578578578,0,-354.154154154153,12.2122122122122,0.0780776406404415,0.0780776406404415,0.0780776406404415,0.0780776406404415,0.117359909646538,0.117359909646538,0.0780776406404415,0.0780776406404415,0,0,0,6.10610610610612
1.84184184184184,9.43107343291402,0.10780543136761,0.0727243491304731,0.0132850691130348,6.67880863492369,2.43799041987051e-09,3.30369691501083,0,0,3.3883967865879,10,0,-380.647313980646,0,-356.089422756089,12.278945612279,0.0780776406404415,0.0780776406404415,0.0780776406404415,0.0780776406404415,0.117359909646538,0.117359909646538,0.0780776406404415,0.0780776406404415,0,0,0,6.13947280613948
1.85185185185185,9.43040316796795,0.107296336496758,0.0713795355503608,0.0129769036023704,6.67880863481434,2.17424583227194e-09,3.30086457625753,0,0,3.39092095998494,10,0,-382.716049382715,0,-358.024691358024,12.3456790123457,0.0780776406404415,0.0780776406404415,0.0780776406404415,0.0780776406404415,0.117359909646538,0.117359909646538,0.0780776406404415,0.0780776406404415,0,0,0,6.17283950617285
1.86186186186186,9.4297173650558,0.106791927139945,0.0700596141981575,0.0126761406123899,6.67880863471683,1.93904277972394e-09,3.29805367978407,0,0,3.3934310936061,10,0,-384.784784784784,0,-359.959959959959,12.4124124124124,0.0780776406404415,0.0780776406404415,0.0780776406404415,0.0780776406404415,0.117359909646538,0.117359909646538,0.0780776406404415,0.0780776406404415,0,0,0,6.20620620620622
1.87187187187187,9.42901640531793,0.106292135182466,0.068764126632916,0.0123825947810688,6.67880863462986,1.72929177333463e-09,3.29526389481494,0,0,3.39592733286669,10,0,-386.853520186853,0,-361.895228561894,12.4791458124792,0.0780776406404415,0.0780776406404415,0.0780776406404415,0.0780776406404415,0.117359909646538,0.117359909646538,0.0780776406404415,0.0780776406404415,0,0,0,6.23957290623959
1.88188188188188,9.42830066255465,0.105796893890937,0.0674926227029909,0.0120960856279769,6.6788086345523,1.54223781145222e-09,3.29249489778662,0,0,3.39840982085143,10,0,-388.922255588921,0,-363.83049716383,12.5458792125459,0.0780776406404415,0.0780776406404415,0.0780776406404415,0.0780776406404415,0.117359909646538,0.117359909646538,0.0780776406404415,0.0780776406404415,0,0,0,6.27293960627295
1.89189189189189,9.42757050335239,0.10530613787844,0.0662446604033947,0.0118164374174953,6.67880863448313,1.37542416220172e-09,3.28974637215942,0,0,3.40087869836578,10,0,-390.99099099099,0,-365.765765765765,12.6126126126126,0.0780776406404415,0.0780776406404415,0.0780776406404415,0.0780776406404415,0.117359909646538,0.117359909646538,0.0780776406404415,0.0780776406404415,0,0,0,6.30630630630632
1.9019019019019,9.42682628720804,0.104819803070697,0.065019805735298,0.011543479026167,6.67880863442144,1.22666006756397e-09,3.28701800823498,0,0,3.40333410398597,10,0,-393.059726393059,0,-367.7010343677,12.6793460126794,0.0780776406404415,0.0780776406404415,0.0780776406404415,0.0780776406404415,0.117359909646538,0.117359909646538,0.0780776406404415,0.0780776406404415,0,0,0,6.33967300633969
1.91191191191191,9.42606836665161,0.104337826673233,0.0638176325676562,0.0112770438140477,6.67880863436642,1.0939919444333e-09,3.28430950297897,0,0,3.40577617410751,10,0,-395.128461795128,0,-369.636302969635,12.7460794127461,0.0780776406404415,0.0780776406404415,0.0780776406404415,0.0780776406404415,0.117359909646538,0.117359909646538,0.0780776406404415,0.0780776406404415,0,0,0,6.37303970637305
1.92192192192192,9.42529708736709,0.103860147139499,0.0626377225009436,0.0110169694999225,6.67880863431736,9.75677704043147e-10,3.28162055984913,0,0,3.40820504299247,10,0,-397.197197197196,0,-371.571571571571,12.8128128128128,0.0780776406404415,0.0780776406404415,0.0780776406404415,0.0780776406404415,0.117359909646538,0.117359909646538,0.0780776406404415,0.0780776406404415,0,0,0,6.40640640640642
1.93193193193193,9.42451278831158,0.103386704139921,0.0614796647329727,0.0107630980402627,6.67880863427359,8.70163852130191e-10,3.27895088862816,0,0,3.41062084281554,10,0,-399.265932599265,0,-373.506840173506,12.8795462128796,0.0780776406404415,0.0780776406404415,0.0780776406404415,0.0780776406404415,0.117359909646538,0.117359909646538,0.0780776406404415,0.0780776406404415,0,0,0,6.43977310643979
1.94194194194194,9.42371580183269,0.102917438531849,0.0603430559267814,0.0105152755117996,6.67880863423457,7.76065068754872e-10,3.27630020526161,0,0,3.41302370370869,10,0,-401.334668001334,0,-375.442108775441,12.9462796129463,0.0780776406404415,0.0780776406404415,0.0780776406404415,0.0780776406404415,0.117359909646538,0.117359909646538,0.0780776406404415,0.0780776406404415,0,0,0,6.47313980647315
1.95195195195195,9.42290645378425,0.102452292330366,0.0592275000805644,0.0102733519975976,6.67880863419976,6.92145999288777e-10,3.27366823170039,0,0,3.41541375380482,10,0,-403.403403403402,0,-377.377377377376,13.013013013013,0.0780776406404415,0.0780776406404415,0.0780776406404415,0.0780776406404415,0.117359909646538,0.117359909646538,0.0780776406404415,0.0780776406404415,0,0,0,6.50650650650652
1.96196196196196,9.42208506364029,0.101991208679944,0.05813260839963,0.0100371814765133,6.67880863416871,6.17305017145263e-10,3.27105469574778,0,0,3.41779111928015,10,0,-405.472138805471,0,-379.312645979312,13.0797464130798,0.0780776406404415,0.0780776406404415,0.0780776406404415,0.0780776406404415,0.117359909646538,0.117359909646538,0.0780776406404415,0.0780776406404415,0,0,0,6.53987320653989
1.97197197197197,9.4212519446073,0.101534131826902,0.0570579991703605,0.00980662171592901,6.67880863414103,5.50559744749868e-10,3.26845933091095,0,0,3.42015592439545,10,0,-407.54087420754,0,-381.247914581247,13.1464798131465,0.0780776406404415,0.0780776406404415,0.0780776406404415,0.0780776406404415,0.117359909646538,0.117359909646538,0.0780776406404415,0.0780776406404415,0,0,0,6.57323990657326
1.98198198198198,9.42040740373488,0.101081007092661,0.0560032976361535,0.00958153416765815,6.67880863411633,4.91034142362166e-10,3.26588187625665,0,0,3.42250829153631,10,0,-409.609609609609,0,-383.183183183182,13.2132132132132,0.0780776406404415,0.0780776406404415,0.0780776406404415,0.0780776406404415,0.117359909646538,0.117359909646538,0.0780776406404415,0.0780776406404415,0,0,0,6.60660660660662
1.99199199199199,9.41955174202467,0.100631780847746,0.0549681358753242,0.00936178386691707,6.67880863409431,4.37946994973889e-10,3.26332207627102,0,0,3.42484834125227,10,0,-411.678345011677,0,-385.118451785117,13.27994661328,0.0780776406404415,0.0780776406404415,0.0780776406404415,0.0780776406404415,0.117359909646538,0.117359909646538,0.0780776406404415,0.0780776406404415,0,0,0,6.63997330663999
2.002002002002,9.41868525453764,0.10018640048653,0.0539521526809456,0.00914723933426743,6.67880863407466,3.90601645890243e-10,3.26077968072345,0,0,3.42717619229489,10,0,-413.747080413746,0,-387.053720387053,13.3466800133467,0.0780776406404415,0.0780776406404415,0.0780776406404415,0.0780776406404415,0.117359909646538,0.117359909646538,0.0780776406404415,0.0780776406404415,0,0,0,6.67334000667336
2.01201201201201,9.41780823049976,0.099744814402692,0.0529549934426045,0.00893777248043304,6.67880863405714,3.48376841993599e-10,3.25825444453426,0,0,3.42949196165495,10,0,-415.815815815815,0,-388.988988988988,13.4134134134134,0.0780776406404415,0.0780776406404415,0.0780776406404415,0.0780776406404415,0.117359909646538,0.117359909646538,0.0780776406404415,0.0780776406404415,0,0,0,6.70670670670672
2.02202202202202,9.416920953406,0.0993069719653568,0.0519763100300522,0.00873325851390001,6.67880863404152,3.10718570306591e-10,3.25574612764611,0,0,3.43179576459859,10,0,-417.884551217884,0,-390.924257590923,13.4801468134802,0.0780776406404415,0.0780776406404415,0.0780776406404415,0.0780776406404415,0.117359909646538,0.117359909646538,0.0780776406404415,0.0780776406404415,0,0,0,6.74007340674009
2.03203203203203,9.4160237011228,0.0988728234959082,0.0510157606787255,0.00853357585121168,6.67880863402758,2.77132778506976e-10,3.25325449489909,0,0,3.43408771470257,10,0,-419.953286619952,0,-392.859526192859,13.5468802135469,0.0780776406404415,0.0780776406404415,0.0780776406404415,0.0780776406404415,0.117359909646538,0.117359909646538,0.0780776406404415,0.0780776406404415,0,0,0,6.77344010677346
2.04204204204204,9.41511674598885,0.0984423202454448,0.050073009877118,0.00833860602987319,6.67880863401515,2.4717888367074e-10,3.25077931590926,0,0,3.43636792388859,10,0,-422.022022022021,0,-394.794794794794,13.6136136136136,0.0780776406404415,0.0780776406404415,0.0780776406404415,0.0780776406404415,0.117359909646538,0.117359909646538,0.0780776406404415,0.0780776406404415,0,0,0,6.80680680680682
2.05205205205205,9.4142003549144,0.0980154143728624,0.0491477282559773,0.00814823362378334,6.67880863400407,2.20463983885584e-10,3.24832036495063,0,0,3.43863650245676,10,0,-424.09075742409,0,-396.730063396729,13.6803470136804,0.0780776406404415,0.0780776406404415,0.0780776406404415,0.0780776406404415,0.117359909646538,0.117359909646538,0.0780776406404415,0.0780776406404415,0,0,0,6.84017350684019
2.06206206206206,9.41327478947891,0.097592058923542,0.0482395924793063,0.00796234616111421,6.67880863399418,1.96637696620256e-10,3.24587742084042,0,0,3.44089355911824,10,0,-426.159492826158,0,-398.665331998664,13.7470804137471,0.0780776406404415,0.0780776406404415,0.0780776406404415,0.0780776406404415,0.117359909646538,0.117359909646538,0.0780776406404415,0.0780776406404415,0,0,0,6.87354020687356
2.07207207207207,9.41234030602723,0.097172207808625,0.0473482851371459,0.00778083404456202,6.67880863398536,1.75387555977718e-10,3.24345026682753,0,0,3.443139201027,10,0,-428.228228228227,0,-400.6006006006,13.8138138138138,0.0780776406404415,0.0780776406404415,0.0780776406404415,0.0780776406404415,0.117359909646538,0.117359909646538,0.0780776406404415,0.0780776406404415,0,0,0,6.90690690690692
2.08208208208208,9.4113971557642,0.0967558157848565,0.0464734946401164,0.0076035904738949,6.67880863397749,1.56434908310217e-10,3.24103869048412,0,0,3.44537353381084,10,0,-430.296963630296,0,-402.535869202535,13.8805472138806,0.0780776406404415,0.0780776406404415,0.0780776406404415,0.0780776406404415,0.117359909646538,0.117359909646538,0.0780776406404415,0.0780776406404415,0,0,0,6.94027360694029
2.09209209209209,9.41044558484776,0.0963428384349805,0.0456149151156955,0.00743051137072631,6.67880863397047,1.39531252228442e-10,3.2386424836001,0,0,3.44759666160157,10,0,-432.365699032365,0,-404.47113780447,13.9472806139473,0.0780776406404415,0.0780776406404415,0.0780776406404415,0.0780776406404415,0.117359909646538,0.117359909646538,0.0780776406404415,0.0780776406404415,0,0,0,6.97364030697366
2.1021021021021,9.40948583448059,0.0959332321486676,0.044772246306209,0.00726149530544471,6.67880863396421,1.24454974881477e-10,3.23626144208067,0,0,3.44980868706454,10,0,-434.434434434433,0,-406.406406406405,14.0140140140141,0.0780776406404415,0.0780776406404415,0.0780776406404415,0.0780776406404415,0.117359909646538,0.117359909646538,0.0780776406404415,0.0780776406404415,0,0,0,7.00700700700703
2.11211211211211,9.40851814100024,0.0955269541039615,0.0439451934685133,0.00709644342623306,6.67880863395863,1.11008441595763e-10,3.23389536584657,0,0,3.45200971142729,10,0,-436.503169836502,0,-408.341675008341,14.0807474140808,0.0780776406404415,0.0780776406404415,0.0780776406404415,0.0780776406404415,0.117359909646538,0.117359909646538,0.0780776406404415,0.0780776406404415,0,0,0,7.04037370704039
2.12212212212212,9.40754273596778,0.0951239622492261,0.0431334672753456,0.00693525939011329,6.67880863395365,9.90154006085527e-11,3.2315440587371,0,0,3.45419983450765,10,0,-438.571905238571,0,-410.276943610276,14.1474808141475,0.0780776406404415,0.0780776406404415,0.0780776406404415,0.0780776406404415,0.117359909646538,0.117359909646538,0.0780776406404415,0.0780776406404415,0,0,0,7.07374040707376
2.13213213213213,9.40655984625508,0.0947242152855787,0.0423367837183206,0.00677784929595382,6.67880863394921,8.83186687752399e-11,3.22920732841583,0,0,3.45637915474103,10,0,-440.64064064064,0,-412.212212212211,14.2142142142143,0.0780776406404415,0.0780776406404415,0.0780776406404415,0.0780776406404415,0.117359909646538,0.117359909646538,0.0780776406404415,0.0780776406404415,0,0,0,7.10710710710713
2.14214214214214,9.40556969413058,0.0943276726497955,0.0415548640125505,0.00662412161937951,6.67880863394525,7.87780678251599e-11,3.22688498627878,0,0,3.45854776920708,10,0,-442.709376042708,0,-414.147480814146,14.280947614281,0.0780776406404415,0.0780776406404415,0.0780776406404415,0.0780776406404415,0.117359909646538,0.117359909646538,0.0780776406404415,0.0780776406404415,0,0,0,7.14047380714049
2.15215215215215,9.40457249734371,0.0939342944976728,0.0407874345028659,0.00647398714952622,6.67880863394172,7.02685840354526e-11,3.22457684736522,0,0,3.46070577365576,10,0,-444.778111444777,0,-416.082749416082,14.3476810143477,0.0780776406404415,0.0780776406404415,0.0780776406404415,0.0780776406404415,0.117359909646538,0.117359909646538,0.0780776406404415,0.0780776406404415,0,0,0,7.17384050717386
2.16216216216216,9.40356846920789,0.0935440416878323,0.0400342265716167,0.00632735892758335,6.67880863393856,6.26787271307299e-11,3.22228273027081,0,0,3.46285326253267,10,0,-446.846846846846,0,-418.018018018017,14.4144144144145,0.0780776406404415,0.0780776406404415,0.0780776406404415,0.0780776406404415,0.117359909646538,0.117359909646538,0.0780776406404415,0.0780776406404415,0,0,0,7.20720720720723
2.17217217217217,9.40255781868217,0.0931568757659557,0.0392949765480285,0.00618415218707033,6.67880863393575,5.59090668362559e-11,3.22000245706307,0,0,3.46499032900385,10,0,-448.915582248914,0,-419.953286619952,14.4811478144812,0.0780776406404415,0.0780776406404415,0.0780776406404415,0.0780776406404415,0.117359909646538,0.117359909646538,0.0780776406404415,0.0780776406404415,0,0,0,7.2405739072406
2.18218218218218,9.40154075045152,0.0927727589494362,0.0385694256190951,0.00604428429579413,6.67880863393324,4.98709278485508e-11,3.21773585319922,0,0,3.46711706497996,10,0,-450.984317650983,0,-421.888555221887,14.5478812145479,0.0780776406404415,0.0780776406404415,0.0780776406404415,0.0780776406404415,0.117359909646538,0.117359909646538,0.0780776406404415,0.0780776406404415,0,0,0,7.27394060727396
2.19219219219219,9.40051746500574,0.0923916541124347,0.0378573197419831,0.00590767469943722,6.67880863393101,4.44852260705281e-11,3.21548274744611,0,0,3.46923356113985,10,0,-453.053053053052,0,-423.823823823823,14.6146146146147,0.0780776406404415,0.0780776406404415,0.0780776406404415,0.0780776406404415,0.117359909646538,0.117359909646538,0.0780776406404415,0.0780776406404415,0,0,0,7.30730730730733
2.2022022022022,9.39948815871709,0.0920135247713277,0.0371584095579282,0.00577424486672661,6.67880863392901,3.96814308158467e-11,3.21324297180241,0,0,3.47133990695366,10,0,-455.121788455121,0,-425.759092425758,14.6813480146814,0.0780776406404415,0.0780776406404415,0.0780776406404415,0.0780776406404415,0.117359909646538,0.117359909646538,0.0780776406404415,0.0780776406404415,0,0,0,7.3406740073407
2.21221221221221,9.39845302391664,0.0916383350705361,0.0364724503076014,0.00564391823613652,6.67880863392723,3.53966393435559e-11,3.21101636142275,0,0,3.47343619070523,10,0,-457.190523857189,0,-427.694361027693,14.7480814147481,0.0780776406404415,0.0780776406404415,0.0780776406404415,0.0780776406404415,0.117359909646538,0.117359909646538,0.0780776406404415,0.0780776406404415,0,0,0,7.37404070737406
2.22222222222222,9.39741224896924,0.0912660497687238,0.0357992017479227,0.00551662016407861,6.67880863392565,3.15747515611089e-11,3.20880275454404,0,0,3.47552249951412,10,0,-459.259259259258,0,-429.629629629629,14.8148148148149,0.0780776406404415,0.0780776406404415,0.0780776406404415,0.0780776406404415,0.117359909646538,0.117359909646538,0.0780776406404415,0.0780776406404415,0,0,0,7.40740740740743
2.23223223223223,9.39636601834732,0.0908966342253535,0.0351384280703019,0.00539227787453528,6.67880863392423,2.81657340508529e-11,3.20660199241357,0,0,3.47759891935704,10,0,-461.327994661327,0,-431.564898231564,14.8815482148816,0.0780776406404415,0.0780776406404415,0.0780776406404415,0.0780776406404415,0.117359909646538,0.117359909646538,0.0780776406404415,0.0780776406404415,0,0,0,7.4407741074408
2.24224224224224,9.39531451270336,0.0905300543875917,0.0344898978202856,0.00527082041009301,6.67880863392297,2.51249637495002e-11,3.20441391921917,0,0,3.47966553508877,10,0,-463.396730063396,0,-433.500166833499,14.9482816149483,0.0780776406404415,0.0780776406404415,0.0780776406404415,0.0780776406404415,0.117359909646538,0.117359909646538,0.0780776406404415,0.0780776406404415,0,0,0,7.47414080747416
2.25225225225225,9.39425790894122,0.0901662767775504,0.0338533838185887,0.00515217858433394,6.67880863392184,2.24126426572804e-11,3.20223838202111,0,0,3.48172243046265,10,0,-465.465465465464,0,-435.435435435434,15.0150150150151,0.0780776406404415,0.0780776406404415,0.0780776406404415,0.0780776406404415,0.117359909646538,0.117359909646538,0.0780776406404415,0.0780776406404415,0,0,0,7.50750750750753
2.26226226226226,9.39319638028612,0.0898052684798572,0.0332286630834896,0.00503628493554559,6.67880863392083,1.99932758872649e-11,3.20007523068586,0,0,3.48376968815054,10,0,-467.534200867533,0,-437.37070403737,15.0817484150818,0.0780776406404415,0.0780776406404415,0.0780776406404415,0.0780776406404415,0.117359909646538,0.117359909646538,0.0780776406404415,0.0780776406404415,0,0,0,7.5408742075409
2.27227227227227,9.39213009635358,0.0894469971295428,0.032615516754569,0.00492307368170945,6.67880863391994,1.78352061980037e-11,3.1979243178215,0,0,3.48580738976231,10,0,-469.602936269602,0,-439.305972639305,15.1484818151485,0.0780776406404415,0.0780776406404415,0.0780776406404415,0.0780776406404415,0.117359909646538,0.117359909646538,0.0780776406404415,0.0780776406404415,0,0,0,7.57424090757427
2.28228228228228,9.39105922321701,0.0890914309002385,0.0320137300177721,0.00481248067673081,6.67880863391914,1.59101988950911e-11,3.19578549871498,0,0,3.48783561586499,10,0,-471.67167167167,0,-441.24124124124,15.2152152152153,0.0780776406404415,0.0780776406404415,0.0780776406404415,0.0780776406404415,0.117359909646538,0.117359909646538,0.0780776406404415,0.0780776406404415,0,0,0,7.60760760760763
2.29229229229229,9.38998392347426,0.0887385384926733,0.0314230920317727,0.00470444336787327,6.67880863391842,1.41930716493429e-11,3.19365863127081,0,0,3.4898544460013,10,0,-473.740407073739,0,-443.176509843175,15.281948615282,0.0780776406404415,0.0780776406404415,0.0780776406404415,0.0780776406404415,0.117359909646538,0.117359909646538,0.0780776406404415,0.0780776406404415,0,0,0,7.640974307641
2.3023023023023,9.38890435631297,0.0883882891234616,0.0308433958556204,0.00459890075436238,6.67880863391779,1.26613643696249e-11,3.19154357595154,0,0,3.49186395870796,10,0,-475.809142475808,0,-445.111778445111,15.3486820153487,0.0780776406404415,0.0780776406404415,0.0780776406404415,0.0780776406404415,0.117359909646538,0.117359909646538,0.0780776406404415,0.0780776406404415,0,0,0,7.67434100767437
2.31231231231231,9.38782067757479,0.0880406525141753,0.0302744383776508,0.0044957933471243,6.67880863391722,1.12950447948047e-11,3.18944019571966,0,0,3.49386423153339,10,0,-477.877877877877,0,-447.047047047046,15.4154154154155,0.0780776406404415,0.0780776406404415,0.0780776406404415,0.0780776406404415,0.117359909646538,0.117359909646538,0.0780776406404415,0.0780776406404415,0,0,0,7.70770770770773
2.32232232232232,9.38673303981848,0.08769559888069,0.0297160202456384,0.0043950631296262,6.67880863391671,1.00762459387105e-11,3.18734835598107,0,0,3.4958553410552,10,0,-479.946613279945,0,-448.982315648981,15.4821488154822,0.0780776406404415,0.0780776406404415,0.0780776406404415,0.0780776406404415,0.117359909646538,0.117359909646538,0.0780776406404415,0.0780776406404415,0,0,0,7.7410744077411
2.33233233233233,9.38564159238194,0.0873530989227977,0.0291679457981736,0.00429665351978625,6.67880863391626,8.98903194056278e-12,3.18526792452997,0,0,3.4978373628971,10,0,-482.015348682014,0,-450.917584250916,15.5488822155489,0.0780776406404415,0.0780776406404415,0.0780776406404415,0.0780776406404415,0.117359909646538,0.117359909646538,0.0780776406404415,0.0780776406404415,0,0,0,7.77444110777447
2.34234234234234,9.3845464814431,0.0870131238140806,0.0286300229972441,0.00420050933292211,6.67880863391586,8.0191892465951e-12,3.18319877149519,0,0,3.49981037174558,10,0,-484.084084084083,0,-452.852852852852,15.6156156156157,0.0780776406404415,0.0780776406404415,0.0780776406404415,0.0780776406404415,0.117359909646538,0.117359909646538,0.0780776406404415,0.0780776406404415,0,0,0,7.80780780780783
2.35235235235235,9.38344785007981,0.086675645192035,0.0281020633620016,0.00410657674570768,6.6788086339155,7.15404038140938e-12,3.1811407692879,0,0,3.50177444136616,10,0,-486.152819486152,0,-454.788121454787,15.6823490156824,0.0780776406404415,0.0780776406404415,0.0780776406404415,0.0780776406404415,0.117359909646538,0.117359909646538,0.0780776406404415,0.0780776406404415,0,0,0,7.8411745078412
2.36236236236236,9.38234583832862,0.0863406351484417,0.0275838819036951,0.00401480326110905,6.67880863391518,6.38227786440093e-12,3.17909379255066,0,0,3.50372964461925,10,0,-488.22155488822,0,-456.723390056722,15.7490824157491,0.0780776406404415,0.0780776406404415,0.0780776406404415,0.0780776406404415,0.117359909646538,0.117359909646538,0.0780776406404415,0.0780776406404415,0,0,0,7.87454120787457
2.37237237237237,9.38124058324258,0.0860080662199732,0.0270752970617525,0.00392513767427112,6.67880863391489,5.69381609123715e-12,3.17705771810777,0,0,3.50567605347571,10,0,-490.290290290289,0,-458.658658658657,15.8158158158159,0.0780776406404415,0.0780776406404415,0.0780776406404415,0.0780776406404415,0.117359909646538,0.117359909646538,0.0780776406404415,0.0780776406404415,0,0,0,7.90790790790793
2.38238238238238,9.38013221894795,0.0856779113790337,0.0265761306409918,0.00383753003932775,6.67880863391463,5.07965923636603e-12,3.17503242491686,0,0,3.50761373903203,10,0,-492.359025692358,0,-460.593927260593,15.8825492158826,0.0780776406404415,0.0780776406404415,0.0780776406404415,0.0780776406404415,0.117359909646538,0.117359909646538,0.0780776406404415,0.0780776406404415,0,0,0,7.9412746079413
2.39239239239239,9.37902087670001,0.0853501440248225,0.0260862077499433,0.00375193163710857,6.67880863391441,4.53178344296932e-12,3.17301779402176,0,0,3.50954277152523,10,0,-494.427761094426,0,-462.529195862528,15.9492826159493,0.0780776406404415,0.0780776406404415,0.0780776406404415,0.0780776406404415,0.117359909646538,0.117359909646538,0.0780776406404415,0.0780776406404415,0,0,0,7.97464130797467
2.4024024024024,9.37790668493776,0.0850247379746169,0.0256053567402658,0.00366829494371695,6.6788086339142,4.04303175442679e-12,3.17101370850652,0,0,3.51146322034736,10,0,-496.496496496495,0,-464.464464464463,16.0160160160161,0.0780776406404415,0.0780776406404415,0.0780776406404415,0.0780776406404415,0.117359909646538,0.117359909646538,0.0780776406404415,0.0780776406404415,0,0,0,8.00800800800804
2.41241241241241,9.37678976933775,0.0847016674552672,0.0251334091472382,0.00358657359995409,6.67880863391402,3.60702040869179e-12,3.16902005345063,0,0,3.51337515405975,10,0,-498.565231898564,0,-466.399733066398,16.0827494160828,0.0780776406404415,0.0780776406404415,0.0780776406404415,0.0780776406404415,0.117359909646538,0.117359909646538,0.0780776406404415,0.0780776406404415,0,0,0,8.0413747080414
2.42242242242242,9.3756702528669,0.0843809070948989,0.0246701996313095,0.00350672238156492,6.67880863391386,3.21805526619424e-12,3.16703671588531,0,0,3.5152786404069,10,0,-500.633967300633,0,-468.335001668334,16.1494828161495,0.0780776406404415,0.0780776406404415,0.0780776406404415,0.0780776406404415,0.117359909646538,0.117359909646538,0.0780776406404415,0.0780776406404415,0,0,0,8.07474140807477
2.43243243243243,9.37454825583437,0.0840624319148148,0.0242155659206896,0.00342869717028259,6.67880863391372,2.87105727494678e-12,3.165063584751,0,0,3.51717374633013,10,0,-502.702702702701,0,-470.270270270269,16.2162162162163,0.0780776406404415,0.0780776406404415,0.0780776406404415,0.0780776406404415,0.117359909646538,0.117359909646538,0.0780776406404415,0.0780776406404415,0,0,0,8.10810810810813
2.44244244244244,9.37342389594257,0.0837462173215936,0.0237693487549639,0.00335245492564869,6.67880863391359,2.56149599518413e-12,3.1631005508558,0,0,3.51906053798088,10,0,-504.77143810477,0,-472.205538872204,16.282949616283,0.0780776406404415,0.0780776406404415,0.0780776406404415,0.0780776406404415,0.117359909646538,0.117359909646538,0.0780776406404415,0.0780776406404415,0,0,0,8.1414748081415
2.45245245245245,9.37229728833715,0.0834322390993778,0.0233313918297148,0.00327795365758714,6.67880863391347,2.28533031167327e-12,3.16114750683501,0,0,3.52093908073377,10,0,-506.840173506839,0,-474.14080747414,16.3496830163497,0.0780776406404415,0.0780776406404415,0.0780776406404415,0.0780776406404415,0.117359909646538,0.117359909646538,0.0780776406404415,0.0780776406404415,0,0,0,8.17484150817486
2.46246246246246,9.3711685456562,0.0831204734023464,0.0229015417421335,0.00320515239971047,6.67880863391337,2.03895555618553e-12,3.15920434711172,0,0,3.52280943919933,10,0,-508.908908908908,0,-476.076076076075,16.4164164164165,0.0780776406404415,0.0780776406404415,0.0780776406404415,0.0780776406404415,0.117359909646538,0.117359909646538,0.0780776406404415,0.0780776406404415,0,0,0,8.20820820820823
2.47247247247247,9.3700377780785,0.0828108967473677,0.0224796479376058,0.00313401118333777,6.67880863391328,1.81915634675977e-12,3.15727096785827,0,0,3.52467167723654,10,0,-510.977644310976,0,-478.01134467801,16.4831498164832,0.0780776406404415,0.0780776406404415,0.0780776406404415,0.0780776406404415,0.117359909646538,0.117359909646538,0.0780776406404415,0.0780776406404415,0,0,0,8.2415749082416
2.48248248248248,9.36890509337092,0.0825034860068271,0.022065562657255,0.00306449101220415,6.6788086339132,1.62306452541678e-12,3.15534726695877,0,0,3.52652585796501,10,0,-513.046379713045,0,-479.946613279945,16.5498832165499,0.0780776406404415,0.0780776406404415,0.0780776406404415,0.0780776406404415,0.117359909646538,0.117359909646538,0.0780776406404415,0.0780776406404415,0,0,0,8.27494160827496
2.49249249249249,9.36777059693496,0.082198218401624,0.0216591408864273,0.00299655383784232,6.67880863391312,1.44812164289301e-12,3.15343314397253,0,0,3.528372043777,10,0,-515.115115115114,0,-481.881881881881,16.6166166166167,0.0780776406404415,0.0780776406404415,0.0780776406404415,0.0780776406404415,0.117359909646538,0.117359909646538,0.0780776406404415,0.0780776406404415,0,0,0,8.30830830830833
2.5025025025025,9.36663439185246,0.0818950714943357,0.0212602403041021,0.00293016253561729,6.67880863391306,1.29204549862751e-12,3.15152850009828,0,0,3.53021029634911,10,0,-517.183850517182,0,-483.817150483816,16.6833500166834,0.0780776406404415,0.0780776406404415,0.0780776406404415,0.0780776406404415,0.117359909646538,0.117359909646538,0.0780776406404415,0.0780776406404415,0,0,0,8.3416750083417
2.51251251251251,9.36549657893049,0.0815940231825413,0.0208687212332129,0.00286528088139605,6.678808633913,1.15280029744382e-12,3.14963323813949,0,0,3.53204067665376,10,0,-519.252585919251,0,-485.752419085751,16.7500834167501,0.0780776406404415,0.0780776406404415,0.0780776406404415,0.0780776406404415,0.117359909646538,0.117359909646538,0.0780776406404415,0.0780776406404415,0,0,0,8.37504170837506
2.52252252252252,9.36435725674538,0.0812950516923027,0.0204844465918638,0.00280187352883417,6.67880863391295,1.02857003181641e-12,3.1477472624703,0,0,3.53386324497046,10,0,-521.32132132132,0,-487.687687687686,16.8168168168169,0.0780776406404415,0.0780776406404415,0.0780776406404415,0.0780776406404415,0.117359909646538,0.117359909646538,0.0780776406404415,0.0780776406404415,0,0,0,8.40840840840843
2.53253253253253,9.363216521686,0.0809981355717978,0.0201072818454243,0.00273990598726242,6.6788086339129,9.17734740924728e-13,3.14587047900247,0,0,3.53567806089679,10,0,-523.390056723389,0,-489.622956289622,16.8835502168836,0.0780776406404415,0.0780776406404415,0.0780776406404415,0.0780776406404415,0.117359909646538,0.117359909646538,0.0780776406404415,0.0780776406404415,0,0,0,8.44177510844179
2.54254254254254,9.36207446799622,0.0807032536851031,0.0197370949594906,0.00267934460015635,6.67880863391286,8.18849335431075e-13,3.14400279515302,0,0,3.53748518335919,10,0,-525.458792125457,0,-491.558224891557,16.9502836169503,0.0780776406404415,0.0780776406404415,0.0780776406404415,0.0780776406404415,0.117359909646538,0.117359909646538,0.0780776406404415,0.0780776406404415,0,0,0,8.47514180847516
2.55255255255255,9.36093118781666,0.0804103852061195,0.019373756353696,0.00262015652417285,6.67880863391283,7.30624710568279e-13,3.14214411981274,0,0,3.53928467062353,10,0,-527.527527527526,0,-493.493493493492,17.0170170170171,0.0780776406404415,0.0780776406404415,0.0780776406404415,0.0780776406404415,0.117359909646538,0.117359909646538,0.0780776406404415,0.0780776406404415,0,0,0,8.50850850850853
2.56256256256256,9.35978677122555,0.08011950961264,0.0190171388563569,0.00256230970873777,6.67880863391279,6.5191090013154e-13,3.14029436331542,0,0,3.54107658030546,10,0,-529.596262929595,0,-495.428762095427,17.0837504170838,0.0780776406404415,0.0780776406404415,0.0780776406404415,0.0780776406404415,0.117359909646538,0.117359909646538,0.0780776406404415,0.0780776406404415,0,0,0,8.54187520854189
2.57257257257257,9.35864130627898,0.0798306066805531,0.0186671176599411,0.00250577287616943,6.67880863391276,5.81682050729462e-13,3.13845343740782,0,0,3.54286096938053,10,0,-531.664998331664,0,-497.364030697363,17.1504838171505,0.0780776406404415,0.0780776406404415,0.0780776406404415,0.0780776406404415,0.117359909646538,0.117359909646538,0.0780776406404415,0.0780776406404415,0,0,0,8.57524190857526
2.58258258258258,9.35749487905034,0.079543656478181,0.0183235702773423,0.00245051550232314,6.67880863391274,5.19023019514449e-13,3.1366212552204,0,0,3.54463789419414,10,0,-533.733733733732,0,-499.299299299298,17.2172172172173,0.0780776406404415,0.0780776406404415,0.0780776406404415,0.0780776406404415,0.117359909646538,0.117359909646538,0.0780776406404415,0.0780776406404415,0,0,0,8.60860860860863
2.59259259259259,9.35634757366904,0.0792586393607464,0.0179863764989486,0.00239650779774229,6.67880863391271,4.63117419895308e-13,3.13479773123873,0,0,3.54640741047127,10,0,-535.802469135801,0,-501.234567901233,17.283950617284,0.0780776406404415,0.0780776406404415,0.0780776406404415,0.0780776406404415,0.117359909646538,0.117359909646538,0.0780776406404415,0.0780776406404415,0,0,0,8.64197530864199
2.6026026026026,9.35519947235854,0.078975535964966,0.0176554183504906,0.00234372068930216,6.67880863391269,4.13236958714846e-13,3.13298278127558,0,0,3.54816957332601,10,0,-537.87120453787,0,-503.169836503168,17.3506840173507,0.0780776406404415,0.0780776406404415,0.0780776406404415,0.0780776406404415,0.117359909646538,0.117359909646538,0.0780776406404415,0.0780776406404415,0,0,0,8.67534200867536
2.61261261261261,9.35405065547367,0.0786943272037678,0.0173305800516558,0.00229212580233278,6.67880863391268,3.68731925301568e-13,3.13117632244373,0,0,3.54992443727091,10,0,-539.939939939938,0,-505.105105105104,17.4174174174174,0.0780776406404415,0.0780776406404415,0.0780776406404415,0.0780776406404415,0.117359909646538,0.117359909646538,0.0780776406404415,0.0780776406404415,0,0,0,8.70870870870872
2.62262262262262,9.35290120153725,0.0784149942611276,0.0170117479754562,0.00224169544320764,6.67880863391266,3.29022707899721e-13,3.12937827312937,0,0,3.55167205622617,10,0,-542.008675342007,0,-507.040373707039,17.4841508174842,0.0780776406404415,0.0780776406404415,0.0780776406404415,0.0780776406404415,0.117359909646538,0.117359909646538,0.0780776406404415,0.0780776406404415,0,0,0,8.74207540874209
2.63263263263263,9.35175118727607,0.0781375185870223,0.0166988106083351,0.00219240258238568,6.67880863391265,2.93592226443896e-13,3.12758855296617,0,0,3.55341248352857,10,0,-544.077410744076,0,-508.975642308974,17.5508842175509,0.0780776406404415,0.0780776406404415,0.0780776406404415,0.0780776406404415,0.117359909646538,0.117359909646538,0.0780776406404415,0.0780776406404415,0,0,0,8.77544210877545
2.64264264264264,9.35060068765618,0.0778618818924974,0.0163916585110021,0.0021442208378939,6.67880863391263,2.61979182650146e-13,3.12580708280994,0,0,3.55514577194033,10,0,-546.146146146145,0,-510.91091091091,17.6176176176176,0.0780776406404415,0.0780776406404415,0.0780776406404415,0.0780776406404415,0.117359909646538,0.117359909646538,0.0780776406404415,0.0780776406404415,0,0,0,8.80880880880882
2.65265265265265,9.34944977591749,0.077588066144845,0.0160901842799814,0.00209712445923869,6.67880863391262,2.33772039102515e-13,3.12403378471394,0,0,3.55687197365769,10,0,-548.214881548213,0,-512.846179512845,17.6843510176844,0.0780776406404415,0.0780776406404415,0.0780776406404415,0.0780776406404415,0.117359909646538,0.117359909646538,0.0780776406404415,0.0780776406404415,0,0,0,8.84217550884219
2.66266266266266,9.34829852360783,0.0773160535628901,0.0157942825098633,0.00205108831173416,6.67880863391261,2.08603648562702e-13,3.12226858190472,0,0,3.55859114031942,10,0,-550.283616950282,0,-514.78144811478,17.7510844177511,0.0780776406404415,0.0780776406404415,0.0780776406404415,0.0780776406404415,0.117359909646538,0.117359909646538,0.0780776406404415,0.0780776406404415,0,0,0,8.87554220887555
2.67267267267267,9.3471470006163,0.0770458266123815,0.0155038497562438,0.00200608786123605,6.6788086339126,1.86146463246564e-13,3.12051139875857,0,0,3.56030332301509,10,0,-552.352352352351,0,-516.716716716715,17.8178178178178,0.0780776406404415,0.0780776406404415,0.0780776406404415,0.0780776406404415,0.117359909646538,0.117359909646538,0.0780776406404415,0.0780776406404415,0,0,0,8.90890890890892
2.68268268268268,9.34599527520597,0.0767773680014861,0.0152187844993433,0.00196209915927031,6.67880863391259,1.66108261406032e-13,3.11876216077849,0,0,3.56200857229321,10,0,-554.42108775442,0,-518.651985318651,17.8845512178846,0.0780776406404415,0.0780776406404415,0.0780776406404415,0.0780776406404415,0.117359909646538,0.117359909646538,0.0780776406404415,0.0780776406404415,0,0,0,8.94227560894229
2.69269269269269,9.3448434140461,0.076510660676382,0.0149389871082902,0.00191909882854551,6.67880863391258,1.48228335328529e-13,3.11702079457175,0,0,3.56370693816924,10,0,-556.489823156488,0,-520.587253920586,17.9512846179513,0.0780776406404415,0.0780776406404415,0.0780776406404415,0.0780776406404415,0.117359909646538,0.117359909646538,0.0780776406404415,0.0780776406404415,0,0,0,8.97564230897565
2.7027027027027,9.34369148224363,0.07624568781695,0.0146643598060583,0.00187706404883873,6.67880863391258,1.32274090906904e-13,3.11528722782791,0,0,3.56539847013337,10,0,-558.558558558557,0,-522.522522522522,18.018018018018,0.0780776406404415,0.0780776406404415,0.0780776406404415,0.0780776406404415,0.117359909646538,0.117359909646538,0.0780776406404415,0.0780776406404415,0,0,0,9.00900900900902
2.71271271271271,9.34253954337414,0.0759824328325596,0.0143948066350473,0.00183597254324485,6.67880863391257,1.1803801432059e-13,3.11356138929744,0,0,3.56708321715826,10,0,-560.627293960626,0,-524.457791124457,18.0847514180848,0.0780776406404415,0.0780776406404415,0.0780776406404415,0.0780776406404415,0.117359909646538,0.117359909646538,0.0780776406404415,0.0780776406404415,0,0,0,9.04237570904238
2.72272272272272,9.34138765951226,0.0757208793579469,0.0141302334232941,0.00179580256477938,6.67880863391257,1.05334966173752e-13,3.11184320877074,0,0,3.56876122770651,10,0,-562.696029362695,0,-526.393059726392,18.1514848181515,0.0780776406404415,0.0780776406404415,0.0780776406404415,0.0780776406404415,0.117359909646538,0.117359909646538,0.0780776406404415,0.0780776406404415,0,0,0,9.07574240907575
2.73273273273273,9.34023589126143,0.0754610112491836,0.0138705477513036,0.00175653288332533,6.67880863391256,9.39997677216971e-14,3.11013261705771,0,0,3.57043254973809,10,0,-564.764764764763,0,-528.328328328327,18.2182182182182,0.0780776406404415,0.0780776406404415,0.0780776406404415,0.0780776406404415,0.117359909646538,0.117359909646538,0.0780776406404415,0.0780776406404415,0,0,0,9.10910910910912
2.74274274274274,9.33908429778321,0.0752028125797334,0.0136156589194894,0.0017181427729148,6.67880863391256,8.38850476389637e-14,3.10842954596782,0,0,3.57209723071758,10,0,-566.833500166832,0,-530.263596930263,18.284951618285,0.0780776406404415,0.0780776406404415,0.0780776406404415,0.0780776406404415,0.117359909646538,0.117359909646538,0.0780776406404415,0.0780776406404415,0,0,0,9.14247580914248
2.75275275275275,9.33793293682592,0.074946267636594,0.0133654779162117,0.00168061199933639,6.67880863391255,7.48593211913763e-14,3.10673392829054,0,0,3.57375531762128,10,0,-568.902235568901,0,-532.198865532198,18.3516850183517,0.0780776406404415,0.0780776406404415,0.0780776406404415,0.0780776406404415,0.117359909646538,0.117359909646538,0.0780776406404415,0.0780776406404415,0,0,0,9.17584250917585
2.76276276276276,9.33678186475288,0.0746913609165226,0.0131199173864035,0.00164392080805954,6.67880863391255,6.68052767147258e-14,3.10504569777634,0,0,3.57540685694421,10,0,-570.970970970969,0,-534.134134134133,18.4184184184184,0.0780776406404415,0.0780776406404415,0.0780776406404415,0.0780776406404415,0.117359909646538,0.117359909646538,0.0780776406404415,0.0780776406404415,0,0,0,9.20920920920921
2.77277277277277,9.33563113656997,0.0744380771223436,0.0128788916007735,0.00160804991246748,6.67880863391255,5.96182470143952e-14,3.10336478911804,0,0,3.57705189470692,10,0,-573.039706373038,0,-536.069402736069,18.4851518184852,0.0780776406404415,0.0780776406404415,0.0780776406404415,0.0780776406404415,0.117359909646538,0.117359909646538,0.0780776406404415,0.0780776406404415,0,0,0,9.24257590924258
2.78278278278278,9.33448080595283,0.0741864011593345,0.0126423164255759,0.00157298048239036,6.67880863391254,5.32048457187902e-14,3.10169113793261,0,0,3.57869047646227,10,0,-575.108441775107,0,-538.004671338004,18.5518852185519,0.0780776406404415,0.0780776406404415,0.0780776406404415,0.0780776406404415,0.117359909646538,0.117359909646538,0.0780776406404415,0.0780776406404415,0,0,0,9.27594260927595
2.79279279279279,9.3333309252734,0.0739363181316902,0.0124101092929365,0.0015386941329307,6.67880863391254,4.74817507765479e-14,3.10002468074345,0,0,3.58032264730198,10,0,-577.177177177176,0,-539.939939939939,18.6186186186186,0.0780776406404415,0.0780776406404415,0.0780776406404415,0.0780776406404415,0.117359909646538,0.117359909646538,0.0780776406404415,0.0780776406404415,0,0,0,9.30930930930931
2.8028028028028,9.33218154562609,0.0736878133390625,0.0121821891717262,0.00150517291357321,6.67880863391254,4.23746192114486e-14,3.09836535496295,0,0,3.58194845186313,10,0,-579.245912579244,0,-541.875208541875,18.6853520186854,0.0780776406404415,0.0780776406404415,0.0780776406404415,0.0780776406404415,0.117359909646538,0.117359909646538,0.0780776406404415,0.0780776406404415,0,0,0,9.34267600934268
2.81281281281281,9.33103271685335,0.0734408722731736,0.0119584765389711,0.00147239929757154,6.67880863391254,3.78171189649676e-14,3.09671309887556,0,0,3.58356793433452,10,0,-581.314647981313,0,-543.81047714381,18.7520854187521,0.0780776406404415,0.0780776406404415,0.0780776406404415,0.0780776406404415,0.117359909646538,0.117359909646538,0.0780776406404415,0.0780776406404415,0,0,0,9.37604270937604
2.82282282282282,9.32988448757081,0.0731954806145007,0.0117388933517897,0.00144035617160447,6.67880863391254,3.3750065186957e-14,3.09506785162121,0,0,3.5851811384629,10,0,-583.383383383382,0,-545.745745745745,18.8188188188188,0.0780776406404415,0.0780776406404415,0.0780776406404415,0.0780776406404415,0.117359909646538,0.117359909646538,0.0780776406404415,0.0780776406404415,0,0,0,9.40940940940941
2.83283283283283,9.32873690519199,0.0729516242290315,0.0115233630198481,0.00140902682569454,6.67880863391253,3.01206497000964e-14,3.09342955317906,0,0,3.58678810755914,10,0,-585.45211878545,0,-547.681014347681,18.8855522188856,0.0780776406404415,0.0780776406404415,0.0780776406404415,0.0780776406404415,0.117359909646538,0.117359909646538,0.0780776406404415,0.0780776406404415,0,0,0,9.44277610944278
2.84284284284284,9.32759001595241,0.072709289165088,0.0113118103783241,0.00137839494338193,6.67880863391253,2.68817535813788e-14,3.09179814435171,0,0,3.58838888450418,10,0,-587.520854187519,0,-549.616282949616,18.9522856189523,0.0780776406404415,0.0780776406404415,0.0780776406404415,0.0780776406404415,0.117359909646538,0.117359909646538,0.0780776406404415,0.0780776406404415,0,0,0,9.47614280947614
2.85285285285285,9.32644386493341,0.0724684616502166,0.0111041616613702,0.00134844459214713,6.67880863391253,2.39913338899566e-14,3.09017356674965,0,0,3.58998351175501,10,0,-589.589589589588,0,-551.551551551551,19.019019019019,0.0780776406404415,0.0780776406404415,0.0780776406404415,0.0780776406404415,0.117359909646538,0.117359909646538,0.0780776406404415,0.0780776406404415,0,0,0,9.50950950950951
2.86286286286286,9.32529849608538,0.0722291280881436,0.0109003444760669,0.00131916021407557,6.67880863391253,2.14118765393779e-14,3.08855576277617,0,0,3.59157203135042,10,0,-591.658324991657,0,-553.486820153487,19.0857524190858,0.0780776406404415,0.0780776406404415,0.0780776406404415,0.0780776406404415,0.117359909646538,0.117359909646538,0.0780776406404415,0.0780776406404415,0,0,0,9.54287620954288
2.87287287287287,9.32415395225062,0.0719912750557944,0.0107002877768585,0.00129052661675786,6.67880863391253,1.91099081762952e-14,3.08694467561253,0,0,3.59315448491674,10,0,-593.727060393725,0,-555.422088755422,19.1524858191525,0.0780776406404415,0.0780776406404415,0.0780776406404415,0.0780776406404415,0.117359909646538,0.117359909646538,0.0780776406404415,0.0780776406404415,0,0,0,9.57624290957624
2.88288288288288,9.32301027518577,0.0717548893003743,0.0105039218404604,0.00126252896441964,6.67880863391253,1.70555606984238e-14,3.08534024920353,0,0,3.59473091367341,10,0,-595.795795795794,0,-557.357357357357,19.2192192192192,0.0780776406404415,0.0780776406404415,0.0780776406404415,0.0780776406404415,0.117359909646538,0.117359909646538,0.0780776406404415,0.0780776406404415,0,0,0,9.60960960960961
2.89289289289289,9.32186750558377,0.0715199577365101,0.0103111782412316,0.00123515276927468,6.67880863391253,1.52221827319708e-14,3.0837424282433,0,0,3.5963013584385,10,0,-597.864531197863,0,-559.292625959293,19.2859526192859,0.0780776406404415,0.0780776406404415,0.0780776406404415,0.0780776406404415,0.117359909646538,0.117359909646538,0.0780776406404415,0.0780776406404415,0,0,0,9.64297630964297
2.9029029029029,9.32072568309547,0.0712864674434509,0.0101219898270029,0.0012083838830956,6.67880863391253,1.35859930019363e-14,3.08215115816152,0,0,3.59786585963409,10,0,-599.933266599931,0,-561.227894561228,19.3526860193527,0.0780776406404415,0.0780776406404415,0.0780776406404415,0.0780776406404415,0.117359909646538,0.117359909646538,0.0780776406404415,0.0780776406404415,0,0,0,9.67634300967634
2.91291291291291,9.31958484635072,0.0710544056623258,0.00993629069535293,0.0011822084889964,6.67880863391253,1.21257710756364e-14,3.0805663851099,0,0,3.59942445729162,10,0,-602.002002002,0,-563.163163163163,19.4194194194194,0.0780776406404415,0.0780776406404415,0.0780776406404415,0.0780776406404415,0.117359909646538,0.117359909646538,0.0780776406404415,0.0780776406404415,0,0,0,9.70970970970971
2.92292292292292,9.31844503297919,0.0708237597934591,0.00975401617032306,0.00115661309342122,6.67880863391253,1.08225814476717e-14,3.0789880559489,0,0,3.60097719105704,10,0,-604.070737404069,0,-565.098431765099,19.4861528194861,0.0780776406404415,0.0780776406404415,0.0780776406404415,0.0780776406404415,0.117359909646538,0.117359909646538,0.0780776406404415,0.0780776406404415,0,0,0,9.74307640974307
2.93293293293293,9.31730627963072,0.0705945173937392,0.00957510277956459,0.00113158451833404,6.67880863391252,9.6595273697447e-15,3.07741611823486,0,0,3.60252410019599,10,0,-606.139472806138,0,-567.033700367034,19.5528862195529,0.0780776406404415,0.0780776406404415,0.0780776406404415,0.0780776406404415,0.117359909646538,0.117359909646538,0.0780776406404415,0.0780776406404415,0,0,0,9.77644310977644
2.94294294294294,9.31616862199524,0.0703666661740418,0.00939948823190919,0.00110710989360394,6.67880863391252,8.62153121691458e-15,3.07585052020731,0,0,3.60406522359882,10,0,-608.208208208206,0,-568.968968968969,19.6196196196196,0.0780776406404415,0.0780776406404415,0.0780776406404415,0.0780776406404415,0.117359909646538,0.117359909646538,0.0780776406404415,0.0780776406404415,0,0,0,9.8098098098098
2.95295295295295,9.31503209482244,0.0701401939967053,0.00922711139535555,0.00108317664958085,6.67880863391252,7.69513852814104e-15,3.0742912107766,0,0,3.60560059978551,10,0,-610.276943610275,0,-570.904237570904,19.6863530196863,0.0780776406404415,0.0780776406404415,0.0780776406404415,0.0780776406404415,0.117359909646538,0.117359909646538,0.0780776406404415,0.0780776406404415,0,0,0,9.84317650984317
2.96296296296296,9.31389673194093,0.0699150888730575,0.00905791227546431,0.00105977250985693,6.67880863391252,6.86834316784272e-15,3.07273813951182,0,0,3.60713026691056,10,0,-612.345679012344,0,-572.83950617284,19.7530864197531,0.0780776406404415,0.0780776406404415,0.0780776406404415,0.0780776406404415,0.117359909646538,0.117359909646538,0.0780776406404415,0.0780776406404415,0,0,0,9.87654320987654
2.97297297297297,9.3127625662771,0.0696913389609919,0.00889183199415404,0.00103688548420857,6.67880863391252,6.13043133071901e-15,3.07119125662897,0,0,3.60865426276776,10,0,-614.414414414413,0,-574.774774774775,19.8198198198198,0.0780776406404415,0.0780776406404415,0.0780776406404415,0.0780776406404415,0.117359909646538,0.117359909646538,0.0780776406404415,0.0780776406404415,0,0,0,9.9099099099099
2.98298298298298,9.31162962987363,0.0694689325625927,0.00872881276889088,0.00101450386171443,6.67880863391252,5.47184235785926e-15,3.06965051297934,0,0,3.6101726247949,10,0,-616.483149816481,0,-576.71004337671,19.8865532198865,0.0780776406404415,0.0780776406404415,0.0780776406404415,0.0780776406404415,0.117359909646538,0.117359909646538,0.0780776406404415,0.0780776406404415,0,0,0,9.94327660994327
2.99299299299299,9.31049795390758,0.069247858121808,0.00856879789226462,0.00099261620404494,6.67880863391252,4.88404455140436e-15,3.06811586003821,0,0,3.61168539007835,10,0,-618.55188521855,0,-578.645311978646,19.9532866199533,0.0780776406404415,0.0780776406404415,0.0780776406404415,0.0780776406404415,0.117359909646538,0.117359909646538,0.0780776406404415,0.0780776406404415,0,0,0,9.97664330997663
3.003003003003,9.30936756870824,0.0690281042221688,0.00841173171194421,0.000971211338918734,6.67880863391252,4.35942437059878e-15,3.06658724989379,0,0,3.61319259535765,10,0,-620.620620620619,0,-580.580580580581,20.02002002002,0.0780776406404415,0.0780776406404415,0.0780776406404415,0.0780776406404415,0.117359909646538,0.117359909646538,0.0780776406404415,0.0780776406404415,0,0,0,10.01001001001
3.01301301301301,9.30823850377452,0.068809659584554,0.00825755961100578,0.000950278353721803,6.67880863391252,3.89118756653233e-15,3.06506463523632,0,0,3.61469427702993,10,0,-622.689356022688,0,-582.515849182516,20.0867534200867,0.0780776406404415,0.0780776406404415,0.0780776406404415,0.0780776406404415,0.117359909646538,0.117359909646538,0.0780776406404415,0.0780776406404415,0,0,0,10.0433767100434
3.02302302302302,9.30711078779209,0.0685925130649989,0.00810622798862621,0.000929806589285069,6.67880863391252,3.47327096850135e-15,3.06354796934751,0,0,3.6161904711543,10,0,-624.758091424756,0,-584.451117784452,20.1534868201535,0.0780776406404415,0.0780776406404415,0.0780776406404415,0.0780776406404415,0.117359909646538,0.117359909646538,0.0780776406404415,0.0780776406404415,0,0,0,10.0767434100767
3.03303303303303,9.30598444865014,0.0683766536525484,0.0079576842411358,0.000909785633816326,6.67880863391252,3.10026377375072e-15,3.06203720609016,0,0,3.61768121345618,10,0,-626.826826826825,0,-586.386386386387,20.2202202202202,0.0780776406404415,0.0780776406404415,0.0780776406404415,0.0780776406404415,0.117359909646538,0.117359909646538,0.0780776406404415,0.0780776406404415,0,0,0,10.1101101101101
3.04304304304304,9.30485951345787,0.0681620704671509,0.00781187674342322,0.000890205316982559,6.67880863391252,2.76733731620717e-15,3.06053229989794,0,0,3.61916653933157,10,0,-628.895562228894,0,-588.321654988322,20.2869536202869,0.0780776406404415,0.0780776406404415,0.0780776406404415,0.0780776406404415,0.117359909646538,0.117359909646538,0.0780776406404415,0.0780776406404415,0,0,0,10.1434768101435
3.05305305305305,9.30373600856061,0.0679487527575953,0.00766875483068641,0.000871055704138757,6.67880863391252,2.47018240029718e-15,3.05903320576554,0,0,3.62064648385112,10,0,-630.964297630962,0,-590.256923590258,20.3536870203537,0.0780776406404415,0.0780776406404415,0.0780776406404415,0.0780776406404415,0.117359909646538,0.117359909646538,0.0780776406404415,0.0780776406404415,0,0,0,10.1768435101768
3.06306306306306,9.30261395955564,0.0677366898994866,0.00752826878052305,0.000852327090699452,6.67880863391252,2.2049533845031e-15,3.05753987923886,0,0,3.62212108176437,10,0,-633.033033033031,0,-592.192192192193,20.4204204204204,0.0780776406404415,0.0780776406404415,0.0780776406404415,0.0780776406404415,0.117359909646538,0.117359909646538,0.0780776406404415,0.0780776406404415,0,0,0,10.2102102102102
3.07307307307307,9.30149339130775,0.0675258713932624,0.00739036979535433,0.000834009996649324,6.67880863391252,1.96821828723691e-15,3.05605227640553,0,0,3.62359036750365,10,0,-635.1017684351,0,-594.127460794128,20.4871538204871,0.0780776406404415,0.0780776406404415,0.0780776406404415,0.0780776406404415,0.117359909646538,0.117359909646538,0.0780776406404415,0.0780776406404415,0,0,0,10.2435769102436
3.08308308308308,9.30037432796444,0.0673162868622477,0.00725500998517599,0.000816095161189276,6.67880863391252,1.75691426604878e-15,3.05457035388557,0,0,3.62505437518814,10,0,-637.170503837169,0,-596.062729396064,20.5538872205539,0.0780776406404415,0.0780776406404415,0.0780776406404415,0.0780776406404415,0.117359909646538,0.117359909646538,0.0780776406404415,0.0780776406404415,0,0,0,10.2769436102769
3.09309309309309,9.29925679297088,0.0671079260507466,0.00712214235063044,0.000798573537514531,6.67880863391252,1.56830789116374e-15,3.05309406882228,0,0,3.62651313862776,10,0,-639.239239239237,0,-597.997997997999,20.6206206206206,0.0780776406404415,0.0780776406404415,0.0780776406404415,0.0780776406404415,0.117359909646538,0.117359909646538,0.0780776406404415,0.0780776406404415,0,0,0,10.3103103103103
3.1031031031031,9.2981408090845,0.0669007788221719,0.00699172076639427,0.000781436287721351,6.67880863391252,1.39995969676582e-15,3.05162337887331,0,0,3.62796669132694,10,0,-641.307974641306,0,-599.933266599934,20.6873540206873,0.0780776406404415,0.0780776406404415,0.0780776406404415,0.0780776406404415,0.117359909646538,0.117359909646538,0.0780776406404415,0.0780776406404415,0,0,0,10.3436770103437
3.11311311311311,9.29702639838943,0.06669483515721,0.00686369996487509,0.000764674777839091,6.67880863391252,1.24969254914104e-15,3.05015824220187,0,0,3.6294150664885,10,0,-643.376710043375,0,-601.86853520187,20.7540874207541,0.0780776406404415,0.0780776406404415,0.0780776406404415,0.0780776406404415,0.117359909646538,0.117359909646538,0.0780776406404415,0.0780776406404415,0,0,0,10.377043710377
3.12312312312312,9.2959135823105,0.0664900851520216,0.00673803552021228,0.000748280572984386,6.67880863391252,1.11556342047543e-15,3.04869861746823,0,0,3.63085829701728,10,0,-645.445445445444,0,-603.803803803805,20.8208208208208,0.0780776406404415,0.0780776406404415,0.0780776406404415,0.0780776406404415,0.117359909646538,0.117359909646538,0.0780776406404415,0.0780776406404415,0,0,0,10.4104104104104
3.13313313313313,9.29480238162712,0.0662865190164761,0.00661468383257576,0.000732245432634351,6.67880863391252,9.95838201429497e-16,3.04724446382132,0,0,3.63229641552384,10,0,-647.514180847512,0,-605.73907240574,20.8875542208875,0.0780776406404415,0.0780776406404415,0.0780776406404415,0.0780776406404415,0.117359909646538,0.117359909646538,0.0780776406404415,0.0780776406404415,0,0,0,10.4437771104438
3.14314314314314,9.29369281648677,0.0660841270724205,0.00649360211275752,0.000716561306015763,6.67880863391252,8.88969225155382e-16,3.04579574089048,0,0,3.63372945432806,10,0,-649.582916249581,0,-607.674341007675,20.9542876209543,0.0780776406404415,0.0780776406404415,0.0780776406404415,0.0780776406404415,0.117359909646538,0.117359909646538,0.0780776406404415,0.0780776406404415,0,0,0,10.4771438104771
3.15315315315315,9.29258490641833,0.0658828997519803,0.00637474836705035,0.000701220327607261,6.67880863391252,7.93575210703089e-16,3.04435240877748,0,0,3.63515744546265,10,0,-651.65165165165,0,-609.609609609611,21.021021021021,0.0780776406404415,0.0780776406404415,0.0780776406404415,0.0780776406404415,0.117359909646538,0.117359909646538,0.0780776406404415,0.0780776406404415,0,0,0,10.5105105105105
3.16316316316316,9.29147867034505,0.0656828275958932,0.00625808138240854,0.000686214812751698,6.67880863391252,7.08423365237221e-16,3.04291442804861,0,0,3.63658042067667,10,0,-653.720387053718,0,-611.544878211546,21.0877544210877,0.0780776406404415,0.0780776406404415,0.0780776406404415,0.0780776406404415,0.117359909646538,0.117359909646538,0.0780776406404415,0.0780776406404415,0,0,0,10.5438772105439
3.17317317317317,9.29037412659735,0.0654839012518741,0.00614356071188532,0.000671537253375845,6.67880863391252,6.32413412567192e-16,3.041481759727,0,0,3.6379984114389,10,0,-655.789122455787,0,-613.480146813481,21.1544878211544,0.0780776406404415,0.0780776406404415,0.0780776406404415,0.0780776406404415,0.117359909646538,0.117359909646538,0.0780776406404415,0.0780776406404415,0,0,0,10.5772439105772
3.18318318318318,9.28927129292535,0.0652861114730109,0.00603114666034194,0.000657180313814717,6.67880863391252,5.64563340547104e-16,3.04005436528503,0,0,3.63941144894131,10,0,-657.857857857856,0,-615.415415415417,21.2212212212212,0.0780776406404415,0.0780776406404415,0.0780776406404415,0.0780776406404415,0.117359909646538,0.117359909646538,0.0780776406404415,0.0780776406404415,0,0,0,10.6106106106106
3.19319319319319,9.28817018651113,0.0650894491161897,0.00592080027042326,0.000643136826737867,6.67880863391252,5.03996682253712e-16,3.03863220663699,0,0,3.64081956410227,10,0,-659.926593259925,0,-617.350684017352,21.2879546212879,0.0780776406404415,0.0780776406404415,0.0780776406404415,0.0780776406404415,0.117359909646538,0.117359909646538,0.0780776406404415,0.0780776406404415,0,0,0,10.643977310644
3.2032032032032,9.28707082398075,0.0648939051405506,0.00581248330879514,0.000629399789175079,6.67880863391252,4.49931165793231e-16,3.03721524613179,0,0,3.64222278756991,10,0,-661.995328661993,0,-619.285952619287,21.3546880213546,0.0780776406404415,0.0780776406404415,0.0780776406404415,0.0780776406404415,0.117359909646538,0.117359909646538,0.0780776406404415,0.0780776406404415,0,0,0,10.6773440106773
3.21321321321321,9.28597322141612,0.0646994706059702,0.00570615825262616,0.000615962358635393,6.67880863391252,4.0166857706199e-16,3.03580344654587,0,0,3.64362114972529,10,0,-664.064064064062,0,-621.221221221223,21.4214214214214,0.0780776406404415,0.0780776406404415,0.0780776406404415,0.0780776406404415,0.117359909646538,0.117359909646538,0.0780776406404415,0.0780776406404415,0,0,0,10.7107107107107
3.22322322322322,9.28487739436648,0.0645061366715784,0.00560178827638177,0.000602817849337884,6.67880863391252,3.58585757259402e-16,3.03439677107629,0,0,3.64501468068557,10,0,-666.132799466131,0,-623.156489823158,21.4881548214881,0.0780776406404415,0.0780776406404415,0.0780776406404415,0.0780776406404415,0.117359909646538,0.117359909646538,0.0780776406404415,0.0780776406404415,0,0,0,10.7440774107441
3.23323323323323,9.28378335785995,0.0643138945942756,0.00549933723861116,0.000589959728462011,6.67880863391252,3.2012640747544e-16,3.03299518333381,0,0,3.64640341030717,10,0,-668.2015348682,0,-625.091758425094,21.5548882215548,0.0780776406404415,0.0780776406404415,0.0780776406404415,0.0780776406404415,0.117359909646538,0.117359909646538,0.0780776406404415,0.0780776406404415,0,0,0,10.7774441107774
3.24324324324324,9.28269112641441,0.0641227357273301,0.00539876966946798,0.000577381612626714,6.67880863391252,2.85794057463007e-16,3.03159864733634,0,0,3.64778736818881,10,0,-670.270270270268,0,-627.027027027029,21.6216216216216,0.0780776406404415,0.0780776406404415,0.0780776406404415,0.0780776406404415,0.117359909646538,0.117359909646538,0.0780776406404415,0.0780776406404415,0,0,0,10.8108108108108
3.25325325325325,9.28160071404831,0.063932651518982,0.00530005075827364,0.000565077264402148,6.67880863391252,2.55145699964972e-16,3.03020712750248,0,0,3.64916658367445,10,0,-672.339005672337,0,-628.962295628964,21.6883550216883,0.0780776406404415,0.0780776406404415,0.0780776406404415,0.0780776406404415,0.117359909646538,0.117359909646538,0.0780776406404415,0.0780776406404415,0,0,0,10.8441775108442
3.26326326326326,9.28051213429171,0.0637436335110231,0.0052031463408848,0.000553040588783773,6.67880863391252,2.27785821219015e-16,3.02882058864491,0,0,3.6505410858564,10,0,-674.407741074406,0,-630.897564230899,21.755088421755,0.0780776406404415,0.0780776406404415,0.0780776406404415,0.0780776406404415,0.117359909646538,0.117359909646538,0.0780776406404415,0.0780776406404415,0,0,0,10.8775442108775
3.27327327327327,9.27942540019658,0.0635556733374575,0.00510802288778428,0.000541265629890455,6.67880863391252,2.0336139905823e-16,3.02743899596422,0,0,3.6519109035782,10,0,-676.476476476475,0,-632.832832832835,21.8218218218218,0.0780776406404415,0.0780776406404415,0.0780776406404415,0.0780776406404415,0.117359909646538,0.117359909646538,0.0780776406404415,0.0780776406404415,0,0,0,10.9109109109109
3.28328328328328,9.27834052434692,0.063368762723196,0.00501464749246767,0.000529746567761642,6.67880863391252,1.81557417563989e-16,3.02606231504285,0,0,3.65327606543743,10,0,-678.545211878543,0,-634.76810143477,21.8885552218885,0.0780776406404415,0.0780776406404415,0.0780776406404415,0.0780776406404415,0.117359909646538,0.117359909646538,0.0780776406404415,0.0780776406404415,0,0,0,10.9442776109443
3.29329329329329,9.27725751886956,0.0631828934826532,0.00492298785898679,0.00051847771493989,6.67880863391252,1.62092462618671e-16,3.02469051183865,0,0,3.65463659978881,10,0,-680.613947280612,0,-636.703370036705,21.9552886219552,0.0780776406404415,0.0780776406404415,0.0780776406404415,0.0780776406404415,0.117359909646538,0.117359909646538,0.0780776406404415,0.0780776406404415,0,0,0,10.9776443109776
3.3033033033033,9.27617639544335,0.0629980575185545,0.00483301229136087,0.000507453513586844,6.67880863391252,1.44715440371484e-16,3.02332355267936,0,0,3.65599253474675,10,0,-682.682682682681,0,-638.638638638641,22.022022022022,0.0780776406404415,0.0780776406404415,0.0780776406404415,0.0780776406404415,0.117359909646538,0.117359909646538,0.0780776406404415,0.0780776406404415,0,0,0,11.011011011011
3.31331331331331,9.27509716530881,0.0628142468206772,0.00474468968239819,0.000496668532451501,6.67880863391252,1.29202304410528e-16,3.02196140425685,0,0,3.65734389818813,10,0,-684.751418084749,0,-640.573907240576,22.0887554220887,0.0780776406404415,0.0780776406404415,0.0780776406404415,0.0780776406404415,0.117359909646538,0.117359909646538,0.0780776406404415,0.0780776406404415,0,0,0,11.0443777110444
3.32332332332332,9.27401983927792,0.0626314534645784,0.00465798950242334,0.000486117463828075,6.67880863391252,1.153530218115e-16,3.02060403362126,0,0,3.65869071775509,10,0,-686.820153486818,0,-642.509175842511,22.1554888221554,0.0780776406404415,0.0780776406404415,0.0780776406404415,0.0780776406404415,0.117359909646538,0.117359909646538,0.0780776406404415,0.0780776406404415,0,0,0,11.0777444110777
3.33333333333333,9.27294442774335,0.0624496696103879,0.00457288178857917,0.000475795120687879,6.67880863391252,1.02989040751848e-16,3.01925140817552,0,0,3.6600330208577,10,0,-688.888888888887,0,-644.444444444447,22.2222222222222,0.0780776406404415,0.0780776406404415,0.0780776406404415,0.0780776406404415,0.117359909646538,0.117359909646538,0.0780776406404415,0.0780776406404415,0,0,0,11.1111111111111
3.34334334334334,9.27187094068759,0.0622688875016143,0.00448933713426588,0.000465696433862806,6.67880863391252,9.19509812969551e-17,3.01790349566984,0,0,3.66137083467655,10,0,-690.957624290956,0,-646.379713046382,22.2889556222889,0.0780776406404415,0.0780776406404415,0.0780776406404415,0.0780776406404415,0.117359909646538,0.117359909646538,0.0780776406404415,0.0780776406404415,0,0,0,11.1444778111444
3.35335335335335,9.27079938769186,0.0620890994639728,0.00440732667876833,0.000455816449294147,6.67880863391252,8.20965739549591e-17,3.0165602641964,0,0,3.66270418616542,10,0,-693.026359693024,0,-648.314981648317,22.3556890223556,0.0780776406404415,0.0780776406404415,0.0780776406404415,0.0780776406404415,0.117359909646538,0.117359909646538,0.0780776406404415,0.0780776406404415,0,0,0,11.1778445111778
3.36336336336336,9.26972977794494,0.0619102979042319,0.00432682209707717,0.000446150325347597,6.67880863391252,7.32988233744304e-17,3.01522168218411,0,0,3.66403310205376,10,0,-695.095095095093,0,-650.250250250253,22.4224224224224,0.0780776406404415,0.0780776406404415,0.0780776406404415,0.0780776406404415,0.117359909646538,0.117359909646538,0.0780776406404415,0.0780776406404415,0,0,0,11.2112112112112
3.37337337337337,9.26866212025175,0.0617324753090823,0.00424779558990011,0.000436693330192744,6.67880863391252,6.54443669829775e-17,3.01388771839343,0,0,3.66535760884929,10,0,-697.163830497162,0,-652.185518852188,22.4891558224891,0.0780776406404415,0.0780776406404415,0.0780776406404415,0.0780776406404415,0.117359909646538,0.117359909646538,0.0780776406404415,0.0780776406404415,0,0,0,11.2445779112445
3.38338338338338,9.26759642304173,0.0615556242440243,0.00417021987385988,0.000427440839245504,6.67880863391252,5.84320107944693e-17,3.01255834191137,0,0,3.6666777328404,10,0,-699.232565899231,0,-654.120787454123,22.5558892225558,0.0780776406404415,0.0780776406404415,0.0780776406404415,0.0780776406404415,0.117359909646538,0.117359909646538,0.0780776406404415,0.0780776406404415,0,0,0,11.2779446112779
3.39339339339339,9.26653269437718,0.0613797373522753,0.00409406817187545,0.000418388332671917,6.67880863391252,5.21714225249126e-17,3.01123352214652,0,0,3.66799350009868,10,0,-701.301301301299,0,-656.056056056059,22.6226226226226,0.0780776406404415,0.0780776406404415,0.0780776406404415,0.0780776406404415,0.117359909646538,0.117359909646538,0.0780776406404415,0.0780776406404415,0,0,0,11.3113113113113
3.4034034034034,9.26547094196131,0.0612048073536966,0.00401931420372301,0.000409531392951786,6.67880863391252,4.65819650825017e-17,3.00991322882419,0,0,3.66930493648129,10,0,-703.370036703368,0,-657.991324657994,22.6893560226893,0.0780776406404415,0.0780776406404415,0.0780776406404415,0.0780776406404415,0.117359909646538,0.117359909646538,0.0780776406404415,0.0780776406404415,0,0,0,11.3446780113446
3.41341341341341,9.26441117314617,0.0610308270437379,0.00394593217677341,0.000400865702500674,6.67880863391252,4.15916554418028e-17,3.00859743198169,0,0,3.67061206763333,10,0,-705.438772105437,0,-659.926593259929,22.756089422756,0.0780776406404415,0.0780776406404415,0.0780776406404415,0.0780776406404415,0.117359909646538,0.117359909646538,0.0780776406404415,0.0780776406404415,0,0,0,11.378044711378
3.42342342342342,9.26335339494049,0.0608577892924017,0.00387389677690269,0.000392387041348824,6.67880863391252,3.71362353709056e-17,3.00728610196365,0,0,3.67191491899023,10,0,-707.507507507505,0,-661.861861861865,22.8228228228228,0.0780776406404415,0.0780776406404415,0.0780776406404415,0.0780776406404415,0.117359909646538,0.117359909646538,0.0780776406404415,0.0780776406404415,0,0,0,11.4114114114114
3.43343343343343,9.26229761401723,0.0606856870432237,0.00380318315957265,0.000384091284875576,6.67880863391252,3.31583419997331e-17,3.00597920941741,0,0,3.67321351577999,10,0,-709.576242909574,0,-663.7971304638,22.8895562228895,0.0780776406404415,0.0780776406404415,0.0780776406404415,0.0780776406404415,0.117359909646538,0.117359909646538,0.0780776406404415,0.0780776406404415,0,0,0,11.4447781114447
3.44344344344344,9.26124383672114,0.0605145133122724,0.00373376694107805,0.000375974401597923,6.67880863391252,2.9606767496666e-17,3.00467672528859,0,0,3.67450788302553,10,0,-711.644978311643,0,-665.732399065735,22.9562896229562,0.0780776406404415,0.0780776406404415,0.0780776406404415,0.0780776406404415,0.117359909646538,0.117359909646538,0.0780776406404415,0.0780776406404415,0,0,0,11.4781448114781
3.45345345345345,9.260192069076,0.0603442611871653,0.00366562418995752,0.000368032451011874,6.67880863391252,2.64357982734708e-17,3.00337862081664,0,0,3.67579804554689,10,0,-713.713713713712,0,-667.66766766767,23.023023023023,0.0780776406404415,0.0780776406404415,0.0780776406404415,0.0780776406404415,0.117359909646538,0.117359909646538,0.0780776406404415,0.0780776406404415,0,0,0,11.5115115115115
3.46346346346346,9.25914231679189,0.0601749238261011,0.00359873141856501,0.000360261581485303,6.67880863391252,2.36046251713069e-17,3.00208486753055,0,0,3.67708402796346,10,0,-715.78244911578,0,-669.602936269606,23.0897564230897,0.0780776406404415,0.0780776406404415,0.0780776406404415,0.0780776406404415,0.117359909646538,0.117359909646538,0.0780776406404415,0.0780776406404415,0,0,0,11.5448782115448
3.47347347347347,9.25809458527217,0.0600064944569102,0.00353306557479885,0.000352658028201033,6.67880863391252,2.10768169987638e-17,3.00079543724458,0,0,3.67836585469614,10,0,-717.851184517849,0,-671.538204871541,23.1564898231564,0.0780776406404415,0.0780776406404415,0.0780776406404415,0.0780776406404415,0.117359909646538,0.117359909646538,0.0780776406404415,0.0780776406404415,0,0,0,11.5782449115782
3.48348348348348,9.25704887962038,0.0598389663761194,0.00346860403398542,0.000345218111148912,6.67880863391252,1.88198506135008e-17,2.99951030205414,0,0,3.67964354996953,10,0,-719.919919919918,0,-673.473473473476,23.2232232232231,0.0780776406404415,0.0780776406404415,0.0780776406404415,0.0780776406404415,0.117359909646538,0.117359909646538,0.0780776406404415,0.0780776406404415,0,0,0,11.6116116116116
3.49349349349349,9.25600520464706,0.0596723329480339,0.00340532459091461,0.000337938233165672,6.67880863391252,1.68046914711955e-17,2.99822943433168,0,0,3.68091713781401,10,0,-721.988655321986,0,-675.408742075412,23.2899566232899,0.0780776406404415,0.0780776406404415,0.0780776406404415,0.0780776406404415,0.117359909646538,0.117359909646538,0.0780776406404415,0.0780776406404415,0,0,0,11.6449783116449
3.5035035035035,9.25496356487632,0.0595065876038344,0.00334320545202415,0.000330814878021408,6.67880863391252,1.5005419218806e-17,2.9969528067227,0,0,3.68218664206784,10,0,-724.057390724055,0,-677.344010677347,23.3566900233566,0.0780776406404415,0.0780776406404415,0.0780776406404415,0.0780776406404415,0.117359909646538,0.117359909646538,0.0780776406404415,0.0780776406404415,0,0,0,11.6783450116783
3.51351351351351,9.25392396455234,0.0593417238406885,0.00328222522773008,0.000323844608551517,6.67880863391252,1.33988934922254e-17,2.99568039214181,0,0,3.68345208637927,10,0,-726.126126126124,0,-679.279279279282,23.4234234234233,0.0780776406404415,0.0780776406404415,0.0780776406404415,0.0780776406404415,0.117359909646538,0.117359909646538,0.0780776406404415,0.0780776406404415,0,0,0,11.7117117117117
3.52352352352352,9.25288640764577,0.0591777352208786,0.00322236292490069,0.000317024064832999,6.67880863391252,1.19644555987331e-17,2.99441216376888,0,0,3.68471349420847,10,0,-728.194861528193,0,-681.214547881218,23.4901568234901,0.0780776406404415,0.0780776406404415,0.0780776406404415,0.0780776406404415,0.117359909646538,0.117359909646538,0.0780776406404415,0.0780776406404415,0,0,0,11.745078411745
3.53353353353353,9.25185089785995,0.059014615370943,0.00316359793947102,0.000310349962404018,6.67880863391252,1.06836622290059e-17,2.99314809504527,0,0,3.68597088882966,10,0,-730.263596930261,0,-683.149816483153,23.5568902235568,0.0780776406404415,0.0780776406404415,0.0780776406404415,0.0780776406404415,0.117359909646538,0.117359909646538,0.0780776406404415,0.0780776406404415,0,0,0,11.7784451117784
3.54354354354354,9.25081743863702,0.0588523579808324,0.00310591004919564,0.000303819090525677,6.67880863391252,9.54004775786949e-18,2.99188815967008,0,0,3.68722429333297,10,0,-732.33233233233,0,-685.085085085088,23.6236236236235,0.0780776406404415,0.0780776406404415,0.0780776406404415,0.0780776406404415,0.117359909646538,0.117359909646538,0.0780776406404415,0.0780776406404415,0,0,0,11.8118118118118
3.55355355355355,9.24978603316393,0.0586909568030791,0.0030492794065368,0.000297428310484961,6.67880863391252,8.51891206280483e-18,2.99063233159653,0,0,3.68847373062648,10,0,-734.401067734399,0,-687.020353687024,23.6903570236903,0.0780776406404415,0.0780776406404415,0.0780776406404415,0.0780776406404415,0.117359909646538,0.117359909646538,0.0780776406404415,0.0780776406404415,0,0,0,11.8451785118451
3.56356356356356,9.24875668437827,0.0585304056519813,0.00299368653168559,0.000291174553937858,6.67880863391252,7.60713111929726e-18,2.98938058502838,0,0,3.68971922343808,10,0,-736.469803136468,0,-688.955622288959,23.757090423757,0.0780776406404415,0.0780776406404415,0.0780776406404415,0.0780776406404415,0.117359909646538,0.117359909646538,0.0780776406404415,0.0780776406404415,0,0,0,11.8785452118785
3.57357357357357,9.24772939497409,0.0583706984028003,0.00293911230571359,0.000285054821291657,6.67880863391252,6.79298792668126e-18,2.9881328944164,0,0,3.69096079431742,10,0,-738.538538538536,0,-690.890890890894,23.8238238238237,0.0780776406404415,0.0780776406404415,0.0780776406404415,0.0780776406404415,0.117359909646538,0.117359909646538,0.0780776406404415,0.0780776406404415,0,0,0,11.9119119119119
3.58358358358358,9.24670416740748,0.0582118289909704,0.00288553796385254,0.00027906618012549,6.67880863391252,6.06602158103223e-18,2.98688923445493,0,0,3.69219846563772,10,0,-740.607273940605,0,-692.82615949283,23.8905572238905,0.0780776406404415,0.0780776406404415,0.0780776406404415,0.0780776406404415,0.117359909646538,0.117359909646538,0.0780776406404415,0.0780776406404415,0,0,0,11.9452786119452
3.59359359359359,9.24568100390212,0.0580537914113226,0.00283294508889972,0.00027320576364817,6.67880863391252,5.41689254628276e-18,2.98564958007849,0,0,3.69343225959768,10,0,-742.676009342674,0,-694.761428094765,23.9572906239572,0.0780776406404415,0.0780776406404415,0.0780776406404415,0.0780776406404415,0.117359909646538,0.117359909646538,0.0780776406404415,0.0780776406404415,0,0,0,11.9786453119786
3.6036036036036,9.24465990645471,0.0578965797173206,0.00278131560474653,0.000267470769192414,6.67880863391252,4.83726238414222e-18,2.98441390645847,0,0,3.69466219822325,10,0,-744.744744744742,0,-696.6966966967,24.0240240240239,0.0780776406404415,0.0780776406404415,0.0780776406404415,0.0780776406404415,0.117359909646538,0.117359909646538,0.0780776406404415,0.0780776406404415,0,0,0,12.012012012012
3.61361361361361,9.24364087684024,0.057740188020309,0.00273063177002812,0.000261858456744588,6.67880863391252,4.31968639028636e-18,2.98318218899982,0,0,3.69588830336945,10,0,-746.813480146811,0,-698.631965298636,24.0907574240907,0.0780776406404415,0.0780776406404415,0.0780776406404415,0.0780776406404415,0.117359909646538,0.117359909646538,0.0780776406404415,0.0780776406404415,0,0,0,12.0453787120453
3.62362362362362,9.24262391661723,0.0575846104887741,0.00268087617189174,0.000256366147509081,6.67880863391252,3.85751775108151e-18,2.9819544033379,0,0,3.69711059672213,10,0,-748.88221554888,0,-700.567233900571,24.1574908241574,0.0780776406404415,0.0780776406404415,0.0780776406404415,0.0780776406404415,0.117359909646538,0.117359909646538,0.0780776406404415,0.0780776406404415,0,0,0,12.0787454120787
3.63363363363363,9.24160902713279,0.0574298413476165,0.00263203171988156,0.000250991222506491,6.67880863391252,3.44482198397442e-18,2.98073052533529,0,0,3.69832909979974,10,0,-750.950950950949,0,-702.502502502506,24.2242242242241,0.0780776406404415,0.0780776406404415,0.0780776406404415,0.0780776406404415,0.117359909646538,0.117359909646538,0.0780776406404415,0.0780776406404415,0,0,0,12.1121121121121
3.64364364364364,9.24059620952763,0.0572758748774351,0.00258408163993783,0.000245731121204788,6.67880863391252,3.0763005575455e-18,2.9795105310787,0,0,3.69954383395502,10,0,-753.019686353017,0,-704.437771104442,24.2909576242909,0.0780776406404415,0.0780776406404415,0.0780776406404415,0.0780776406404415,0.117359909646538,0.117359909646538,0.0780776406404415,0.0780776406404415,0,0,0,12.1454788121454
3.65365365365365,9.23958546474094,0.0571227054138235,0.00253700946850822,0.000240583340182664,6.67880863391252,2.74722270580775e-18,2.97829439687596,0,0,3.70075482037675,10,0,-755.088421755086,0,-706.373039706377,24.3576910243576,0.0780776406404415,0.0780776406404415,0.0780776406404415,0.0780776406404415,0.117359909646538,0.117359909646538,0.0780776406404415,0.0780776406404415,0,0,0,12.1788455121788
3.66366366366366,9.23857679351522,0.0569703273466763,0.00249079904676925,0.000235545431824279,6.67880863391252,2.4533645571749e-18,2.97708209925299,0,0,3.70196208009136,10,0,-757.157157157155,0,-708.308308308312,24.4244244244243,0.0780776406404415,0.0780776406404415,0.0780776406404415,0.0780776406404415,0.117359909646538,0.117359909646538,0.0780776406404415,0.0780776406404415,0,0,0,12.2122122122122
3.67367367367367,9.2375701964009,0.0568187351195081,0.00244543451495566,0.000230615003044656,6.67880863391252,2.19095479298773e-18,2.97587361495091,0,0,3.70316563396466,10,0,-759.225892559224,0,-710.243576910247,24.4911578244911,0.0780776406404415,0.0780776406404415,0.0780776406404415,0.0780776406404415,0.117359909646538,0.117359909646538,0.0780776406404415,0.0780776406404415,0,0,0,12.2455789122455
3.68368368368368,9.23656567376102,0.0566679232287816,0.00240090030679593,0.000225789714044977,6.67880863391252,1.95662613480332e-18,2.97466892092314,0,0,3.70436550270343,10,0,-761.294627961292,0,-712.178845512183,24.5578912245578,0.0780776406404415,0.0780776406404415,0.0780776406404415,0.0780776406404415,0.117359909646538,0.117359909646538,0.0780776406404415,0.0780776406404415,0,0,0,12.2789456122789
3.69369369369369,9.23556322577568,0.0565178862232479,0.0023571811440516,0.000221067277097051,6.67880863391252,1.74737203490638e-18,2.97346799433258,0,0,3.70556170685704,10,0,-763.363363363361,0,-714.114114114118,24.6246246246245,0.0780776406404415,0.0780776406404415,0.0780776406404415,0.0780776406404415,0.117359909646538,0.117359909646538,0.0780776406404415,0.0780776406404415,0,0,0,12.3123123123123
3.7037037037037,9.2345628524465,0.0563686187032961,0.00231426203115886,0.000216445455356268,6.67880863391252,1.56050801167189e-18,2.97227081254882,0,0,3.70675426681906,10,0,-765.43209876543,0,-716.049382716054,24.6913580246913,0.0780776406404415,0.0780776406404415,0.0780776406404415,0.0780776406404415,0.117359909646538,0.117359909646538,0.0780776406404415,0.0780776406404415,0,0,0,12.3456790123456
3.71371371371371,9.23356455360091,0.056220115320314,0.00227212824997013,0.00021192206170233,6.67880863391252,1.39363713136048e-18,2.9710773531454,0,0,3.70794320282882,10,0,-767.500834167498,0,-717.984651317989,24.758091424758,0.0780776406404415,0.0780776406404415,0.0780776406404415,0.0780776406404415,0.117359909646538,0.117359909646538,0.0780776406404415,0.0780776406404415,0,0,0,12.379045712379
3.72372372372372,9.23256832889641,0.0560723707760578,0.00223076535459399,0.000207494957607105,6.67880863391252,1.24461919144082e-18,2.96988759389718,0,0,3.70912853497295,10,0,-769.569569569567,0,-719.919919919924,24.8248248248247,0.0780776406404415,0.0780776406404415,0.0780776406404415,0.0780776406404415,0.117359909646538,0.117359909646538,0.0780776406404415,0.0780776406404415,0,0,0,12.4124124124124
3.73373373373373,9.23157417782472,0.055925379822033,0.00219015916633155,0.000203162052028944,6.67880863391252,1.11154320829639e-18,2.96870151277761,0,0,3.71031028318694,10,0,-771.638304971636,0,-721.855188521859,24.8915582248915,0.0780776406404415,0.0780776406404415,0.0780776406404415,0.0780776406404415,0.117359909646538,0.117359909646538,0.0780776406404415,0.0780776406404415,0,0,0,12.4457791124457
3.74374374374374,9.23058209971581,0.0557791372588835,0.00215029576870735,0.000198921300332831,6.67880863391252,9.92702854807503e-19,2.96751908795624,0,0,3.71148846725661,10,0,-773.707040373705,0,-723.790457123795,24.9582916249582,0.0780776406404415,0.0780776406404415,0.0780776406404415,0.0780776406404415,0.117359909646538,0.117359909646538,0.0780776406404415,0.0780776406404415,0,0,0,12.4791458124791
3.75375375375375,9.22959209374197,0.0556336379357917,0.00211116150259328,0.00019477070323573,6.67880863391252,8.86574531353277e-19,2.9663402977961,0,0,3.71266310681966,10,0,-775.775775775773,0,-725.72572572573,25.0250250250249,0.0780776406404415,0.0780776406404415,0.0780776406404415,0.0780776406404415,0.117359909646538,0.117359909646538,0.0780776406404415,0.0780776406404415,0,0,0,12.5125125125125
3.76376376376376,9.22860415892163,0.0554888767498865,0.0020727429614234,0.000190708305776539,6.67880863391252,7.91797787745093e-19,2.96516512085122,0,0,3.71383422136708,10,0,-777.844511177842,0,-727.660994327665,25.0917584250917,0.0780776406404415,0.0780776406404415,0.0780776406404415,0.0780776406404415,0.117359909646538,0.117359909646538,0.0780776406404415,0.0780776406404415,0,0,0,12.5458792125458
3.77377377377377,9.2276182941232,0.0553448486456611,0.00203502698649836,0.000186732196310056,6.67880863391252,7.07157843922274e-19,2.96399353586418,0,0,3.71500183024466,10,0,-779.913246579911,0,-729.596262929601,25.1584918251584,0.0780776406404415,0.0780776406404415,0.0780776406404415,0.0780776406404415,0.117359909646538,0.117359909646538,0.0780776406404415,0.0780776406404415,0,0,0,12.5792459125792
3.78378378378378,9.22663449806888,0.0552015486144001,0.00199800066237746,0.000182840505524378,6.67880863391252,6.31569984303784e-19,2.96282552176368,0,0,3.71616595265437,10,0,-781.98198198198,0,-731.531531531536,25.2252252252251,0.0780776406404415,0.0780776406404415,0.0780776406404415,0.0780776406404415,0.117359909646538,0.117359909646538,0.0780776406404415,0.0780776406404415,0,0,0,12.6126126126126
3.79379379379379,9.22565276933822,0.0550589716936147,0.00196165131235674,0.000179031405481167,6.67880863391252,5.64065624846916e-19,2.96166105766218,0,0,3.71732660765583,10,0,-784.050717384048,0,-733.466800133471,25.2919586252918,0.0780776406404415,0.0780776406404415,0.0780776406404415,0.0780776406404415,0.117359909646538,0.117359909646538,0.0780776406404415,0.0780776406404415,0,0,0,12.6459793126459
3.8038038038038,9.22467310637182,0.0549171129664868,0.00192596649403166,0.000175303108678251,6.67880863391252,5.03779873427246e-19,2.96050012285352,0,0,3.71848381416768,10,0,-786.119452786117,0,-735.402068735407,25.3586920253586,0.0780776406404415,0.0780776406404415,0.0780776406404415,0.0780776406404415,0.117359909646538,0.117359909646538,0.0780776406404415,0.0780776406404415,0,0,0,12.6793460126793
3.81381381381381,9.22369550747478,0.0547759675613219,0.0018909339949426,0.000171653867134012,6.67880863391252,4.49940423402274e-19,2.95934269681069,0,0,3.71963759096897,10,0,-788.188188188186,0,-737.337337337342,25.4254254254253,0.0780776406404415,0.0780776406404415,0.0780776406404415,0.0780776406404415,0.117359909646538,0.117359909646538,0.0780776406404415,0.0780776406404415,0,0,0,12.7127127127127
3.82382382382382,9.22271997082018,0.0546355306510096,0.00185654182830171,0.000168081971493036,6.67880863391252,4.01857637402868e-19,2.95818875918349,0,0,3.72078795670052,10,0,-790.256923590254,0,-739.272605939277,25.492158825492,0.0780776406404415,0.0780776406404415,0.0780776406404415,0.0780776406404415,0.117359909646538,0.117359909646538,0.0780776406404415,0.0780776406404415,0,0,0,12.746079412746
3.83383383383383,9.22174649445244,0.0544957974524931,0.00182277822879954,0.000164585750152537,6.67880863391252,3.58915693733829e-19,2.95703828979639,0,0,3.72193492986628,10,0,-792.325658992323,0,-741.207874541213,25.5588922255588,0.0780776406404415,0.0780776406404415,0.0780776406404415,0.0780776406404415,0.117359909646538,0.117359909646538,0.0780776406404415,0.0780776406404415,0,0,0,12.7794461127794
3.84384384384384,9.22077507629065,0.0543567632262459,0.00178963164849006,0.000161163568409039,6.67880863391252,3.20564681455767e-19,2.9558912686463,0,0,3.72307852883464,10,0,-794.394394394392,0,-743.143143143148,25.6256256256255,0.0780776406404415,0.0780776406404415,0.0780776406404415,0.0780776406404415,0.117359909646538,0.117359909646538,0.0780776406404415,0.0780776406404415,0,0,0,12.8128128128128
3.85385385385385,9.21980571413176,0.054218423275757,0.00175709075275244,0.000157813827624843,6.67880863391252,2.86313542441742e-19,2.9547476759004,0,0,3.72421877183974,10,0,-796.463129796461,0,-745.078411745083,25.6923590256922,0.0780776406404415,0.0780776406404415,0.0780776406404415,0.0780776406404415,0.117359909646538,0.117359909646538,0.0780776406404415,0.0780776406404415,0,0,0,12.8461795128461
3.86386386386386,9.21883840565384,0.054080772947023,0.0017251444163247,0.000154534964413058,6.67880863391252,2.55723764433457e-19,2.95360749189411,0,0,3.72535567698283,10,0,-798.531865198529,0,-747.013680347019,25.759092425759,0.0780776406404415,0.0780776406404415,0.0780776406404415,0.0780776406404415,0.117359909646538,0.117359909646538,0.0780776406404415,0.0780776406404415,0,0,0,12.8795462128795
3.87387387387387,9.21787314841909,0.0539438076280505,0.00169378171942893,0.000151325449845129,6.67880863391252,2.28403777193369e-19,2.95247069712892,0,0,3.72648926223345,10,0,-800.600600600598,0,-748.948948948954,25.8258258258257,0.0780776406404415,0.0780776406404415,0.0780776406404415,0.0780776406404415,0.117359909646538,0.117359909646538,0.0780776406404415,0.0780776406404415,0,0,0,12.9129129129129
3.88388388388388,9.21690993987697,0.0538075227483551,0.00166299194389456,0.000148183788661513,6.67880863391252,2.04003848435137e-19,2.95133727227038,0,0,3.7276195454308,10,0,-802.669336002667,0,-750.884217550889,25.8925592258924,0.0780776406404415,0.0780776406404415,0.0780776406404415,0.0780776406404415,0.117359909646538,0.117359909646538,0.0780776406404415,0.0780776406404415,0,0,0,12.9462796129462
3.89389389389389,9.21594877736712,0.0536719137784883,0.00163276456949678,0.000145108518529599,6.67880863391252,1.82211702518988e-19,2.95020719814614,0,0,3.72874654428491,10,0,-804.738071404735,0,-752.819486152825,25.9592926259592,0.0780776406404415,0.0780776406404415,0.0780776406404415,0.0780776406404415,0.117359909646538,0.117359909646538,0.0780776406404415,0.0780776406404415,0,0,0,12.9796463129796
3.9039039039039,9.21498965812224,0.0535369762295621,0.0016030892703076,0.000142098209307599,6.67880863391252,1.62748551802656e-19,2.94908045574392,0,0,3.72987027637791,10,0,-806.806806806804,0,-754.75475475476,26.0260260260259,0.0780776406404415,0.0780776406404415,0.0780776406404415,0.0780776406404415,0.117359909646538,0.117359909646538,0.0780776406404415,0.0780776406404415,0,0,0,13.0130130130129
3.91391391391391,9.21403257927105,0.0534027056527656,0.00157395591098603,0.000139151462299066,6.67880863391252,1.45365370519292e-19,2.94795702620961,0,0,3.73099075916522,10,0,-808.875542208873,0,-756.690023356695,26.0927594260926,0.0780776406404415,0.0780776406404415,0.0780776406404415,0.0780776406404415,0.117359909646538,0.117359909646538,0.0780776406404415,0.0780776406404415,0,0,0,13.0463797130463
3.92392392392392,9.21307753784103,0.0532690976389059,0.00154535454327821,0.000136266909553299,6.67880863391252,1.29839769600698e-19,2.94683689084527,0,0,3.73210800997681,10,0,-810.944277610942,0,-758.62529195863,26.1594928261594,0.0780776406404415,0.0780776406404415,0.0780776406404415,0.0780776406404415,0.117359909646538,0.117359909646538,0.0780776406404415,0.0780776406404415,0,0,0,13.0797464130797
3.93393393393393,9.21212453076116,0.0531361478179517,0.0015172754025493,0.000133443213175047,6.67880863391252,1.15973151201374e-19,2.94572003110734,0,0,3.73322204601836,10,0,-813.01301301301,0,-760.560560560566,26.2262262262261,0.0780776406404415,0.0780776406404415,0.0780776406404415,0.0780776406404415,0.117359909646538,0.117359909646538,0.0780776406404415,0.0780776406404415,0,0,0,13.113113113113
3.94394394394394,9.21117355486464,0.053003851858583,0.0014897089043753,0.000130679064649114,6.67880863391252,1.03588159810152e-19,2.94460642860475,0,0,3.73433288437242,10,0,-815.081748415079,0,-762.495829162501,26.2929596262928,0.0780776406404415,0.0780776406404415,0.0780776406404415,0.0780776406404415,0.117359909646538,0.117359909646538,0.0780776406404415,0.0780776406404415,0,0,0,13.1464798131464
3.95395395395395,9.21022460689147,0.052872205467747,0.00146264564119839,0.000127973184180537,6.67880863391252,9.25264096876412e-20,2.9434960650971,0,0,3.73544054199961,10,0,-817.150483817148,0,-764.431097764436,26.3596930263596,0.0780776406404415,0.0780776406404415,0.0780776406404415,0.0780776406404415,0.117359909646538,0.117359909646538,0.0780776406404415,0.0780776406404415,0,0,0,13.1798465131798
3.96396396396396,9.20927768349104,0.0527412043902213,0.00143607637904474,0.000125324320049942,6.67880863391252,8.26464548077774e-20,2.94238892249286,0,0,3.73654503573971,10,0,-819.219219219217,0,-766.366366366372,26.4264264264263,0.0780776406404415,0.0780776406404415,0.0780776406404415,0.0780776406404415,0.117359909646538,0.117359909646538,0.0780776406404415,0.0780776406404415,0,0,0,13.2132132132131
3.97397397397397,9.20833278122466,0.0526108444081825,0.00140999205430353,0.000122731247983732,6.67880863391252,7.38219761849161e-20,2.94128498284763,0,0,3.73764638231287,10,0,-821.287954621285,0,-768.301634968307,26.493159826493,0.0780776406404415,0.0780776406404415,0.0780776406404415,0.0780776406404415,0.117359909646538,0.117359909646538,0.0780776406404415,0.0780776406404415,0,0,0,13.2465799132465
3.98398398398398,9.20738989656801,0.0524811213407812,0.00138438377056606,0.000120192770538744,6.67880863391252,6.59401633116854e-20,2.94018422836239,0,0,3.73874459832067,10,0,-823.356690023354,0,-770.236903570242,26.5598932265598,0.0780776406404415,0.0780776406404415,0.0780776406404415,0.0780776406404415,0.117359909646538,0.117359909646538,0.0780776406404415,0.0780776406404415,0,0,0,13.2799466132799
3.99399399399399,9.20644902591354,0.0523520310437238,0.00135924279552388,0.000117707716501055,6.67880863391252,5.8900268854059e-20,2.93908664138179,0,0,3.73983970024723,10,0,-825.425425425423,0,-772.172172172178,26.6266266266265,0.0780776406404415,0.0780776406404415,0.0780776406404415,0.0780776406404415,0.117359909646538,0.117359909646538,0.0780776406404415,0.0780776406404415,0,0,0,13.3133133133132
4.004004004004,9.20551016557289,0.0522235694088593,0.00133456055792467,0.000115274940298575,6.67880863391252,5.26123180623869e-20,2.93799220439247,0,0,3.74093170446035,10,0,-827.494160827492,0,-774.107440774113,26.6933600266932,0.0780776406404415,0.0780776406404415,0.0780776406404415,0.0780776406404415,0.117359909646538,0.117359909646538,0.0780776406404415,0.0780776406404415,0,0,0,13.3466800133466
4.01401401401401,9.20457331177912,0.0520957323637729,0.00131032864458502,0.000112893321427125,6.67880863391252,4.69959563267683e-20,2.93690090002141,0,0,3.74202062721254,10,0,-829.56289622956,0,-776.042709376048,26.76009342676,0.0780776406404415,0.0780776406404415,0.0780776406404415,0.0780776406404415,0.117359909646538,0.117359909646538,0.0780776406404415,0.0780776406404415,0,0,0,13.38004671338
4.02402402402402,9.20363846068906,0.0519685158713846,0.00128653879745886,0.000110561763889673,6.67880863391252,4.19794200817491e-20,2.93581271103429,0,0,3.74310648464212,10,0,-831.631631631629,0,-777.977977977984,26.8268268268267,0.0780776406404415,0.0780776406404415,0.0780776406404415,0.0780776406404415,0.117359909646538,0.117359909646538,0.0780776406404415,0.0780776406404415,0,0,0,13.4134134134133
4.03403403403403,9.20270560838545,0.0518419159295543,0.00126318291076055,0.000108279195648419,6.67880863391252,3.74986178514619e-20,2.93472762033391,0,0,3.74418929277426,10,0,-833.700367033698,0,-779.913246579919,26.8935602268934,0.0780776406404415,0.0780776406404415,0.0780776406404415,0.0780776406404415,0.117359909646538,0.117359909646538,0.0780776406404415,0.0780776406404415,0,0,0,13.4467801134467
4.04404404404404,9.20177475087915,0.0517159285706916,0.00124025302814164,0.000106044568089423,6.67880863391252,3.34963096412449e-20,2.93364561095858,0,0,3.74526906752203,10,0,-835.769102435767,0,-781.848515181854,26.9602936269602,0.0780776406404415,0.0780776406404415,0.0780776406404415,0.0780776406404415,0.117359909646538,0.117359909646538,0.0780776406404415,0.0780776406404415,0,0,0,13.4801468134801
4.05405405405405,9.2008458841113,0.051590549861372,0.00121774133992027,0.00010385685549949,6.67880863391252,2.99213741453763e-20,2.93256666608059,0,0,3.74634582468743,10,0,-837.837837837835,0,-783.78378378379,27.0270270270269,0.0780776406404415,0.0780776406404415,0.0780776406404415,0.0780776406404415,0.117359909646538,0.117359909646538,0.0780776406404415,0.0780776406404415,0,0,0,13.5135135135134
4.06406406406406,9.1999190039553,0.0514657759019578,0.00119564018036221,0.00010171505455502,6.67880863391252,2.67281543686766e-20,2.93149076900468,0,0,3.7474195799624,10,0,-839.906573239904,0,-785.719052385725,27.0937604270936,0.0780776406404415,0.0780776406404415,0.0780776406404415,0.0780776406404415,0.117359909646538,0.117359909646538,0.0780776406404415,0.0780776406404415,0,0,0,13.5468802135468
4.07407407407407,9.19899410621895,0.0513416028262248,0.00117394202501262,9.96181838225328e-05,6.67880863391252,2.38758732669167e-20,2.93041790316651,0,0,3.74849034892984,10,0,-841.975308641973,0,-787.65432098766,27.1604938271604,0.0780776406404415,0.0780776406404415,0.0780776406404415,0.0780776406404415,0.117359909646538,0.117359909646538,0.0780776406404415,0.0780776406404415,0,0,0,13.5802469135802
4.08408408408408,9.19807118664636,0.0512180268009938,0.00115263948807747,9.75652832706135e-05,6.67880863391252,2.1328111910214e-20,2.9293480521312,0,0,3.74955814706459,10,0,-844.044044044041,0,-789.589589589596,27.2272272272271,0.0780776406404415,0.0780776406404415,0.0780776406404415,0.0780776406404415,0.117359909646538,0.117359909646538,0.0780776406404415,0.0780776406404415,0,0,0,13.6136136136135
4.09409409409409,9.19715024091995,0.0510950440257674,0.00113172531985387,9.55554137929909e-05,6.67880863391252,1.90523434764705e-20,2.92828119959186,0,0,3.75062298973445,10,0,-846.11277944611,0,-791.524858191531,27.2939606272938,0.0780776406404415,0.0780776406404415,0.0780776406404415,0.0780776406404415,0.117359909646538,0.117359909646538,0.0780776406404415,0.0780776406404415,0,0,0,13.6469803136469
4.1041041041041,9.19623126466234,0.0509726507323724,0.00111119240420823,9.35876567425006e-05,6.67880863391252,1.70195170987343e-20,2.92721732936816,0,0,3.7516848922011,10,0,-848.181514848179,0,-793.460126793466,27.3606940273605,0.0780776406404415,0.0780776406404415,0.0780776406404415,0.0780776406404415,0.117359909646538,0.117359909646538,0.0780776406404415,0.0780776406404415,0,0,0,13.6803470136803
4.11411411411411,9.19531425343822,0.0508508431846059,0.00109103375610137,9.16611134756743e-05,6.67880863391252,1.52036862303869e-20,2.92615642540491,0,0,3.75274386962109,10,0,-850.250250250248,0,-795.395395395402,27.4274274274273,0.0780776406404415,0.0780776406404415,0.0780776406404415,0.0780776406404415,0.117359909646538,0.117359909646538,0.0780776406404415,0.0780776406404415,0,0,0,13.7137137137136
4.12412412412412,9.19439920275618,0.0507296176778875,0.00107124251915986,8.97749049077049e-05,6.67880863391252,1.3581676763492e-20,2.92509847177063,0,0,3.75379993704679,10,0,-852.318985652316,0,-797.330663997337,27.494160827494,0.0780776406404415,0.0780776406404415,0.0780776406404415,0.0780776406404415,0.117359909646538,0.117359909646538,0.0780776406404415,0.0780776406404415,0,0,0,13.747080413747
4.13413413413413,9.19348610807047,0.0506089705389158,0.00105181196329254,8.79281710775481e-05,6.67880863391252,1.21327906458569e-20,2.92404345265626,0,0,3.75485310942734,10,0,-854.387721054385,0,-799.265932599272,27.5608942275607,0.0780776406404415,0.0780776406404415,0.0780776406404415,0.0780776406404415,0.117359909646538,0.117359909646538,0.0780776406404415,0.0780776406404415,0,0,0,13.7804471137804
4.14414414414414,9.1925749647828,0.0504888981253295,0.00103273548235141,8.61200707229211e-05,6.67880863391252,1.08385411979062e-20,2.9229913523737,0,0,3.75590340160954,10,0,-856.456456456454,0,-801.201201201208,27.6276276276275,0.0780776406404415,0.0780776406404415,0.0780776406404415,0.0780776406404415,0.117359909646538,0.117359909646538,0.0780776406404415,0.0780776406404415,0,0,0,13.8138138138137
4.15415415415415,9.191665768244,0.0503693968253731,0.00101400659183617,8.43497808649685e-05,6.67880863391252,9.68241673721024e-21,2.92194215535458,0,0,3.75695082833881,10,0,-858.525191858522,0,-803.136469803143,27.6943610276942,0.0780776406404415,0.0780776406404415,0.0780776406404415,0.0780776406404415,0.117359909646538,0.117359909646538,0.0780776406404415,0.0780776406404415,0,0,0,13.8471805138471
4.16416416416416,9.19075851375574,0.0502504630575677,0.000995618926641464,8.26164964023704e-05,6.67880863391252,8.64966948168724e-21,2.92089584614885,0,0,3.75799540426007,10,0,-860.593927260591,0,-805.071738405078,27.7610944277609,0.0780776406404415,0.0780776406404415,0.0780776406404415,0.0780776406404415,0.117359909646538,0.117359909646538,0.0780776406404415,0.0780776406404415,0,0,0,13.8805472138805
4.17417417417417,9.18985319657212,0.0501320932703857,0.000977566238846101,8.09194297146709e-05,6.67880863391252,7.7271270267676e-21,2.91985240942357,0,0,3.75903714391867,10,0,-862.66266266266,0,-807.007007007013,27.8278278278277,0.0780776406404415,0.0780776406404415,0.0780776406404415,0.0780776406404415,0.117359909646538,0.117359909646538,0.0780776406404415,0.0780776406404415,0,0,0,13.9139139139138
4.18418418418418,9.18894981190133,0.05001428394193,0.000959842395543437,7.9257810274614e-05,6.67880863391252,6.90302398134687e-21,2.91881182996158,0,0,3.76007606176122,10,0,-864.731398064729,0,-808.942275608949,27.8945612278944,0.0780776406404415,0.0780776406404415,0.0780776406404415,0.0780776406404415,0.117359909646538,0.117359909646538,0.0780776406404415,0.0780776406404415,0,0,0,13.9472806139472
4.19419419419419,9.18804835490717,0.0498970315796177,0.000942441376712156,7.76308842692756e-05,6.67880863391252,6.16685160588175e-21,2.91777409266027,0,0,3.76111217213652,10,0,-866.800133466797,0,-810.877544210884,27.9612946279611,0.0780776406404415,0.0780776406404415,0.0780776406404415,0.0780776406404415,0.117359909646538,0.117359909646538,0.0780776406404415,0.0780776406404415,0,0,0,13.9806473139806
4.2042042042042,9.1871488207106,0.0497803327198681,0.000925357273126703,7.60379142297885e-05,6.67880863391252,5.50922352682281e-21,2.91673918253033,0,0,3.76214548929642,10,0,-868.868868868866,0,-812.81281281282,28.0280280280279,0.0780776406404415,0.0780776406404415,0.0780776406404415,0.0780776406404415,0.117359909646538,0.117359909646538,0.0780776406404415,0.0780776406404415,0,0,0,14.0140140140139
4.21421421421421,9.18625120439127,0.0496641839277948,0.000908584284306607,7.44781786694589e-05,6.67880863391252,4.9217558076969e-21,2.91570708469454,0,0,3.76317602739665,10,0,-870.937604270935,0,-814.748081414755,28.0947614280946,0.0780776406404415,0.0780776406404415,0.0780776406404415,0.0780776406404415,0.117359909646538,0.117359909646538,0.0780776406404415,0.0780776406404415,0,0,0,14.0473807140473
4.22422422422422,9.18535550098892,0.0495485817969016,0.000892116716503988,7.29509717300811e-05,6.67880863391252,4.39695984119862e-21,2.91467778438656,0,0,3.76420380049769,10,0,-873.006339673004,0,-816.68335001669,28.1614948281613,0.0780776406404415,0.0780776406404415,0.0780776406404415,0.0780776406404415,0.117359909646538,0.117359909646538,0.0780776406404415,0.0780776406404415,0,0,0,14.0807474140807
4.23423423423423,9.1844617055049,0.0494335229487833,0.000875948980728512,7.14556028362584e-05,6.67880863391252,3.92814669099015e-21,2.91365126694975,0,0,3.76522882256561,10,0,-875.075075075072,0,-818.618618618625,28.2282282282281,0.0780776406404415,0.0780776406404415,0.0780776406404415,0.0780776406404415,0.117359909646538,0.117359909646538,0.0780776406404415,0.0780776406404415,0,0,0,14.114114114114
4.24424424424424,9.18356981290351,0.0493190040328293,0.000860075590809114,6.99913963575458e-05,6.67880863391252,3.50934165865198e-21,2.912627517836,0,0,3.76625110747287,10,0,-877.143810477141,0,-820.553887220561,28.2949616282948,0.0780776406404415,0.0780776406404415,0.0780776406404415,0.0780776406404415,0.117359909646538,0.117359909646538,0.0780776406404415,0.0780776406404415,0,0,0,14.1474808141474
4.25425425425425,9.1826798181134,0.0492050217259325,0.000844491161491781,6.85576912782325e-05,6.67880863391252,3.13520798225966e-21,2.9116065226046,0,0,3.7672706689992,10,0,-879.21254587921,0,-822.489155822496,28.3616950283615,0.0780776406404415,0.0780776406404415,0.0780776406404415,0.0780776406404415,0.117359909646538,0.117359909646538,0.0780776406404415,0.0780776406404415,0,0,0,14.1808475141808
4.26426426426426,9.18179171602891,0.0490915727322006,0.000829190406572741,6.71538408745866e-05,6.67880863391252,2.80097869006623e-21,2.91058826692106,0,0,3.76828752083234,10,0,-881.281281281278,0,-824.424424424431,28.4284284284283,0.0780776406404415,0.0780776406404415,0.0780776406404415,0.0780776406404415,0.117359909646538,0.117359909646538,0.0780776406404415,0.0780776406404415,0,0,0,14.2142142142141
4.27427427427427,9.1809055015114,0.0489786537826725,0.000814168137066372,6.57792123993905e-05,6.67880863391252,2.50239573724887e-21,2.90957273655603,0,0,3.76930167656889,10,0,-883.350016683347,0,-826.359693026367,28.495161828495,0.0780776406404415,0.0780776406404415,0.0780776406404415,0.0780776406404415,0.117359909646538,0.117359909646538,0.0780776406404415,0.0780776406404415,0,0,0,14.2475809142475
4.28428428428428,9.18002116939049,0.0488662616350377,0.000799419259407209,6.44331867735966e-05,6.67880863391252,2.23565564697342e-21,2.90855991738421,0,0,3.77031314971509,10,0,-885.418752085416,0,-828.294961628302,28.5618952285617,0.0780776406404415,0.0780776406404415,0.0780776406404415,0.0780776406404415,0.117359909646538,0.117359909646538,0.0780776406404415,0.0780776406404415,0,0,0,14.2809476142809
4.29429429429429,9.17913871446538,0.0487543930733595,0.000784938773685382,6.31151582849403e-05,6.67880863391252,1.99736096033922e-21,2.90754979538321,0,0,3.7713219536876,10,0,-887.487487487485,0,-830.230230230237,28.6286286286285,0.0780776406404415,0.0780776406404415,0.0780776406404415,0.0780776406404415,0.117359909646538,0.117359909646538,0.0780776406404415,0.0780776406404415,0,0,0,14.3143143143142
4.3043043043043,9.17825813150603,0.0486430449078016,0.000770721771914884,6.18245342933479e-05,6.67880863391252,1.78447687415911e-21,2.90654235663254,0,0,3.77232810181428,10,0,-889.556222889553,0,-832.165498832173,28.6953620286952,0.0780776406404415,0.0780776406404415,0.0780776406404415,0.0780776406404415,0.117359909646538,0.117359909646538,0.0780776406404415,0.0780776406404415,0,0,0,14.3476810143476
4.31431431431431,9.17737941525437,0.0485322139743593,0.000756763436334042,6.05607349429838e-05,6.67880863391252,1.59429251195976e-21,2.9055375873125,0,0,3.77333160733496,10,0,-891.624958291622,0,-834.100767434108,28.7620954287619,0.0780776406404415,0.0780776406404415,0.0780776406404415,0.0780776406404415,0.117359909646538,0.117359909646538,0.0780776406404415,0.0780776406404415,0,0,0,14.381047714381
4.32432432432432,9.17650256042549,0.0484218971345927,0.000743059037737591,5.93231928807827e-05,6.67880863391252,1.42438633290837e-21,2.9045354737032,0,0,3.7743324834022,10,0,-893.693693693691,0,-836.036036036043,28.8288288288287,0.0780776406404415,0.0780776406404415,0.0780776406404415,0.0780776406404415,0.117359909646538,0.117359909646538,0.0780776406404415,0.0780776406404415,0,0,0,14.4144144144143
4.33433433433433,9.17562756170878,0.0483120912753642,0.00072960393383976,5.81113529813174e-05,6.67880863391252,1.27259523634517e-21,2.90353600218347,0,0,3.77533074308203,10,0,-895.76242909576,0,-837.971304637979,28.8955622288954,0.0780776406404415,0.0780776406404415,0.0780776406404415,0.0780776406404415,0.117359909646538,0.117359909646538,0.0780776406404415,0.0780776406404415,0,0,0,14.4477811144477
4.34434434434434,9.17475441376907,0.0482027933085796,0.000716393567667797,5.69246720778569e-05,6.67880863391252,1.13698696690552e-21,2.90253915922989,0,0,3.7763263993547,10,0,-897.831164497828,0,-839.906573239914,28.9622956289621,0.0780776406404415,0.0780776406404415,0.0780776406404415,0.0780776406404415,0.117359909646538,0.117359909646538,0.0780776406404415,0.0780776406404415,0,0,0,14.4811478144811
4.35435435435435,9.17388311124767,0.0480940001709318,0.000703423465985348,5.57626186994705e-05,6.67880863391252,1.01583546745829e-21,2.90154493141579,0,0,3.77731946511543,10,0,-899.899899899897,0,-841.841841841849,29.0290290290289,0.0780776406404415,0.0780776406404415,0.0780776406404415,0.0780776406404415,0.117359909646538,0.117359909646538,0.0780776406404415,0.0780776406404415,0,0,0,14.5145145145144
4.36436436436436,9.17301364876353,0.0479857088236487,0.000690689237745154,5.46246728140408e-05,6.67880863391252,9.07598864811023e-22,2.90055330541024,0,0,3.77830995317509,10,0,-901.968635301966,0,-843.777110443785,29.0957624290956,0.0780776406404415,0.0780776406404415,0.0780776406404415,0.0780776406404415,0.117359909646538,0.117359909646538,0.0780776406404415,0.0780776406404415,0,0,0,14.5478812145478
4.37437437437437,9.17214602091421,0.0478779162522432,0.000678186572570493,5.3510325577048e-05,6.67880863391252,8.10899806819223e-22,2.8995642679771,0,0,3.77929787626099,10,0,-904.037370704035,0,-845.71237904572,29.1624958291623,0.0780776406404415,0.0780776406404415,0.0780776406404415,0.0780776406404415,0.117359909646538,0.117359909646538,0.0780776406404415,0.0780776406404415,0,0,0,14.5812479145812
4.38438438438438,9.17128022227696,0.0477706194662676,0.000665911239264853,5.24190790859926e-05,6.67880863391252,7.24507899621228e-22,2.89857780597408,0,0,3.78028324701753,10,0,-906.106106106103,0,-847.647647647655,29.229229229229,0.0780776406404415,0.0780776406404415,0.0780776406404415,0.0780776406404415,0.117359909646538,0.117359909646538,0.0780776406404415,0.0780776406404415,0,0,0,14.6146146146145
4.39439439439439,9.17041624740967,0.04766381549907,0.000653859084349293,5.13504461403287e-05,6.67880863391252,6.4732402058517e-22,2.89759390635173,0,0,3.78126607800693,10,0,-908.174841508172,0,-849.582916249591,29.2959626292958,0.0780776406404415,0.0780776406404415,0.0780776406404415,0.0780776406404415,0.117359909646538,0.117359909646538,0.0780776406404415,0.0780776406404415,0,0,0,14.6479813146479
4.4044044044044,9.16955409085191,0.0475575014075548,0.000642026030626978,5.03039500067796e-05,6.67880863391252,5.78366306546428e-22,2.8966125561526,0,0,3.78224638170992,10,0,-910.243576910241,0,-851.518184851526,29.3626960293625,0.0780776406404415,0.0780776406404415,0.0780776406404415,0.0780776406404415,0.117359909646538,0.117359909646538,0.0780776406404415,0.0780776406404415,0,0,0,14.6813480146813
4.41441441441441,9.16869374712585,0.0474516742719456,0.000630408075774387,4.92791241899122e-05,6.67880863391252,5.16757638339427e-22,2.89563374251026,0,0,3.78322417052645,10,0,-912.312312312309,0,-853.453453453461,29.4294294294292,0.0780776406404415,0.0780776406404415,0.0780776406404415,0.0780776406404415,0.117359909646538,0.117359909646538,0.0780776406404415,0.0780776406404415,0,0,0,14.7147147147146
4.42442442442442,9.16783521073718,0.0473463311955512,0.000619001290958686,4.82755122078512e-05,6.67880863391252,4.61714461761642e-22,2.89465745264839,0,0,3.78419945677633,10,0,-914.381047714378,0,-855.388722055397,29.496162829496,0.0780776406404415,0.0780776406404415,0.0780776406404415,0.0780776406404415,0.117359909646538,0.117359909646538,0.0780776406404415,0.0780776406404415,0,0,0,14.748081414748
4.43443443443443,9.16697847617606,0.0472414693045346,0.000607801819480779,4.72926673730125e-05,6.67880863391252,4.12536802195301e-22,2.89368367387995,0,0,3.78517225269995,10,0,-916.449783116447,0,-857.323990657332,29.5628962295627,0.0780776406404415,0.0780776406404415,0.0780776406404415,0.0780776406404415,0.117359909646538,0.117359909646538,0.0780776406404415,0.0780776406404415,0,0,0,14.7814481147814
4.44444444444444,9.16612353791799,0.0471370857476851,0.000596805875443571,4.63301525777442e-05,6.67880863391252,3.68599345372505e-22,2.8927123936062,0,0,3.7861425704589,10,0,-918.518518518516,0,-859.259259259267,29.6296296296294,0.0780776406404415,0.0780776406404415,0.0780776406404415,0.0780776406404415,0.117359909646538,0.117359909646538,0.0780776406404415,0.0780776406404415,0,0,0,14.8148148148147
4.45445445445445,9.1652703904247,0.0470331776961927,0.000586009742444948,4.53875400847591e-05,6.67880863391252,3.29343470397909e-22,2.89174359931592,0,0,3.78711042213668,10,0,-920.587253920584,0,-861.194527861202,29.6963630296962,0.0780776406404415,0.0780776406404415,0.0780776406404415,0.0780776406404415,0.117359909646538,0.117359909646538,0.0780776406404415,0.0780776406404415,0,0,0,14.8481815148481
4.46446446446446,9.16441902814498,0.0469297423434262,0.000575409772295029,4.44644113222525e-05,6.67880863391252,2.94270133314211e-22,2.89077727858452,0,0,3.78807581973932,10,0,-922.655989322653,0,-863.129796463138,29.7630964297629,0.0780776406404415,0.0780776406404415,0.0780776406404415,0.0780776406404415,0.117359909646538,0.117359909646538,0.0780776406404415,0.0780776406404415,0,0,0,14.8815482148815
4.47447447447447,9.16356944551551,0.0468267769047128,0.000565002383757241,4.35603566835949e-05,6.67880863391252,2.62933510365428e-22,2.88981341907317,0,0,3.78903877519603,10,0,-924.724724724722,0,-865.065065065073,29.8298298298296,0.0780776406404415,0.0780776406404415,0.0780776406404415,0.0780776406404415,0.117359909646538,0.117359909646538,0.0780776406404415,0.0780776406404415,0,0,0,14.9149149149148
4.48448448448448,9.16272163696171,0.046724278617122,0.00055478406131275,4.26749753314985e-05,6.67880863391252,2.34935319820561e-22,2.88885200852798,0,0,3.78999930035987,10,0,-926.79346012679,0,-867.000333667008,29.8965632298964,0.0780776406404415,0.0780776406404415,0.0780776406404415,0.0780776406404415,0.117359909646538,0.117359909646538,0.0780776406404415,0.0780776406404415,0,0,0,14.9482816149482
4.49449449449449,9.1618755968985,0.0466222447392506,0.000544751353947839,4.18078750065516e-05,6.67880863391252,2.09919749889979e-22,2.88789303477921,0,0,3.79095740700832,10,0,-928.862195528859,0,-868.935602268944,29.9632966299631,0.0780776406404415,0.0780776406404415,0.0780776406404415,0.0780776406404415,0.117359909646538,0.117359909646538,0.0780776406404415,0.0780776406404415,0,0,0,14.9816483149816
4.5045045045045,9.16103131973106,0.0465206725510117,0.000534900873963785,4.09586718400239e-05,6.67880863391252,1.87568928009789e-22,2.88693648574038,0,0,3.79191310684398,10,0,-930.930930930928,0,-870.870870870879,30.0300300300298,0.0780776406404415,0.0780776406404415,0.0780776406404415,0.0780776406404415,0.117359909646538,0.117359909646538,0.0780776406404415,0.0780776406404415,0,0,0,15.0150150150149
4.51451451451451,9.16018879985564,0.0464195593534251,0.000525229295808818,4.01269901708448e-05,6.67880863391252,1.67598873684652e-22,2.88598234940755,0,0,3.79286641149514,10,0,-932.999666332997,0,-872.806139472814,30.0967634300966,0.0780776406404415,0.0780776406404415,0.0780776406404415,0.0780776406404415,0.117359909646538,0.117359909646538,0.0780776406404415,0.0780776406404415,0,0,0,15.0483817150483
4.52452452452452,9.15934803166026,0.0463189024684114,0.000515733354931766,3.93124623666573e-05,6.67880863391252,1.49755883255579e-22,2.88503061385847,0,0,3.79381733251641,10,0,-935.068401735065,0,-874.74140807475,30.1634968301633,0.0780776406404415,0.0780776406404415,0.0780776406404415,0.0780776406404415,0.117359909646538,0.117359909646538,0.0780776406404415,0.0780776406404415,0,0,0,15.0817484150817
4.53453453453453,9.15850900952543,0.0462186992385878,0.000506409846656951,3.85147286488587e-05,6.67880863391252,1.33813300475132e-22,2.88408126725183,0,0,3.79476588138934,10,0,-937.137137137134,0,-876.676676676685,30.23023023023,0.0780776406404415,0.0780776406404415,0.0780776406404415,0.0780776406404415,0.117359909646538,0.117359909646538,0.0780776406404415,0.0780776406404415,0,0,0,15.115115115115
4.54454454454454,9.15767172782488,0.0461189470270667,0.000497255625079975,3.77334369215328e-05,6.67880863391252,1.19568631698835e-22,2.88313429782645,0,0,3.79571206952299,10,0,-939.205872539203,0,-878.61194527862,30.2969636302968,0.0780776406404415,0.0780776406404415,0.0780776406404415,0.0780776406404415,0.117359909646538,0.117359909646538,0.0780776406404415,0.0780776406404415,0,0,0,15.1484818151484
4.55455455455455,9.15683618092622,0.0460196432172568,0.000488267601983975,3.69682426041882e-05,6.67880863391252,1.06840968901478e-22,2.88218969390057,0,0,3.79665590825455,10,0,-941.274607941272,0,-880.547213880556,30.3636970303635,0.0780776406404415,0.0780776406404415,0.0780776406404415,0.0780776406404415,0.117359909646538,0.117359909646538,0.0780776406404415,0.0780776406404415,0,0,0,15.1818485151817
4.56456456456456,9.15600236319164,0.0459207852126663,0.000479442745775983,3.6218808468215e-05,6.67880863391252,9.54686876567021e-23,2.88124744387106,0,0,3.79759740884993,10,0,-943.34334334334,0,-882.482482482491,30.4304304304302,0.0780776406404415,0.0780776406404415,0.0780776406404415,0.0780776406404415,0.117359909646538,0.117359909646538,0.0780776406404415,0.0780776406404415,0,0,0,15.2152152152151
4.57457457457457,9.15517026897854,0.0458223704367091,0.000470778080443012,3.54848044769753e-05,6.67880863391252,8.53073907279534e-23,2.88030753621267,0,0,3.79853658250432,10,0,-945.412078745409,0,-884.417751084426,30.497163830497,0.0780776406404415,0.0780776406404415,0.0780776406404415,0.0780776406404415,0.117359909646538,0.117359909646538,0.0780776406404415,0.0780776406404415,0,0,0,15.2485819152485
4.58458458458458,9.15433989264017,0.0457243963325126,0.0004622706845275,3.47659076294445e-05,6.67880863391252,7.62280710536756e-23,2.87936995947734,0,0,3.79947344034281,10,0,-947.480814147478,0,-886.353019686362,30.5638972305637,0.0780776406404415,0.0780776406404415,0.0780776406404415,0.0780776406404415,0.117359909646538,0.117359909646538,0.0780776406404415,0.0780776406404415,0,0,0,15.2819486152818
4.59459459459459,9.15351122852628,0.0456268603627286,0.000453917690121744,3.4061801807324e-05,6.67880863391252,6.81154707093385e-23,2.87843470229344,0,0,3.80040799342089,10,0,-949.549549549546,0,-888.288288288297,30.6306306306304,0.0780776406404415,0.0780776406404415,0.0780776406404415,0.0780776406404415,0.117359909646538,0.117359909646538,0.0780776406404415,0.0780776406404415,0,0,0,15.3153153153152
4.6046046046046,9.1526842709837,0.0455297600093454,0.000445716281880983,3.3372177625545e-05,6.67880863391252,6.08666149295781e-23,2.87750175336505,0,0,3.80134025272509,10,0,-951.618284951615,0,-890.223556890232,30.6973640306972,0.0780776406404415,0.0780776406404415,0.0780776406404415,0.0780776406404415,0.117359909646538,0.117359909646538,0.0780776406404415,0.0780776406404415,0,0,0,15.3486820153486
4.61461461461461,9.15185901435695,0.0454330927735033,0.000437663696054775,3.2696732286088e-05,6.67880863391252,5.43895025071937e-23,2.8765711014713,0,0,3.80227022917351,10,0,-953.687020353684,0,-892.158825492168,30.7640974307639,0.0780776406404415,0.0780776406404415,0.0780776406404415,0.0780776406404415,0.117359909646538,0.117359909646538,0.0780776406404415,0.0780776406404415,0,0,0,15.3820487153819
4.62462462462462,9.15103545298882,0.0453368561753117,0.000429757219536319,3.2035169435041e-05,6.67880863391252,4.86019358806402e-23,2.87564273546561,0,0,3.80319793361635,10,0,-955.755755755753,0,-894.094094094103,30.8308308308306,0.0780776406404415,0.0780776406404415,0.0780776406404415,0.0780776406404415,0.117359909646538,0.117359909646538,0.0780776406404415,0.0780776406404415,0,0,0,15.4154154154153
4.63463463463463,9.15021358122093,0.0452410477536684,0.000421994188929403,3.13871990228251e-05,6.67880863391252,4.34304760034274e-23,2.87471664427505,0,0,3.8041233768365,10,0,-957.824491157821,0,-896.029362696038,30.8975642308974,0.0780776406404415,0.0780776406404415,0.0780776406404415,0.0780776406404415,0.117359909646538,0.117359909646538,0.0780776406404415,0.0780776406404415,0,0,0,15.4487821154487
4.64464464464464,9.14939339339426,0.045145665066081,0.000414371989632643,3.07525371675136e-05,6.67880863391252,3.88095086803034e-23,2.87379281689964,0,0,3.80504656955005,10,0,-959.89322655989,0,-897.964631297973,30.9642976309641,0.0780776406404415,0.0780776406404415,0.0780776406404415,0.0780776406404415,0.117359909646538,0.117359909646538,0.0780776406404415,0.0780776406404415,0,0,0,15.482148815482
4.65465465465465,9.14857488384974,0.0450507056884908,0.000406888054940682,3.01309060211769e-05,6.67880863391252,3.46804104765603e-23,2.87287124241169,0,0,3.80596752240685,10,0,-961.961961961959,0,-899.899899899909,31.0310310310308,0.0780776406404415,0.0780776406404415,0.0780776406404415,0.0780776406404415,0.117359909646538,0.117359909646538,0.0780776406404415,0.0780776406404415,0,0,0,15.5155155155154
4.66466466466466,9.14775804692873,0.0449561672150982,0.000399539865162047,2.9522033639182e-05,6.67880863391252,3.09908035764569e-23,2.87195190995513,0,0,3.80688624599103,10,0,-964.030697364028,0,-901.835168501844,31.0977644310976,0.0780776406404415,0.0780776406404415,0.0780776406404415,0.0780776406404415,0.117359909646538,0.117359909646538,0.0780776406404415,0.0780776406404415,0,0,0,15.5488822155488
4.67467467467467,9.14694287697355,0.0448620472581908,0.000392324946753343,2.89256538523827e-05,6.67880863391252,2.76938901007979e-23,2.87103480874485,0,0,3.80780275082152,10,0,-966.099432766096,0,-903.770437103779,31.1644978311643,0.0780776406404415,0.0780776406404415,0.0780776406404415,0.0780776406404415,0.117359909646538,0.117359909646538,0.0780776406404415,0.0780776406404415,0,0,0,15.5822489155821
4.68468468468468,9.14612936832797,0.0447683434479729,0.000385240871469489,2.83415061421326e-05,6.67880863391252,2.47478574066562e-23,2.87011992806606,0,0,3.8087170473526,10,0,-968.168168168165,0,-905.705705705715,31.231231231231,0.0780776406404415,0.0780776406404415,0.0780776406404415,0.0780776406404415,0.117359909646538,0.117359909646538,0.0780776406404415,0.0780776406404415,0,0,0,15.6156156156155
4.69469469469469,9.14531751533771,0.0446750534323973,0.000378285255529682,2.77693355180595e-05,6.67880863391252,2.21153467969912e-23,2.86920725727365,0,0,3.80962914597439,10,0,-970.236903570234,0,-907.64097430765,31.2979646312977,0.0780776406404415,0.0780776406404415,0.0780776406404415,0.0780776406404415,0.117359909646538,0.117359909646538,0.0780776406404415,0.0780776406404415,0,0,0,15.6489823156489
4.7047047047047,9.14450731235087,0.0445821748769992,0.000371455758798816,2.72088923985364e-05,6.67880863391252,1.97629788760804e-23,2.86829678579157,0,0,3.81053905701335,10,0,-972.305638972302,0,-909.576242909585,31.3646980313645,0.0780776406404415,0.0780776406404415,0.0780776406404415,0.0780776406404415,0.117359909646538,0.117359909646538,0.0780776406404415,0.0780776406404415,0,0,0,15.6823490156822
4.71471471471471,9.14369875371847,0.044489705464732,0.000364750083984054,2.66599324937906e-05,6.67880863391252,1.76609295085441e-23,2.86738850311218,0,0,3.81144679073283,10,0,-974.374374374371,0,-911.511511511521,31.4314314314312,0.0780776406404415,0.0780776406404415,0.0780776406404415,0.0780776406404415,0.117359909646538,0.117359909646538,0.0780776406404415,0.0780776406404415,0,0,0,15.7157157157156
4.72472472472472,9.14289183379484,0.0443976428958043,0.000358165975846268,2.61222166915899e-05,6.67880863391252,1.57825509845409e-23,2.86648239879568,0,0,3.81235235733353,10,0,-976.44310977644,0,-913.446780113456,31.4981648314979,0.0780776406404415,0.0780776406404415,0.0780776406404415,0.0780776406404415,0.117359909646538,0.117359909646538,0.0780776406404415,0.0780776406404415,0,0,0,15.749082415749
4.73473473473473,9.14208654693805,0.0443059848875202,0.00035170122042609,2.55955109454479e-05,6.67880863391252,1.41040335696615e-23,2.86557846246944,0,0,3.81325576695403,10,0,-978.511845178509,0,-915.382048715391,31.5648982315647,0.0780776406404415,0.0780776406404415,0.0780776406404415,0.0780776406404415,0.117359909646538,0.117359909646538,0.0780776406404415,0.0780776406404415,0,0,0,15.7824491157823
4.74474474474474,9.14128288751038,0.04421472917412,0.000345353644284273,2.5079586165293e-05,6.67880863391252,1.26041031325169e-23,2.86467668382745,0,0,3.81415702967124,10,0,-980.580580580577,0,-917.317317317327,31.6316316316314,0.0780776406404415,0.0780776406404415,0.0780776406404415,0.0780776406404415,0.117359909646538,0.117359909646538,0.0780776406404415,0.0780776406404415,0,0,0,15.8158158158157
4.75475475475475,9.14048084987872,0.0441238735066235,0.000339121113756124,2.45742181105438e-05,6.67880863391252,1.12637510025603e-23,2.86377705262971,0,0,3.81505615550092,10,0,-982.649315982646,0,-919.252585919262,31.6983650316981,0.0780776406404415,0.0780776406404415,0.0780776406404415,0.0780776406404415,0.117359909646538,0.117359909646538,0.0780776406404415,0.0780776406404415,0,0,0,15.8491825158491
4.76476476476476,9.13968042841497,0.0440334156526753,0.000333001534219727,2.40791872855382e-05,6.67880863391252,1.00659926211744e-23,2.86287955870165,0,0,3.81595315439816,10,0,-984.718051384715,0,-921.187854521197,31.7650984317649,0.0780776406404415,0.0780776406404415,0.0780776406404415,0.0780776406404415,0.117359909646538,0.117359909646538,0.0780776406404415,0.0780776406404415,0,0,0,15.8825492158824
4.77477477477477,9.13888161749641,0.0439433533963909,0.000326992849377708,2.35942788372622e-05,6.67880863391252,8.99565191573178e-24,2.86198419193352,0,0,3.81684803625784,10,0,-986.786786786784,0,-923.123123123133,31.8318318318316,0.0780776406404415,0.0780776406404415,0.0780776406404415,0.0780776406404415,0.117359909646538,0.117359909646538,0.0780776406404415,0.0780776406404415,0,0,0,15.9159159159158
4.78478478478478,9.13808441150615,0.043853684538206,0.000321093040552289,2.31192824553279e-05,6.67880863391252,8.03916865387192e-24,2.86109094227986,0,0,3.81774081091512,10,0,-988.855522188852,0,-925.058391725068,31.8985652318983,0.0780776406404415,0.0780776406404415,0.0780776406404415,0.0780776406404415,0.117359909646538,0.117359909646538,0.0780776406404415,0.0780776406404415,0,0,0,15.9492826159492
4.79479479479479,9.13728880483342,0.043764406894726,0.00031530012599338,2.26539922741489e-05,6.67880863391252,7.18442632782202e-24,2.86019979975891,0,0,3.81863148814588,10,0,-990.924257590921,0,-926.993660327003,31.9652986319651,0.0780776406404415,0.0780776406404415,0.0780776406404415,0.0780776406404415,0.117359909646538,0.117359909646538,0.0780776406404415,0.0780776406404415,0,0,0,15.9826493159825
4.8048048048048,9.13649479187402,0.0436755182985785,0.000309612160199475,2.21982067772646e-05,6.67880863391252,6.42059837994322e-24,2.85931075445207,0,0,3.81952007766722,10,0,-992.99299299299,0,-928.928928928939,32.0320320320318,0.0780776406404415,0.0780776406404415,0.0780776406404415,0.0780776406404415,0.117359909646538,0.117359909646538,0.0780776406404415,0.0780776406404415,0,0,0,16.0160160160159
4.81481481481481,9.13570236703059,0.0435870165982663,0.000304027233251101,2.17517287037652e-05,6.67880863391252,5.73801081414936e-24,2.85842379650331,0,0,3.82040658913791,10,0,-995.061728395058,0,-930.864197530874,32.0987654320985,0.0780776406404415,0.0780776406404415,0.0780776406404415,0.0780776406404415,0.117359909646538,0.117359909646538,0.0780776406404415,0.0780776406404415,0,0,0,16.0493827160493
4.82482482482482,9.13491152471302,0.0434988996580235,0.000298543470156599,2.13143649567695e-05,6.67880863391252,5.12801944639696e-24,2.85753891611866,0,0,3.82129103215881,10,0,-997.130463797127,0,-932.799466132809,32.1654988321653,0.0780776406404415,0.0780776406404415,0.0780776406404415,0.0780776406404415,0.117359909646538,0.117359909646538,0.0780776406404415,0.0780776406404415,0,0,0,16.0827494160826
4.83483483483483,9.13412225933877,0.0434111653576717,0.000293159030209998,2.08859265139107e-05,6.67880863391252,4.58290023374379e-24,2.85665610356566,0,0,3.82217341627337,10,0,-999.199199199196,0,-934.734734734745,32.232232232232,0.0780776406404415,0.0780776406404415,0.0780776406404415,0.0780776406404415,0.117359909646538,0.117359909646538,0.0780776406404415,0.0780776406404415,0,0,0,16.116116116116
4.84484484484484,9.13333456533315,0.0433238115924786,0.000287872106360767,2.04662283397842e-05,6.67880863391252,4.09575128789348e-24,2.85577534917282,0,0,3.82305375096803,10,0,-1001.26793460126,0,-936.67000333668,32.2989656322987,0.0780776406404415,0.0780776406404415,0.0780776406404415,0.0780776406404415,0.117359909646538,0.117359909646538,0.0780776406404415,0.0780776406404415,0,0,0,16.1494828161494
4.85485485485485,9.1325484371297,0.0432368362730185,0.00028268092459521,2.00550893003136e-05,6.67880863391252,3.6604053278085e-24,2.85489664332911,0,0,3.82393204567271,10,0,-1003.33667000333,0,-938.605271938615,32.3656990323655,0.0780776406404415,0.0780776406404415,0.0780776406404415,0.0780776406404415,0.117359909646538,0.117359909646538,0.0780776406404415,0.0780776406404415,0,0,0,16.1828495161827
4.86486486486486,9.13176386917047,0.0431502373250338,0.0002775837433293,1.96523320789927e-05,6.67880863391252,3.27135145877757e-24,2.85401997648341,0,0,3.82480830976119,10,0,-1005.4054054054,0,-940.540540540551,32.4324324324322,0.0780776406404415,0.0780776406404415,0.0780776406404415,0.0780776406404415,0.117359909646538,0.117359909646538,0.0780776406404415,0.0780776406404415,0,0,0,16.2162162162161
4.87487487487487,9.13098085590631,0.0430640126892981,0.000272578852812738,1.92577830949605e-05,6.67880863391252,2.92366528395997e-24,2.85314533914402,0,0,3.8256825525516,10,0,-1007.47414080747,0,-942.475809142486,32.4991658324989,0.0780776406404415,0.0780776406404415,0.0780776406404415,0.0780776406404415,0.117359909646538,0.117359909646538,0.0780776406404415,0.0780776406404415,0,0,0,16.2495829162495
4.88488488488488,9.13019939179719,0.042978160321481,0.000267664574544021,1.88712724228698e-05,6.67880863391252,2.61294646040958e-24,2.85227272187814,0,0,3.82655478330681,10,0,-1009.54287620954,0,-944.411077744421,32.5658992325657,0.0780776406404415,0.0780776406404415,0.0780776406404415,0.0780776406404415,0.117359909646538,0.117359909646538,0.0780776406404415,0.0780776406404415,0,0,0,16.2829496162828
4.89489489489489,9.12941947131244,0.0428926781920145,0.000262839260696316,1.84926337145065e-05,6.67880863391252,2.33526290625723e-24,2.85140211531137,0,0,3.82742501123486,10,0,-1011.61161161161,0,-946.346346346357,32.6326326326324,0.0780776406404415,0.0780776406404415,0.0780776406404415,0.0780776406404415,0.117359909646538,0.117359909646538,0.0780776406404415,0.0780776406404415,0,0,0,16.3163163163162
4.9049049049049,9.12864108893108,0.0428075642859606,0.00025810129355395,1.81217041221242e-05,6.67880863391252,2.08710095030718e-24,2.85053351012722,0,0,3.82829324548942,10,0,-1013.68034701368,0,-948.281614948292,32.6993660326991,0.0780776406404415,0.0780776406404415,0.0780776406404415,0.0780776406404415,0.117359909646538,0.117359909646538,0.0780776406404415,0.0780776406404415,0,0,0,16.3496830163496
4.91491491491491,9.12786423914204,0.0427228166028806,0.000253449084959303,1.77583242234528e-05,6.67880863391252,1.86532079085953e-24,2.84966689706661,0,0,3.82915949517014,10,0,-1015.74908241575,0,-950.216883550227,32.7660994327659,0.0780776406404415,0.0780776406404415,0.0780776406404415,0.0780776406404415,0.117359909646538,0.117359909646538,0.0780776406404415,0.0780776406404415,0,0,0,16.3830497163829
4.92492492492492,9.12708891644443,0.0426384331567058,0.000248881075769921,1.7402337948345e-05,6.67880863391252,1.66711669806859e-24,2.84880226692736,0,0,3.83002376932311,10,0,-1017.81781781781,0,-952.152152152162,32.8328328328326,0.0780776406404415,0.0780776406404415,0.0780776406404415,0.0780776406404415,0.117359909646538,0.117359909646538,0.0780776406404415,0.0780776406404415,0,0,0,16.4164164164163
4.93493493493493,9.12631511534782,0.0425544119756092,0.000244395735325658,1.70535925070243e-05,6.67880863391252,1.48998145444658e-24,2.84793961056377,0,0,3.83088607694126,10,0,-1019.88655321988,0,-954.087420754098,32.8995662328993,0.0780776406404415,0.0780776406404415,0.0780776406404415,0.0780776406404415,0.117359909646538,0.117359909646538,0.0780776406404415,0.0780776406404415,0,0,0,16.4497831164497
4.94494494494494,9.12554283037244,0.0424707511018798,0.000239991560925652,1.67119383198984e-05,6.67880863391252,1.33167458199115e-24,2.84707891888607,0,0,3.83174642696477,10,0,-1021.95528862195,0,-956.022689356033,32.9662996329661,0.0780776406404415,0.0780776406404415,0.0780776406404415,0.0780776406404415,0.117359909646538,0.117359909646538,0.0780776406404415,0.0780776406404415,0,0,0,16.483149816483
4.95495495495495,9.12477205604945,0.0423874485917964,0.00023566707731497,1.63772289489035e-05,6.67880863391252,1.19019395253997e-24,2.84622018286002,0,0,3.83260482828145,10,0,-1024.02402402402,0,-957.957957957968,33.0330330330328,0.0780776406404415,0.0780776406404415,0.0780776406404415,0.0780776406404415,0.117359909646538,0.117359909646538,0.0780776406404415,0.0780776406404415,0,0,0,16.5165165165164
4.96496496496496,9.12400278692117,0.0423045025155049,0.000231420836180719,1.60493210303446e-05,6.67880863391252,1.06375042094865e-24,2.84536339350638,0,0,3.83346128972717,10,0,-1026.09275942609,0,-959.893226559904,33.0997664330995,0.0780776406404415,0.0780776406404415,0.0780776406404415,0.0780776406404415,0.117359909646538,0.117359909646538,0.0780776406404415,0.0780776406404415,0,0,0,16.5498832165498
4.97497497497497,9.12323501754126,0.0422219109568952,0.00022725141565747,1.57280742092002e-05,6.67880863391252,9.50745159097482e-25,2.84450854190053,0,0,3.8343158200862,10,0,-1028.16149482816,0,-961.828495161839,33.1664998331662,0.0780776406404415,0.0780776406404415,0.0780776406404415,0.0780776406404415,0.117359909646538,0.117359909646538,0.0780776406404415,0.0780776406404415,0,0,0,16.5832499165831
4.98498498498498,9.12246874247501,0.0421396720134804,0.000223157419841806,1.54133510748563e-05,6.67880863391252,8.49749403046317e-25,2.84365561917191,0,0,3.83516842809169,10,0,-1030.23023023023,0,-963.763763763774,33.233233233233,0.0780776406404415,0.0780776406404415,0.0780776406404415,0.0780776406404415,0.117359909646538,0.117359909646538,0.0780776406404415,0.0780776406404415,0,0,0,16.6166166166165
4.99499499499499,9.12170395629948,0.0420577837962769,0.000219137478315833,1.51050170982409e-05,6.67880863391252,7.59486356312451e-25,2.84280461650368,0,0,3.83601912242594,10,0,-1032.2989656323,0,-965.69903236571,33.2999666332997,0.0780776406404415,0.0780776406404415,0.0780776406404415,0.0780776406404415,0.117359909646538,0.117359909646538,0.0780776406404415,0.0780776406404415,0,0,0,16.6499833166499
5.00500500500501,9.12094065360375,0.0419762444296861,0.000215190245679483,1.48029405703254e-05,6.67880863391252,6.78815019633998e-25,2.84195552513219,0,0,3.8368679117209,10,0,-1034.36770103436,0,-967.634300967645,33.3667000333664,0.0780776406404415,0.0780776406404415,0.0780776406404415,0.0780776406404415,0.117359909646538,0.117359909646538,0.0780776406404415,0.0780776406404415,0,0,0,16.6833500166832
5.01501501501502,9.12017882898908,0.0418950520513774,0.000211314401091449,1.45069925419637e-05,6.67880863391252,6.06715742049055e-25,2.84110833634659,0,0,3.83771480455847,10,0,-1036.43643643643,0,-969.56956956958,33.4334334334332,0.0780776406404415,0.0780776406404415,0.0780776406404415,0.0780776406404415,0.117359909646538,0.117359909646538,0.0780776406404415,0.0780776406404415,0,0,0,16.7167167167166
5.02502502502503,9.11941847706913,0.0418142048121716,0.000207508647818588,1.4217046765039e-05,6.67880863391252,5.42277309980775e-25,2.84026304148839,0,0,3.8385598094709,10,0,-1038.5051718385,0,-971.504838171516,33.5001668334999,0.0780776406404415,0.0780776406404415,0.0780776406404415,0.0780776406404415,0.117359909646538,0.117359909646538,0.0780776406404415,0.0780776406404415,0,0,0,16.75008341675
5.03503503503504,9.11865959247013,0.0417337008759271,0.000203771712793641,1.39329796348903e-05,6.67880863391252,4.84685410548097e-25,2.83941963195099,0,0,3.83940293494117,10,0,-1040.57390724057,0,-973.440106773451,33.5669002335666,0.0780776406404415,0.0780776406404415,0.0780776406404415,0.0780776406404415,0.117359909646538,0.117359909646538,0.0780776406404415,0.0780776406404415,0,0,0,16.7834501167833
5.04504504504505,9.11790216983107,0.041653538419426,0.000200102346181113,1.36546701339878e-05,6.67880863391252,4.33212322770059e-25,2.83857809917931,0,0,3.84024418940334,10,0,-1042.64264264264,0,-975.375375375386,33.6336336336334,0.0780776406404415,0.0780776406404415,0.0780776406404415,0.0780776406404415,0.117359909646538,0.117359909646538,0.0780776406404415,0.0780776406404415,0,0,0,16.8168168168167
5.05505505505506,9.11714620380385,0.0415737156322617,0.000196499320951149,1.33819997768326e-05,6.67880863391252,3.87207705920084e-25,2.83773843466934,0,0,3.84108358124295,10,0,-1044.71137804471,0,-977.310643977322,33.7003670337001,0.0780776406404415,0.0780776406404415,0.0780776406404415,0.0780776406404415,0.117359909646538,0.117359909646538,0.0780776406404415,0.0780776406404415,0,0,0,16.8501835168501
5.06506506506507,9.11639168905337,0.0414942307166372,0.000192961432302433,1.31148525385273e-05,6.67880863391252,3.46089927860093e-25,2.83690062996736,0,0,3.8419211187977,10,0,-1046.78011344678,0,-979.245912579257,33.7671004337668,0.0780776406404415,0.0780776406404415,0.0780776406404415,0.0780776406404415,0.117359909646538,0.117359909646538,0.0780776406404415,0.0780776406404415,0,0,0,16.8835502168834
5.07507507507508,9.11563862025827,0.0414150818877827,0.000189487498168792,1.28531149031389e-05,6.67880863391252,3.09341194226722e-25,2.83606467667163,0,0,3.8427568103558,10,0,-1048.84884884885,0,-981.181181181192,33.8338338338336,0.0780776406404415,0.0780776406404415,0.0780776406404415,0.0780776406404415,0.117359909646538,0.117359909646538,0.0780776406404415,0.0780776406404415,0,0,0,16.9169169169168
5.08508508508509,9.11488699211017,0.0413362673730409,0.000186076357403003,1.25966756560427e-05,6.67880863391252,2.76496905611054e-25,2.83523056642878,0,0,3.8435906641594,10,0,-1050.91758425092,0,-983.116449783128,33.9005672339003,0.0780776406404415,0.0780776406404415,0.0780776406404415,0.0780776406404415,0.117359909646538,0.117359909646538,0.0780776406404415,0.0780776406404415,0,0,0,16.9502836169502
5.0950950950951,9.11413679931419,0.0412577854120416,0.000182726869891363,1.23454258902056e-05,6.67880863391252,2.47141604550028e-25,2.83439829093453,0,0,3.84442268840389,10,0,-1052.98631965298,0,-985.051718385063,33.967300633967,0.0780776406404415,0.0780776406404415,0.0780776406404415,0.0780776406404415,0.117359909646538,0.117359909646538,0.0780776406404415,0.0780776406404415,0,0,0,16.9836503169835
5.10510510510511,9.11338803658913,0.0411796342566699,0.000179437916293798,1.20992589708167e-05,6.67880863391252,2.20904051234457e-25,2.83356784193357,0,0,3.84525289123792,10,0,-1055.05505505505,0,-986.986986986998,34.0340340340338,0.0780776406404415,0.0780776406404415,0.0780776406404415,0.0780776406404415,0.117359909646538,0.117359909646538,0.0780776406404415,0.0780776406404415,0,0,0,17.0170170170169
5.11511511511512,9.11264069866774,0.0411018121710983,0.000176208397897523,1.18580705127916e-05,6.67880863391252,1.97453031605356e-25,2.83273921121975,0,0,3.84608128076328,10,0,-1057.12379045712,0,-988.922255588933,34.1007674341005,0.0780776406404415,0.0780776406404415,0.0780776406404415,0.0780776406404415,0.117359909646538,0.117359909646538,0.0780776406404415,0.0780776406404415,0,0,0,17.0503837170503
5.12512512512513,9.11189478029677,0.0410243174315583,0.00017303723602395,1.16217583093136e-05,6.67880863391252,1.76492493477842e-25,2.83191239063517,0,0,3.84690786503566,10,0,-1059.19252585919,0,-990.857524190869,34.1675008341672,0.0780776406404415,0.0780776406404415,0.0780776406404415,0.0780776406404415,0.117359909646538,0.117359909646538,0.0780776406404415,0.0780776406404415,0,0,0,17.0837504170836
5.13513513513514,9.11115027623709,0.0409471483262368,0.000169923371662167,1.13902222856739e-05,6.67880863391252,1.57757847123722e-25,2.83108737206978,0,0,3.84773265206503,10,0,-1061.26126126126,0,-992.792792792804,34.234234234234,0.0780776406404415,0.0780776406404415,0.0780776406404415,0.0780776406404415,0.117359909646538,0.117359909646538,0.0780776406404415,0.0780776406404415,0,0,0,17.117117117117
5.14514514514515,9.11040718126378,0.0408703031551747,0.000166865765108574,1.11633644540345e-05,6.67880863391252,1.41012625346206e-25,2.83026414746103,0,0,3.84855564981595,10,0,-1063.32999666333,0,-994.728061394739,34.3009676343007,0.0780776406404415,0.0780776406404415,0.0780776406404415,0.0780776406404415,0.117359909646538,0.117359909646538,0.0780776406404415,0.0780776406404415,0,0,0,17.1504838171503
5.15515515515516,9.10966549016631,0.0407937802301657,0.000163863395613108,1.09410888691598e-05,6.67880863391252,1.26045491634718e-25,2.82944270879346,0,0,3.84937686620793,10,0,-1065.3987320654,0,-996.663329996675,34.3677010343674,0.0780776406404415,0.0780776406404415,0.0780776406404415,0.0780776406404415,0.117359909646538,0.117359909646538,0.0780776406404415,0.0780776406404415,0,0,0,17.1838505171837
5.16516516516517,9.10892519774858,0.0407175778746566,0.00016091526103198,1.07233015851063e-05,6.67880863391252,1.12667568393846e-25,2.82862304809837,0,0,3.85019630911574,10,0,-1067.46746746747,0,-998.59859859861,34.4344344344342,0.0780776406404415,0.0780776406404415,0.0780776406404415,0.0780776406404415,0.117359909646538,0.117359909646538,0.0780776406404415,0.0780776406404415,0,0,0,17.2172172172171
5.17517517517518,9.10818629882912,0.0406416944236484,0.000158020377486826,1.05099106128479e-05,6.67880863391252,1.00710049303353e-25,2.82780515745338,0,0,3.85101398636975,10,0,-1069.53620286954,0,-1000.53386720055,34.5011678345009,0.0780776406404415,0.0780776406404415,0.0780776406404415,0.0780776406404415,0.117359909646538,0.117359909646538,0.0780776406404415,0.0780776406404415,0,0,0,17.2505839172504
5.18518518518519,9.10744878824112,0.0405661282235985,0.000155177779030128,1.03008258788154e-05,6.67880863391252,9.00220655848684e-26,2.82698902898214,0,0,3.85182990575626,10,0,-1071.6049382716,0,-1002.46913580248,34.5679012345676,0.0780776406404415,0.0780776406404415,0.0780776406404415,0.0780776406404415,0.117359909646538,0.117359909646538,0.0780776406404415,0.0780776406404415,0,0,0,17.2839506172838
5.1951951951952,9.10671266083259,0.0404908776323242,0.000152386517316794,1.00959591843308e-05,6.67880863391252,8.04687791954849e-26,2.82617465485392,0,0,3.85264407501778,10,0,-1073.67367367367,0,-1004.40440440442,34.6346346346344,0.0780776406404415,0.0780776406404415,0.0780776406404415,0.0780776406404415,0.117359909646538,0.117359909646538,0.0780776406404415,0.0780776406404415,0,0,0,17.3173173173172
5.20520520520521,9.10597791146641,0.0404159410189066,0.000149645661281793,9.89522416591613e-06,6.67880863391252,7.19296788001444e-26,2.82536202728327,0,0,3.85345650185342,10,0,-1075.74240907574,0,-1006.33967300635,34.7013680347011,0.0780776406404415,0.0780776406404415,0.0780776406404415,0.0780776406404415,0.117359909646538,0.117359909646538,0.0780776406404415,0.0780776406404415,0,0,0,17.3506840173505
5.21521521521522,9.10524453502046,0.0403413167635961,0.000146954296823723,9.69853625645845e-06,6.67880863391252,6.4297056949477e-26,2.82455113852965,0,0,3.85426719391913,10,0,-1077.81114447781,0,-1008.27494160829,34.7681014347678,0.0780776406404415,0.0780776406404415,0.0780776406404415,0.0780776406404415,0.117359909646538,0.117359909646538,0.0780776406404415,0.0780776406404415,0,0,0,17.3840507173839
5.22522522522523,9.10451252638771,0.0402670032577186,0.000144311526494203,9.50581264721081e-06,6.67880863391252,5.74746491861696e-26,2.82374198089708,0,0,3.85507615882809,10,0,-1079.87987987988,0,-1010.21021021022,34.8348348348346,0.0780776406404415,0.0780776406404415,0.0780776406404415,0.0780776406404415,0.117359909646538,0.117359909646538,0.0780776406404415,0.0780776406404415,0,0,0,17.4174174174173
5.23523523523524,9.10378188047629,0.0401929989035822,0.00014171646919298,9.31697225061228e-06,6.67880863391252,5.13764178543652e-26,2.82293454673382,0,0,3.85588340415095,10,0,-1081.94861528195,0,-1012.14547881216,34.9015682349013,0.0780776406404415,0.0780776406404415,0.0780776406404415,0.0780776406404415,0.117359909646538,0.117359909646538,0.0780776406404415,0.0780776406404415,0,0,0,17.4507841174506
5.24524524524525,9.10305259220958,0.0401193021143863,0.000139168259868661,9.1319356639081e-06,6.67880863391252,4.59254652197485e-26,2.822128828432,0,0,3.85668893741618,10,0,-1084.01735068402,0,-1014.08074741409,34.968301634968,0.0780776406404415,0.0780776406404415,0.0780776406404415,0.0780776406404415,0.117359909646538,0.117359909646538,0.0780776406404415,0.0780776406404415,0,0,0,17.484150817484
5.25525525525526,9.10232465652629,0.0400459113141297,0.000136666049224935,8.95062513355279e-06,6.67880863391252,4.10530621459542e-26,2.82132481842728,0,0,3.85749276611037,10,0,-1086.08608608609,0,-1016.01601601603,35.0350350350348,0.0780776406404415,0.0780776406404415,0.0780776406404415,0.0780776406404415,0.117359909646538,0.117359909646538,0.0780776406404415,0.0780776406404415,0,0,0,17.5175175175174
5.26526526526527,9.10159806838054,0.0399728249375211,0.000134209003432215,8.77296452037888e-06,6.67880863391252,3.66977800365341e-26,2.82052250919852,0,0,3.85829489767852,10,0,-1088.15482148815,0,-1017.95128461796,35.1017684351015,0.0780776406404415,0.0780776406404415,0.0780776406404415,0.0780776406404415,0.117359909646538,0.117359909646538,0.0780776406404415,0.0780776406404415,0,0,0,17.5508842175507
5.27527527527528,9.10087282274193,0.03990004142989,0.000131796303844584,8.59887926551461e-06,6.67880863391252,3.28047150595129e-26,2.81972189326744,0,0,3.85909533952435,10,0,-1090.22355689022,0,-1019.8865532199,35.1685018351682,0.0780776406404415,0.0780776406404415,0.0780776406404415,0.0780776406404415,0.117359909646538,0.117359909646538,0.0780776406404415,0.0780776406404415,0,0,0,17.5842509175841
5.28528528528529,9.1001489145956,0.0398275592470983,0.000129427146721938,8.4282963570341e-06,6.67880863391252,2.93247948401494e-26,2.81892296319828,0,0,3.85989409901059,10,0,-1092.29229229229,0,-1021.82182182183,35.235235235235,0.0780776406404415,0.0780776406404415,0.0780776406404415,0.0780776406404415,0.117359909646538,0.117359909646538,0.0780776406404415,0.0780776406404415,0,0,0,17.6176176176175
5.2952952952953,9.09942633894231,0.0397553768554534,0.000127100742957257,8.26114429732388e-06,6.67880863391252,2.62141588517085e-26,2.81812571159753,0,0,3.86069118345929,10,0,-1094.36102769436,0,-1023.75709042377,35.3019686353017,0.0780776406404415,0.0780776406404415,0.0780776406404415,0.0780776406404415,0.117359909646538,0.117359909646538,0.0780776406404415,0.0780776406404415,0,0,0,17.6509843176508
5.30530530530531,9.0987050907985,0.0396834927316213,0.000124816317808883,8.09735307115031e-06,6.67880863391252,2.34336046671081e-26,2.81733013111351,0,0,3.86148660015208,10,0,-1096.42976309643,0,-1025.6923590257,35.3687020353684,0.0780776406404415,0.0780776406404415,0.0780776406404415,0.0780776406404415,0.117359909646538,0.117359909646538,0.0780776406404415,0.0780776406404415,0,0,0,17.6843510176842
5.31531531531532,9.09798516519633,0.0396119053625415,0.00012257311063772,7.93685411441229e-06,6.67880863391252,2.09480930680458e-26,2.81653621443613,0,0,3.8622803563305,10,0,-1098.4984984985,0,-1027.62762762764,35.4354354354351,0.0780776406404415,0.0780776406404415,0.0780776406404415,0.0780776406404415,0.117359909646538,0.117359909646538,0.0780776406404415,0.0780776406404415,0,0,0,17.7177177177176
5.32532532532533,9.09726655718376,0.0395406132453423,0.000120370374649276,7.77958028356448e-06,6.67880863391252,1.87263057532278e-26,2.81574395429655,0,0,3.86307245919626,10,0,-1100.56723390057,0,-1029.56289622957,35.5021688355019,0.0780776406404415,0.0780776406404415,0.0780776406404415,0.0780776406404415,0.117359909646538,0.117359909646538,0.0780776406404415,0.0780776406404415,0,0,0,17.7510844177509
5.33533533533534,9.0965492618246,0.0394696148872567,0.000118207376640441,7.62546582569621e-06,6.67880863391252,1.67402500530427e-26,2.81495334346683,0,0,3.86386291591152,10,0,-1102.63596930264,0,-1031.49816483151,35.5689022355686,0.0780776406404415,0.0780776406404415,0.0780776406404415,0.0780776406404415,0.117359909646538,0.117359909646538,0.0780776406404415,0.0780776406404415,0,0,0,17.7844511177843
5.34534534534535,9.09583327419852,0.0393989088055398,0.000116083396750923,7.47444634925186e-06,6.67880863391252,1.49649056529119e-26,2.81416437475967,0,0,3.8646517335992,10,0,-1104.70470470471,0,-1033.43343343345,35.6356356356353,0.0780776406404415,0.0780776406404415,0.0780776406404415,0.0780776406404415,0.117359909646538,0.117359909646538,0.0780776406404415,0.0780776406404415,0,0,0,17.8178178178177
5.35535535535536,9.09511858940117,0.0393284935273863,0.000113997728219259,7.32645879537867e-06,6.67880863391252,1.33779088591225e-26,2.81337704102809,0,0,3.86543891934323,10,0,-1106.77344010677,0,-1035.36870203538,35.7023690357021,0.0780776406404415,0.0780776406404415,0.0780776406404415,0.0780776406404415,0.117359909646538,0.117359909646538,0.0780776406404415,0.0780776406404415,0,0,0,17.851184517851
5.36536536536537,9.09440520254416,0.0392583675898497,0.000111949677143301,7.18144140988821e-06,6.67880863391252,1.19592704159679e-26,2.81259133516508,0,0,3.86622448018885,10,0,-1108.84217550884,0,-1037.30397063732,35.7691024357688,0.0780776406404415,0.0780776406404415,0.0780776406404415,0.0780776406404415,0.117359909646538,0.117359909646538,0.0780776406404415,0.0780776406404415,0,0,0,17.8845512178844
5.37537537537538,9.09369310875513,0.0391885295397613,0.000109938562245113,7.03933371581824e-06,6.67880863391252,1.0691123307494e-26,2.81180725010337,0,0,3.86700842314287,10,0,-1110.91091091091,0,-1039.23923923925,35.8358358358355,0.0780776406404415,0.0780776406404415,0.0780776406404415,0.0780776406404415,0.117359909646538,0.117359909646538,0.0780776406404415,0.0780776406404415,0,0,0,17.9179179179178
5.38538538538539,9.09298230317778,0.0391189779336507,0.000107963714640186,6.90007648658171e-06,6.67880863391252,9.55749735646113e-27,2.81102477881507,0,0,3.86779075517394,10,0,-1112.97964631298,0,-1041.17450784119,35.9025692359023,0.0780776406404415,0.0780776406404415,0.0780776406404415,0.0780776406404415,0.117359909646538,0.117359909646538,0.0780776406404415,0.0780776406404415,0,0,0,17.9512846179511
5.3953953953954,9.0922727809719,0.039049711337667,0.000106024477610896,6.76361171969029e-06,6.67880863391252,8.54411777208858e-27,2.81024391431141,0,0,3.86857148321283,10,0,-1115.04838171505,0,-1043.10977644312,35.969302635969,0.0780776406404415,0.0780776406404415,0.0780776406404415,0.0780776406404415,0.117359909646538,0.117359909646538,0.0780776406404415,0.0780776406404415,0,0,0,17.9846513179845
5.40540540540541,9.09156453731342,0.0389807283275005,0.000104120206384121,6.6298826110397e-06,6.67880863391252,7.63822510104289e-27,2.80946464964243,0,0,3.8693506141527,10,0,-1117.11711711712,0,-1045.04504504506,36.0360360360357,0.0780776406404415,0.0780776406404415,0.0780776406404415,0.0780776406404415,0.117359909646538,0.117359909646538,0.0780776406404415,0.0780776406404415,0,0,0,18.0180180180179
5.41541541541542,9.09085756739443,0.0389120274883056,0.000102250267912945,6.49883352974472e-06,6.67880863391252,6.82841430680807e-27,2.80868697789669,0,0,3.87012815484936,10,0,-1119.18585251919,0,-1046.98031364699,36.1027694361025,0.0780776406404415,0.0780776406404415,0.0780776406404415,0.0780776406404415,0.117359909646538,0.117359909646538,0.0780776406404415,0.0780776406404415,0,0,0,18.0513847180512
5.42542542542543,9.0901518664232,0.0388436074146239,0.000100414040662377,6.37040999351194e-06,6.67880863391252,6.10449094445454e-27,2.807910892201,0,0,3.87090411212152,10,0,-1121.25458792126,0,-1048.91558224893,36.1695028361692,0.0780776406404415,0.0780776406404415,0.0780776406404415,0.0780776406404415,0.117359909646538,0.117359909646538,0.0780776406404415,0.0780776406404415,0,0,0,18.0847514180846
5.43543543543544,9.08944742962423,0.0387754667103085,9.86109143990006e-05,6.24455864453844e-06,6.67880863391252,5.45734261397674e-27,2.8071363857201,0,0,3.87167849275107,10,0,-1123.32332332332,0,-1050.85085085086,36.2362362362359,0.0780776406404415,0.0780776406404415,0.0780776406404415,0.0780776406404415,0.117359909646538,0.117359909646538,0.0780776406404415,0.0780776406404415,0,0,0,18.118118118118
5.44544544544545,9.08874425223824,0.0387076039884493,9.68402899844881e-05,6.121227225925e-06,6.67880863391252,4.8788240685303e-27,2.80636345165641,0,0,3.87245130348334,10,0,-1125.39205872539,0,-1052.7861194528,36.3029696363027,0.0780776406404415,0.0780776406404415,0.0780776406404415,0.0780776406404415,0.117359909646538,0.117359909646538,0.0780776406404415,0.0780776406404415,0,0,0,18.1514848181513
5.45545545545546,9.08804232952221,0.038640017871298,9.51015791729103e-05,6.00036455859271e-06,6.67880863391252,4.36165452651587e-27,2.80559208324976,0,0,3.87322255102733,10,0,-1127.46079412746,0,-1054.72138805473,36.3697030363694,0.0780776406404415,0.0780776406404415,0.0780776406404415,0.0780776406404415,0.117359909646538,0.117359909646538,0.0780776406404415,0.0780776406404415,0,0,0,18.1848515181847
5.46546546546547,9.08734165674941,0.038572706990195,9.33942044117645e-05,5.88192051869195e-06,6.67880863391252,3.89932589071496e-27,2.80482227377705,0,0,3.87399224205599,10,0,-1129.52952952953,0,-1056.65665665667,36.4364364364361,0.0780776406404415,0.0780776406404415,0.0780776406404415,0.0780776406404415,0.117359909646538,0.117359909646538,0.0780776406404415,0.0780776406404415,0,0,0,18.2182182182181
5.47547547547548,9.08664222920939,0.0385056699854962,9.17175986466578e-05,5.76584601549312e-06,6.67880863391252,3.4860207155354e-27,2.80405401655206,0,0,3.87476038320648,10,0,-1131.5982649316,0,-1058.5919252586,36.5031698365029,0.0780776406404415,0.0780776406404415,0.0780776406404415,0.0780776406404415,0.117359909646538,0.117359909646538,0.0780776406404415,0.0780776406404415,0,0,0,18.2515849182514
5.48548548548549,9.085944042208,0.038438905506501,9.00712051295762e-05,5.65209296974851e-06,6.67880863391252,3.11653888661695e-27,2.80328730492511,0,0,3.87552698108038,10,0,-1133.66700033367,0,-1060.52719386054,36.5699032365696,0.0780776406404415,0.0780776406404415,0.0780776406404415,0.0780776406404415,0.117359909646538,0.117359909646538,0.0780776406404415,0.0780776406404415,0,0,0,18.2849516182848
5.4954954954955,9.08524709106742,0.0383724122113809,8.84544772306731e-05,5.54061429251536e-06,6.67880863391252,2.7862320871401e-27,2.80252213228284,0,0,3.87629204224397,10,0,-1135.73573573574,0,-1062.46246246247,36.6366366366363,0.0780776406404415,0.0780776406404415,0.0780776406404415,0.0780776406404415,0.117359909646538,0.117359909646538,0.0780776406404415,0.0780776406404415,0,0,0,18.3183183183182
5.50550550550551,9.08455137112616,0.0383061887671084,8.68668782535127e-05,5.43136386442977e-06,6.67880863391252,2.49094522356669e-27,2.80175849204791,0,0,3.87705557322848,10,0,-1137.80447113781,0,-1064.39773106441,36.7033700367031,0.0780776406404415,0.0780776406404415,0.0780776406404415,0.0780776406404415,0.117359909646538,0.117359909646538,0.0780776406404415,0.0780776406404415,0,0,0,18.3516850183515
5.51551551551552,9.08385687773906,0.0382402338493873,8.53078812537045e-05,5.32429651542191e-06,6.67880863391252,2.22696407146589e-27,2.80099637767873,0,0,3.8778175805303,10,0,-1139.87320653988,0,-1066.33299966634,36.7701034367698,0.0780776406404415,0.0780776406404415,0.0780776406404415,0.0780776406404415,0.117359909646538,0.117359909646538,0.0780776406404415,0.0780776406404415,0,0,0,18.3850517183849
5.52552552552553,9.0831636062773,0.038174546142583,8.37769688608663e-05,5.21936800486294e-06,6.67880863391252,1.99096848065474e-27,2.80023578266926,0,0,3.87857807061126,10,0,-1141.94194194194,0,-1068.26826826828,36.8368368368365,0.0780776406404415,0.0780776406404415,0.0780776406404415,0.0780776406404415,0.117359909646538,0.117359909646538,0.0780776406404415,0.0780776406404415,0,0,0,18.4184184184183
5.53553553553554,9.08247155212841,0.0381091243396538,8.22736331038536e-05,5.1165350021341e-06,6.67880863391252,1.7799905491046e-27,2.79947670054868,0,0,3.87933704989884,10,0,-1144.01067734401,0,-1070.20353687021,36.9035702369033,0.0780776406404415,0.0780776406404415,0.0780776406404415,0.0780776406404415,0.117359909646538,0.117359909646538,0.0780776406404415,0.0780776406404415,0,0,0,18.4517851184516
5.54554554554555,9.08178071069626,0.038043967142083,8.07973752391966e-05,5.01575506760916e-06,6.67880863391252,1.59137723782102e-27,2.79871912488116,0,0,3.88009452478643,10,0,-1146.07941274608,0,-1072.13880547215,36.97030363697,0.0780776406404415,0.0780776406404415,0.0780776406404415,0.0780776406404415,0.117359909646538,0.117359909646538,0.0780776406404415,0.0780776406404415,0,0,0,18.485151818485
5.55555555555556,9.08109107740107,0.0379790732598113,7.93477055826843e-05,4.91698663404088e-06,6.67880863391252,1.42275695498925e-27,2.79796304926562,0,0,3.88085050163354,10,0,-1148.14814814815,0,-1074.07407407408,37.0370370370367,0.0780776406404415,0.0780776406404415,0.0780776406404415,0.0780776406404415,0.117359909646538,0.117359909646538,0.0780776406404415,0.0780776406404415,0,0,0,18.5185185185184
5.56556556556557,9.08040264767943,0.03791444141117,7.79241433440377e-05,4.8201889883431e-06,6.67880863391252,1.27200968780038e-27,2.79720846733545,0,0,3.88160498676606,10,0,-1150.21688355022,0,-1076.00934267602,37.1037704371034,0.0780776406404415,0.0780776406404415,0.0780776406404415,0.0780776406404415,0.117359909646538,0.117359909646538,0.0780776406404415,0.0780776406404415,0,0,0,18.5518852185517
5.57557557557558,9.07971541698425,0.0378500703228151,7.65262164646161e-05,4.72532225375963e-06,6.67880863391252,1.1372403051676e-27,2.7964553727583,0,0,3.88235798647648,10,0,-1152.28561895229,0,-1077.94461127795,37.1705038371702,0.0780776406404415,0.0780776406404415,0.0780776406404415,0.0780776406404415,0.117359909646538,0.117359909646538,0.0780776406404415,0.0780776406404415,0,0,0,18.5852519185851
5.58558558558559,9.07902938078478,0.0377859587296617,7.51534614580999e-05,4.63234737241177e-06,6.67880863391252,1.01675469457556e-27,2.79570375923579,0,0,3.88310950702411,10,0,-1154.35435435436,0,-1079.87987987989,37.2372372372369,0.0780776406404415,0.0780776406404415,0.0780776406404415,0.0780776406404415,0.117359909646538,0.117359909646538,0.0780776406404415,0.0780776406404415,0,0,0,18.6186186186185
5.5955955955956,9.0783445345666,0.0377221053748189,7.38054232540946e-05,4.54122608821615e-06,6.67880863391252,9.0903843208377e-28,2.79495362050328,0,0,3.88385955463533,10,0,-1156.42308975643,0,-1081.81514848183,37.3039706373036,0.0780776406404415,0.0780776406404415,0.0780776406404415,0.0780776406404415,0.117359909646538,0.117359909646538,0.0780776406404415,0.0780776406404415,0,0,0,18.6519853186518
5.60560560560561,9.07766087383163,0.0376585090095257,7.24816550446031e-05,4.45192093016492e-06,6.67880863391252,8.12737716480546e-28,2.79420495032965,0,0,3.8846081355038,10,0,-1158.4918251585,0,-1083.75041708376,37.3707040373704,0.0780776406404415,0.0780776406404415,0.0780776406404415,0.0780776406404415,0.117359909646538,0.117359909646538,0.0780776406404415,0.0780776406404415,0,0,0,18.6853520186852
5.61561561561562,9.0769783940981,0.0375951683930877,7.11817181333125e-05,4.3643951959605e-06,6.67880863391252,7.26642327161169e-28,2.79345774251703,0,0,3.88535525579068,10,0,-1160.56056056056,0,-1085.6856856857,37.4374374374371,0.0780776406404415,0.0780776406404415,0.0780776406404415,0.0780776406404415,0.117359909646538,0.117359909646538,0.0780776406404415,0.0780776406404415,0,0,0,18.7187187187186
5.62562562562563,9.07629709090054,0.0375320822928135,6.99051817876445e-05,4.27861293599722e-06,6.67880863391252,6.49670390844112e-28,2.79271199090059,0,0,3.88610092162487,10,0,-1162.62929596263,0,-1087.62095428763,37.5041708375038,0.0780776406404415,0.0780776406404415,0.0780776406404415,0.0780776406404415,0.117359909646538,0.117359909646538,0.0780776406404415,0.0780776406404415,0,0,0,18.7520854187519
5.63563563563564,9.07561695978976,0.0374692494839524,6.86516230935171e-05,4.19453893768234e-06,6.67880863391252,5.80854765065102e-28,2.79196768934826,0,0,3.8868451391032,10,0,-1164.6980313647,0,-1089.55622288957,37.5709042375706,0.0780776406404415,0.0780776406404415,0.0780776406404415,0.0780776406404415,0.117359909646538,0.117359909646538,0.0780776406404415,0.0780776406404415,0,0,0,18.7854521187853
5.64564564564565,9.07493799633287,0.037406668749633,6.74206268127692e-05,4.11213871008915e-06,6.67880863391252,5.19330866789276e-28,2.79122483176054,0,0,3.8875879142907,10,0,-1166.76676676677,0,-1091.4914914915,37.6376376376373,0.0780776406404415,0.0780776406404415,0.0780776406404415,0.0780776406404415,0.117359909646538,0.117359909646538,0.0780776406404415,0.0780776406404415,0,0,0,18.8188188188187
5.65565565565566,9.07426019611323,0.0373443388808015,6.62117852431977e-05,4.031378468935e-06,6.67880863391252,4.6432579271434e-28,2.79048341207025,0,0,3.88832925322074,10,0,-1168.83550216884,0,-1093.42676009344,37.704371037704,0.0780776406404415,0.0780776406404415,0.0780776406404415,0.0780776406404415,0.117359909646538,0.117359909646538,0.0780776406404415,0.0780776406404415,0,0,0,18.852185518852
5.66566566566567,9.07358355473044,0.0372822586761609,6.50246980811594e-05,3.95222512187723e-06,6.67880863391252,4.15148594132996e-28,2.78974342424231,0,0,3.88906916189533,10,0,-1170.90423757091,0,-1095.36202869537,37.7711044377708,0.0780776406404415,0.0780776406404415,0.0780776406404415,0.0780776406404415,0.117359909646538,0.117359909646538,0.0780776406404415,0.0780776406404415,0,0,0,18.8855522188854
5.67567567567568,9.07290806780033,0.0372204269421114,6.38589722866914e-05,3.87464625412016e-06,6.67880863391252,3.711815837869e-28,2.7890048622735,0,0,3.88980764628528,10,0,-1172.97297297298,0,-1097.29729729731,37.8378378378375,0.0780776406404415,0.0780776406404415,0.0780776406404415,0.0780776406404415,0.117359909646538,0.117359909646538,0.0780776406404415,0.0780776406404415,0,0,0,18.9189189189188
5.68568568568569,9.07223373095496,0.0371588424926903,6.27142219511016e-05,3.79861011432653e-06,6.67880863391252,3.31872565161072e-28,2.78826772019222,0,0,3.89054471233041,10,0,-1175.04170837505,0,-1099.23256589924,37.9045712379042,0.0780776406404415,0.0780776406404415,0.0780776406404415,0.0780776406404415,0.117359909646538,0.117359909646538,0.0780776406404415,0.0780776406404415,0,0,0,18.9522856189521
5.6956956956957,9.07156053984253,0.0370975041495136,6.15900681669857e-05,3.7240856008266e-06,6.67880863391252,2.96727886301395e-28,2.78753199205833,0,0,3.8912803659398,10,0,-1177.11044377711,0,-1101.16783450118,37.971304637971,0.0780776406404415,0.0780776406404415,0.0780776406404415,0.0780776406404415,0.117359909646538,0.117359909646538,0.0780776406404415,0.0780776406404415,0,0,0,18.9856523189855
5.70570570570571,9.07088849012746,0.0370364107417169,6.04861389006249e-05,3.65104224811883e-06,6.67880863391252,2.65306230635707e-28,2.78679767196283,0,0,3.89201461299194,10,0,-1179.17917917918,0,-1103.10310310311,38.0380380380377,0.0780776406404415,0.0780776406404415,0.0780776406404415,0.0780776406404415,0.117359909646538,0.117359909646538,0.0780776406404415,0.0780776406404415,0,0,0,19.0190190190189
5.71571571571572,9.07021757749026,0.0369755611058982,5.9402068866721e-05,3.57945021365561e-06,6.67880863391252,2.37213066572272e-28,2.78606475402775,0,0,3.89274745933499,10,0,-1181.24791458125,0,-1105.03837170505,38.1047714381044,0.0780776406404415,0.0780776406404415,0.0780776406404415,0.0780776406404415,0.117359909646538,0.117359909646538,0.0780776406404415,0.0780776406404415,0,0,0,19.0523857190522
5.72572572572573,9.0695477976276,0.0369149540860598,5.83374994054256e-05,3.50928026490803e-06,6.67880863391252,2.12095685955467e-28,2.78533323240584,0,0,3.89347891078695,10,0,-1183.31664998332,0,-1106.97364030698,38.1715048381712,0.0780776406404415,0.0780776406404415,0.0780776406404415,0.0780776406404415,0.117359909646538,0.117359909646538,0.0780776406404415,0.0780776406404415,0,0,0,19.0857524190856
5.73573573573574,9.06887914625222,0.0368545885335523,5.72920783616209e-05,3.44050376670365e-06,6.67880863391252,1.89638768882396e-28,2.78460310128041,0,0,3.89420897313588,10,0,-1185.38538538539,0,-1108.90890890892,38.2382382382379,0.0780776406404415,0.0780776406404415,0.0780776406404415,0.0780776406404415,0.117359909646538,0.117359909646538,0.0780776406404415,0.0780776406404415,0,0,0,19.1191191191189
5.74574574574575,9.06821161909293,0.0367944633070175,5.62654599664113e-05,3.37309266883146e-06,6.67880863391252,1.69560419019389e-28,2.78387435486509,0,0,3.8949376521401,10,0,-1187.45412078746,0,-1110.84417751085,38.3049716383046,0.0780776406404415,0.0780776406404415,0.0780776406404415,0.0780776406404415,0.117359909646538,0.117359909646538,0.0780776406404415,0.0780776406404415,0,0,0,19.1524858191523
5.75575575575576,9.06754521189457,0.0367345772723334,5.5257304720785e-05,3.30701949390824e-06,6.67880863391252,1.516086194879e-28,2.78314698740363,0,0,3.89566495352839,10,0,-1189.52285618953,0,-1112.77944611279,38.3717050383714,0.0780776406404415,0.0780776406404415,0.0780776406404415,0.0780776406404415,0.117359909646538,0.117359909646538,0.0780776406404415,0.0780776406404415,0,0,0,19.1858525191857
5.76576576576577,9.06687992041802,0.0366749293025584,5.42672792814046e-05,3.24225732550075e-06,6.67880863391252,1.35558064690045e-28,2.7824209931697,0,0,3.89639088300015,10,0,-1191.5915915916,0,-1114.71471471472,38.4384384384381,0.0780776406404415,0.0780776406404415,0.0780776406404415,0.0780776406404415,0.117359909646538,0.117359909646538,0.0780776406404415,0.0780776406404415,0,0,0,19.219219219219
5.77577577577578,9.06621574044011,0.0366155182778767,5.3295056348489e-05,3.1787797964982e-06,6.67880863391252,1.21207328181702e-28,2.78169636646664,0,0,3.89711544622568,10,0,-1193.66032699367,0,-1116.64998331666,38.5051718385048,0.0780776406404415,0.0780776406404415,0.0780776406404415,0.0780776406404415,0.117359909646538,0.117359909646538,0.0780776406404415,0.0780776406404415,0,0,0,19.2525859192524
5.78578578578579,9.06555266775363,0.0365563430855444,5.23403145557473e-05,3.1165610777297e-06,6.67880863391252,1.08376330935798e-28,2.78097310162732,0,0,3.89783864884628,10,0,-1195.72906239573,0,-1118.58525191859,38.5719052385716,0.0780776406404415,0.0780776406404415,0.0780776406404415,0.0780776406404415,0.117359909646538,0.117359909646538,0.0780776406404415,0.0780776406404415,0,0,0,19.2859526192858
5.7957957957958,9.06489069816729,0.0364974026198351,5.14027383623269e-05,3.05557586682145e-06,6.67880863391252,9.69040781232699e-29,2.78025119301386,0,0,3.89856049647453,10,0,-1197.7977977978,0,-1120.52052052053,38.6386386386383,0.0780776406404415,0.0780776406404415,0.0780776406404415,0.0780776406404415,0.117359909646538,0.117359909646538,0.0780776406404415,0.0780776406404415,0,0,0,19.3193193193191
5.80580580580581,9.06422982750569,0.0364386957819874,5.0482017946739e-05,2.99579937728845e-06,6.67880863391252,8.66466359222539e-29,2.77953063501751,0,0,3.89928099469439,10,0,-1199.86653319987,0,-1122.45578912246,38.705372038705,0.0780776406404415,0.0780776406404415,0.0780776406404415,0.0780776406404415,0.117359909646538,0.117359909646538,0.0780776406404415,0.0780776406404415,0,0,0,19.3526860193525
5.81581581581582,9.06357005160928,0.0363802214801516,4.95778491027253e-05,2.93720732785575e-06,6.67880863391252,7.74753228898666e-29,2.77881142205837,0,0,3.90000014906148,10,0,-1201.93526860194,0,-1124.3910577244,38.7721054387718,0.0780776406404415,0.0780776406404415,0.0780776406404415,0.0780776406404415,0.117359909646538,0.117359909646538,0.0780776406404415,0.0780776406404415,0,0,0,19.3860527193859
5.82582582582583,9.06291136633432,0.0363219786293377,4.86899331370296e-05,2.87977593200437e-06,6.67880863391252,6.92750931336717e-29,2.77809354858524,0,0,3.90071796510322,10,0,-1204.00400400401,0,-1126.32632632634,38.8388388388385,0.0780776406404415,0.0780776406404415,0.0780776406404415,0.0780776406404415,0.117359909646538,0.117359909646538,0.0780776406404415,0.0780776406404415,0,0,0,19.4194194194192
5.83583583583584,9.06225376755287,0.0362639661513637,4.78179767690394e-05,2.82348188773703e-06,6.67880863391252,6.19430909357349e-29,2.77737700907541,0,0,3.901434448319,10,0,-1206.07273940608,0,-1128.26159492827,38.9055722389052,0.0780776406404415,0.0780776406404415,0.0780776406404415,0.0780776406404415,0.117359909646538,0.117359909646538,0.0780776406404415,0.0780776406404415,0,0,0,19.4527861194526
5.84584584584585,9.06159725115274,0.036206182974804,4.69616920322643e-05,2.768302367559e-06,6.67880863391252,5.53873586414757e-29,2.77666179803445,0,0,3.90214960418044,10,0,-1208.14147480815,0,-1130.19686353021,38.972305638972,0.0780776406404415,0.0780776406404415,0.0780776406404415,0.0780776406404415,0.117359909646538,0.117359909646538,0.0780776406404415,0.0780776406404415,0,0,0,19.486152819486
5.85585585585586,9.06094181303743,0.0361486280349386,4.61207961776149e-05,2.71421500866944e-06,6.67880863391252,4.95256815555992e-29,2.77594790999607,0,0,3.90286343813147,10,0,-1210.21021021022,0,-1132.13213213214,39.0390390390387,0.0780776406404415,0.0780776406404415,0.0780776406404415,0.0780776406404415,0.117359909646538,0.117359909646538,0.0780776406404415,0.0780776406404415,0,0,0,19.5195195195193
5.86586586586587,9.06028744912613,0.0360913002737031,4.52950115784522e-05,2.66119790335883e-06,6.67880863391252,4.42845553125708e-29,2.77523533952183,0,0,3.9035759555886,10,0,-1212.27894561229,0,-1134.06740073408,39.1057724391054,0.0780776406404415,0.0780776406404415,0.0780776406404415,0.0780776406404415,0.117359909646538,0.117359909646538,0.0780776406404415,0.0780776406404415,0,0,0,19.5528862195527
5.87587587587588,9.05963415535367,0.0360341986396383,4.44840656373722e-05,2.60922958960796e-06,6.67880863391252,3.95982627311429e-29,2.77452408120105,0,0,3.90428716194106,10,0,-1214.34768101435,0,-1136.00266933601,39.1725058391721,0.0780776406404415,0.0780776406404415,0.0780776406404415,0.0780776406404415,0.117359909646538,0.117359909646538,0.0780776406404415,0.0780776406404415,0,0,0,19.5862529195861
5.88588588588589,9.05898192767047,0.0359773220878409,4.36876906946955e-05,2.55828904188426e-06,6.67880863391252,3.54080485408028e-29,2.77381412965056,0,0,3.904997062551,10,0,-1216.41641641642,0,-1137.93793793795,39.2392392392389,0.0780776406404415,0.0780776406404415,0.0780776406404415,0.0780776406404415,0.117359909646538,0.117359909646538,0.0780776406404415,0.0780776406404415,0,0,0,19.6196196196194
5.8958958958959,9.05833076204251,0.0359206695799147,4.29056239386299e-05,2.50835566213126e-06,6.67880863391252,3.16613816000634e-29,2.77310547951454,0,0,3.90570566275364,10,0,-1218.48515181849,0,-1139.87320653988,39.3059726393056,0.0780776406404415,0.0780776406404415,0.0780776406404415,0.0780776406404415,0.117359909646538,0.117359909646538,0.0780776406404415,0.0780776406404415,0,0,0,19.6529863196528
5.90590590590591,9.05768065445141,0.0358642400839681,4.21376073508547e-05,2.45940927390964e-06,6.67880863391252,2.83113307848859e-29,2.77239812546452,0,0,3.90641296785728,10,0,-1220.55388722056,0,-1141.80847514182,39.3727060393723,0.0780776406404415,0.0780776406404415,0.0780776406404415,0.0780776406404415,0.117359909646538,0.117359909646538,0.0780776406404415,0.0780776406404415,0,0,0,19.6863530196862
5.91591591591592,9.05703160089358,0.0358080325742451,4.13833873869125e-05,2.41143009333348e-06,6.67880863391252,2.53157357628768e-29,2.77169206219782,0,0,3.90711898314479,10,0,-1222.62262262263,0,-1143.74374374375,39.4394394394391,0.0780776406404415,0.0780776406404415,0.0780776406404415,0.0780776406404415,0.117359909646538,0.117359909646538,0.0780776406404415,0.0780776406404415,0,0,0,19.7197197197195
5.92592592592593,9.05638359738129,0.0357520460315168,4.06427152144393e-05,2.36439874900308e-06,6.67880863391252,2.26370423134371e-29,2.77098728443929,0,0,3.90782371387198,10,0,-1224.6913580247,0,-1145.67901234569,39.5061728395058,0.0780776406404415,0.0780776406404415,0.0780776406404415,0.0780776406404415,0.117359909646538,0.117359909646538,0.0780776406404415,0.0780776406404415,0,0,0,19.7530864197529
5.93593593593594,9.05573663994315,0.0356962794432645,3.9915346789334e-05,2.31829628762287e-06,6.67880863391252,2.02419421043387e-29,2.77028378694201,0,0,3.9085271652668,10,0,-1226.76009342677,0,-1147.61428094762,39.5729062395725,0.0780776406404415,0.0780776406404415,0.0780776406404415,0.0780776406404415,0.117359909646538,0.117359909646538,0.0780776406404415,0.0780776406404415,0,0,0,19.7864531197863
5.94594594594595,9.05509072462219,0.0356407318028569,3.92010422103202e-05,2.27310411649716e-06,6.67880863391252,1.81003582813441e-29,2.76958156448389,0,0,3.90922934253275,10,0,-1228.82882882884,0,-1149.54954954956,39.6396396396393,0.0780776406404415,0.0780776406404415,0.0780776406404415,0.0780776406404415,0.117359909646538,0.117359909646538,0.0780776406404415,0.0780776406404415,0,0,0,19.8198198198196
5.95595595595596,9.0544458474768,0.0355854021099002,3.84995659312963e-05,2.2288040213174e-06,6.67880863391252,1.61854226709966e-29,2.76888061186917,0,0,3.90993025084737,10,0,-1230.8975642309,0,-1151.48481815149,39.706373039706,0.0780776406404415,0.0780776406404415,0.0780776406404415,0.0780776406404415,0.117359909646538,0.117359909646538,0.0780776406404415,0.0780776406404415,0,0,0,19.853186519853
5.96596596596597,9.05380200458072,0.0355302893702103,3.78106866944571e-05,2.18537815943972e-06,6.67880863391252,1.44731455545221e-29,2.7681809239283,0,0,3.91062989536238,10,0,-1232.96629963297,0,-1153.42008675343,39.7731064397727,0.0780776406404415,0.0780776406404415,0.0780776406404415,0.0780776406404415,0.117359909646538,0.117359909646538,0.0780776406404415,0.0780776406404415,0,0,0,19.8865532198864
5.97597597597598,9.05315919202289,0.0354753925957337,3.71341774276482e-05,2.14280905006739e-06,6.67880863391252,1.29420717081591e-29,2.76748249551762,0,0,3.91132828120395,10,0,-1235.03503503504,0,-1155.35535535536,39.8398398398395,0.0780776406404415,0.0780776406404415,0.0780776406404415,0.0780776406404415,0.117359909646538,0.117359909646538,0.0780776406404415,0.0780776406404415,0,0,0,19.9199199199197
5.98598598598599,9.05251740590745,0.0354207108045017,3.64698151684983e-05,2.10107956682635e-06,6.67880863391252,1.15730186616113e-29,2.7667853215192,0,0,3.91202541347289,10,0,-1237.10377043711,0,-1157.2906239573,39.9065732399062,0.0780776406404415,0.0780776406404415,0.0780776406404415,0.0780776406404415,0.117359909646538,0.117359909646538,0.0780776406404415,0.0780776406404415,0,0,0,19.9532866199531
5.995995995996,9.05187664235365,0.035366243020586,3.58173809896876e-05,2.06017293047067e-06,6.67880863391252,1.03488355330246e-29,2.76608939684066,0,0,3.91272129724479,10,0,-1239.17250583918,0,-1159.22589255923,39.9733066399729,0.0780776406404415,0.0780776406404415,0.0780776406404415,0.0780776406404415,0.117359909646538,0.117359909646538,0.0780776406404415,0.0780776406404415,0,0,0,19.9866533199865
6.00600600600601,9.05123689749583,0.0353119882740542,3.51766599256005e-05,2.02007270174246e-06,6.67880863391252,9.25418746476765e-30,2.76539471641503,0,0,3.9134159375702,10,0,-1241.24124124125,0,-1161.16116116117,40.0400400400397,0.0780776406404415,0.0780776406404415,0.0780776406404415,0.0780776406404415,0.117359909646538,0.117359909646538,0.0780776406404415,0.0780776406404415,0,0,0,20.0200200200198
6.01601601601602,9.05059816748338,0.0352579456009258,3.45474409003232e-05,1.98076277438141e-06,6.67880863391252,8.27536339080093e-30,2.7647012752005,0,0,3.9141093394748,10,0,-1243.30997664332,0,-1163.0964297631,40.1067734401064,0.0780776406404415,0.0780776406404415,0.0780776406404415,0.0780776406404415,0.117359909646538,0.117359909646538,0.0780776406404415,0.0780776406404415,0,0,0,20.0533867200532
6.02602602602603,9.04996044848068,0.0352041140431287,3.39295166569554e-05,1.94222736828031e-06,6.67880863391252,7.40010402297188e-30,2.76400906818035,0,0,3.91480150795954,10,0,-1245.37871204539,0,-1165.03169836504,40.1735068401731,0.0780776406404415,0.0780776406404415,0.0780776406404415,0.0780776406404415,0.117359909646538,0.117359909646538,0.0780776406404415,0.0780776406404415,0,0,0,20.0867534200866
6.03603603603604,9.04932373666704,0.0351504926484555,3.33226836882127e-05,1.90445102278336e-06,6.67880863391252,6.61744807712302e-30,2.76331809036272,0,0,3.91549244800082,10,0,-1247.44744744746,0,-1166.96696696697,40.2402402402399,0.0780776406404415,0.0780776406404415,0.0780776406404415,0.0780776406404415,0.117359909646538,0.117359909646538,0.0780776406404415,0.0780776406404415,0,0,0,20.1201201201199
6.04604604604605,9.04868802823668,0.0350970804705215,3.2726742168296e-05,1.86741859012441e-06,6.67880863391252,5.91759479680261e-30,2.76262833678047,0,0,3.91618216455064,10,0,-1249.51618284952,0,-1168.90223556891,40.3069736403066,0.0780776406404415,0.0780776406404415,0.0780776406404415,0.0780776406404415,0.117359909646538,0.117359909646538,0.0780776406404415,0.0780776406404415,0,0,0,20.1534868201533
6.05605605605606,9.04805331939866,0.0350438765687214,3.21414958860042e-05,1.83111522900198e-06,6.67880863391252,5.29178104050678e-30,2.76193980249101,0,0,3.91687066253674,10,0,-1251.58491825159,0,-1170.83750417084,40.3737070403733,0.0780776406404415,0.0780776406404415,0.0780776406404415,0.0780776406404415,0.117359909646538,0.117359909646538,0.0780776406404415,0.0780776406404415,0,0,0,20.1868535201867
6.06606606606607,9.04741960637685,0.0349908800081876,3.15667521790686e-05,1.79552639828842e-06,6.67880863391252,4.73217139153991e-30,2.76125248257613,0,0,3.91755794686279,10,0,-1253.65365365366,0,-1172.77277277278,40.4404404404401,0.0780776406404415,0.0780776406404415,0.0780776406404415,0.0780776406404415,0.117359909646538,0.117359909646538,0.0780776406404415,0.0780776406404415,0,0,0,20.22022022022
6.07607607607608,9.04678688540987,0.0349380898597485,3.10023218696849e-05,1.76063785087001e-06,6.67880863391252,4.23175990992992e-30,2.76056637214185,0,0,3.91824402240852,10,0,-1255.72238905573,0,-1174.70804137472,40.5071738405068,0.0780776406404415,0.0780776406404415,0.0780776406404415,0.0780776406404415,0.117359909646538,0.117359909646538,0.0780776406404415,0.0780776406404415,0,0,0,20.2535869202534
6.08608608608609,9.04615515275104,0.0348855051998871,3.04480192012227e-05,1.7264356276156e-06,6.67880863391252,3.78428229253954e-30,2.75988146631827,0,0,3.91892889402988,10,0,-1257.7911244578,0,-1176.64330997665,40.5739072405735,0.0780776406404415,0.0780776406404415,0.0780776406404415,0.0780776406404415,0.117359909646538,0.117359909646538,0.0780776406404415,0.0780776406404415,0,0,0,20.2869536202868
6.0960960960961,9.04552440466834,0.0348331251106997,2.99036617760893e-05,1.69290605147081e-06,6.67880863391252,3.38413733840474e-30,2.75919776025938,0,0,3.9196125665592,10,0,-1259.85985985987,0,-1178.57857857859,40.6406406406403,0.0780776406404415,0.0780776406404415,0.0780776406404415,0.0780776406404415,0.117359909646538,0.117359909646538,0.0780776406404415,0.0780776406404415,0,0,0,20.3203203203201
6.10610610610611,9.04489463744435,0.034780948679856,2.93690704947275e-05,1.66003572167518e-06,6.67880863391252,3.02631673321457e-30,2.75851524914293,0,0,3.92029504480531,10,0,-1261.92859526194,0,-1180.51384718052,40.707374040707,0.0780776406404415,0.0780776406404415,0.0780776406404415,0.0780776406404415,0.117359909646538,0.117359909646538,0.0780776406404415,0.0780776406404415,0,0,0,20.3536870203535
6.11611611611612,9.0442658473762,0.0347289750005579,2.88440694957263e-05,1.62781150809977e-06,6.67880863391252,2.70634227138726e-30,2.75783392817028,0,0,3.92097633355376,10,0,-1263.99733066401,0,-1182.44911578246,40.7741074407737,0.0780776406404415,0.0780776406404415,0.0780776406404415,0.0780776406404415,0.117359909646538,0.117359909646538,0.0780776406404415,0.0780776406404415,0,0,0,20.3870537203869
6.12612612612613,9.04363803077554,0.0346772031715003,2.83284860970243e-05,1.59622054570258e-06,6.67880863391252,2.42020972764401e-30,2.7571537925662,0,0,3.92165643756687,10,0,-1266.06606606607,0,-1184.38438438439,40.8408408408405,0.0780776406404415,0.0780776406404415,0.0780776406404415,0.0780776406404415,0.117359909646538,0.117359909646538,0.0780776406404415,0.0780776406404415,0,0,0,20.4204204204202
6.13613613613614,9.04301118396847,0.0346256322968311,2.78221507381858e-05,1.56525022909925e-06,6.67880863391252,2.16433867351818e-30,2.75647483757878,0,0,3.92233536158397,10,0,-1268.13480146814,0,-1186.31965298633,40.9075742409072,0.0780776406404415,0.0780776406404415,0.0780776406404415,0.0780776406404415,0.117359909646538,0.117359909646538,0.0780776406404415,0.0780776406404415,0,0,0,20.4537871204536
6.14614614614615,9.04238530329547,0.0345742614861122,2.73248969237292e-05,1.53488820724674e-06,6.67880863391252,1.93552760891726e-30,2.75579705847923,0,0,3.9230131103215,10,0,-1270.20353687021,0,-1188.25492158826,40.9743076409739,0.0780776406404415,0.0780776406404415,0.0780776406404415,0.0780776406404415,0.117359909646538,0.117359909646538,0.0780776406404415,0.0780776406404415,0,0,0,20.487153820487
6.15615615615616,9.0417603851114,0.0345230898542805,2.68365611674894e-05,1.50512237823745e-06,6.67880863391252,1.7309138456159e-30,2.75512045056174,0,0,3.92368968847316,10,0,-1272.27227227228,0,-1190.1901901902,41.0410410410406,0.0780776406404415,0.0780776406404415,0.0780776406404415,0.0780776406404415,0.117359909646538,0.117359909646538,0.0780776406404415,0.0780776406404415,0,0,0,20.5205205205203
6.16616616616617,9.04113642578542,0.0344721165216093,2.63569829379952e-05,1.47594088420162e-06,6.67880863391252,1.54793763924055e-30,2.75444500914336,0,0,3.92436510071004,10,0,-1274.34100767435,0,-1192.12545879213,41.1077744411074,0.0780776406404415,0.0780776406404415,0.0780776406404415,0.0780776406404415,0.117359909646538,0.117359909646538,0.0780776406404415,0.0780776406404415,0,0,0,20.5538872205537
6.17617617617618,9.04051342170091,0.0344213406136701,2.58860046048419e-05,1.4473321063155e-06,6.67880863391252,1.38431011966149e-30,2.75377072956381,0,0,3.92503935168082,10,0,-1276.40974307642,0,-1194.06072739407,41.1745078411741,0.0780776406404415,0.0780776406404415,0.0780776406404415,0.0780776406404415,0.117359909646538,0.117359909646538,0.0780776406404415,0.0780776406404415,0,0,0,20.5872539205871
6.18618618618619,9.03989136925549,0.0343707612612948,2.5423471386042e-05,1.4192846599133e-06,6.67880863391252,1.23798461740593e-30,2.75309760718535,0,0,3.92571244601184,10,0,-1278.47847847849,0,-1195.995995996,41.2412412412409,0.0780776406404415,0.0780776406404415,0.0780776406404415,0.0780776406404415,0.117359909646538,0.117359909646538,0.0780776406404415,0.0780776406404415,0,0,0,20.6206206206204
6.1961961961962,9.03927026486089,0.034320377600538,2.49692312963364e-05,1.39178738970053e-06,6.67880863391252,1.10713102634773e-30,2.75242563739263,0,0,3.92638438830729,10,0,-1280.54721388056,0,-1197.93126459794,41.3079746413076,0.0780776406404415,0.0780776406404415,0.0780776406404415,0.0780776406404415,0.117359909646538,0.117359909646538,0.0780776406404415,0.0780776406404415,0,0,0,20.6539873206538
6.20620620620621,9.03865010494294,0.0342701887726399,2.4523135096447e-05,1.3648293650667e-06,6.67880863391252,9.90112881050428e-31,2.75175481559256,0,0,3.92705518314933,10,0,-1282.61594928263,0,-1199.86653319987,41.3747080413743,0.0780776406404415,0.0780776406404415,0.0780776406404415,0.0780776406404415,0.117359909646538,0.117359909646538,0.0780776406404415,0.0780776406404415,0,0,0,20.6873540206872
6.21621621621622,9.03803088594154,0.0342201939239891,2.40850362432547e-05,1.33839987549529e-06,6.67880863391252,8.85466861220488e-31,2.75108513721417,0,0,3.92772483509823,10,0,-1284.68468468469,0,-1201.80180180181,41.441441441441,0.0780776406404415,0.0780776406404415,0.0780776406404415,0.0780776406404415,0.117359909646538,0.117359909646538,0.0780776406404415,0.0780776406404415,0,0,0,20.7207207207205
6.22622622622623,9.03741260431054,0.0341703922060863,2.36547908408854e-05,1.31248842606884e-06,6.67880863391252,7.91884466195463e-31,2.75041659770842,0,0,3.92839334869254,10,0,-1286.75342008676,0,-1203.73707040374,41.5081748415078,0.0780776406404415,0.0780776406404415,0.0780776406404415,0.0780776406404415,0.117359909646538,0.117359909646538,0.0780776406404415,0.0780776406404415,0,0,0,20.7540874207539
6.23623623623624,9.03679525651776,0.0341207827755079,2.32322575926876e-05,1.28708473306732e-06,6.67880863391252,7.08195629629955e-31,2.74974919254811,0,0,3.92906072844915,10,0,-1288.82215548883,0,-1205.67233900568,41.5749082415745,0.0780776406404415,0.0780776406404415,0.0780776406404415,0.0780776406404415,0.117359909646538,0.117359909646538,0.0780776406404415,0.0780776406404415,0,0,0,20.7874541207873
6.24624624624625,9.03617883904487,0.0340713647938701,2.28172977540851e-05,1.26217871965757e-06,6.67880863391252,6.33354068893597e-31,2.74908291722773,0,0,3.92972697886352,10,0,-1290.8908908909,0,-1207.60760760761,41.6416416416412,0.0780776406404415,0.0780776406404415,0.0780776406404415,0.0780776406404415,0.117359909646538,0.117359909646538,0.0780776406404415,0.0780776406404415,0,0,0,20.8208208208206
6.25625625625626,9.03556334838739,0.0340221374277928,2.24097750862885e-05,1.23776051167222e-06,6.67880863391252,5.6642418546558e-31,2.7484177672633,0,0,3.93039210440974,10,0,-1292.95962629297,0,-1209.54287620955,41.708375041708,0.0780776406404415,0.0780776406404415,0.0780776406404415,0.0780776406404415,0.117359909646538,0.117359909646538,0.0780776406404415,0.0780776406404415,0,0,0,20.854187520854
6.26626626626627,9.03494878105462,0.0339730998488649,2.20095558108502e-05,1.21382043347591e-06,6.67880863391252,5.06569352073362e-31,2.74775373819225,0,0,3.93105610954071,10,0,-1295.02836169504,0,-1211.47814481148,41.7751084417747,0.0780776406404415,0.0780776406404415,0.0780776406404415,0.0780776406404415,0.117359909646538,0.117359909646538,0.0780776406404415,0.0780776406404415,0,0,0,20.8875542208874
6.27627627627628,9.03433513356958,0.0339242512336086,2.16165085650478e-05,1.19034900391709e-06,6.67880863391252,4.53041439723599e-31,2.74709082557328,0,0,3.93171899868825,10,0,-1297.09709709711,0,-1213.41341341342,41.8418418418414,0.0780776406404415,0.0780776406404415,0.0780776406404415,0.0780776406404415,0.117359909646538,0.117359909646538,0.0780776406404415,0.0780776406404415,0,0,0,20.9209209209207
6.28628628628629,9.03372240246896,0.0338755907634452,2.12305043580791e-05,1.16733693236366e-06,6.67880863391252,4.05171453329794e-31,2.74642902498621,0,0,3.93238077626325,10,0,-1299.16583249918,0,-1215.34868201535,41.9085752419082,0.0780776406404415,0.0780776406404415,0.0780776406404415,0.0780776406404415,0.117359909646538,0.117359909646538,0.0780776406404415,0.0780776406404415,0,0,0,20.9542876209541
6.2962962962963,9.03311058430305,0.0338271176246601,2.08514165280565e-05,1.14477511482062e-06,6.67880863391252,3.62361158549069e-31,2.74576833203187,0,0,3.93304144665577,10,0,-1301.23456790125,0,-1217.28395061729,41.9753086419749,0.0780776406404415,0.0780776406404415,0.0780776406404415,0.0780776406404415,0.117359909646538,0.117359909646538,0.0780776406404415,0.0780776406404415,0,0,0,20.9876543209874
6.30630630630631,9.03249967563574,0.0337788310083691,2.04791206997833e-05,1.12265463012795e-06,6.67880863391252,3.24075594874698e-31,2.74510874233195,0,0,3.9337010142352,10,0,-1303.30330330331,0,-1219.21921921922,42.0420420420416,0.0780776406404415,0.0780776406404415,0.0780776406404415,0.0780776406404415,0.117359909646538,0.117359909646538,0.0780776406404415,0.0780776406404415,0,0,0,21.0210210210208
6.31631631631632,9.0318896730444,0.0337307301104839,2.01134947432998e-05,1.10096673623717e-06,6.67880863391252,2.89836381147626e-31,2.74445025152888,0,0,3.93435948335038,10,0,-1305.37203870538,0,-1221.15448782116,42.1087754421084,0.0780776406404415,0.0780776406404415,0.0780776406404415,0.0780776406404415,0.117359909646538,0.117359909646538,0.0780776406404415,0.0780776406404415,0,0,0,21.0543877210542
6.32632632632633,9.03128057311987,0.0336828141316792,1.97544187331839e-05,1.07970286656481e-06,6.67880863391252,2.59215729589049e-31,2.74379285528566,0,0,3.93501685832973,10,0,-1307.44077410745,0,-1223.0897564231,42.1755088421751,0.0780776406404415,0.0780776406404415,0.0780776406404415,0.0780776406404415,0.117359909646538,0.117359909646538,0.0780776406404415,0.0780776406404415,0,0,0,21.0877544210875
6.33633633633634,9.03067237246639,0.0336350822773588,1.94017749085928e-05,1.05885462642128e-06,6.67880863391252,2.31831093341808e-31,2.7431365492858,0,0,3.93567314348135,10,0,-1309.50950950952,0,-1225.02502502503,42.2422422422418,0.0780776406404415,0.0780776406404415,0.0780776406404415,0.0780776406404415,0.117359909646538,0.117359909646538,0.0780776406404415,0.0780776406404415,0,0,0,21.1211211211209
6.34634634634635,9.03006506770155,0.0335875337576231,1.90554476340326e-05,1.03841378951341e-06,6.67880863391252,2.07340380452723e-31,2.74248132923311,0,0,3.93632834309321,10,0,-1311.57824491159,0,-1226.96029362697,42.3089756423086,0.0780776406404415,0.0780776406404415,0.0780776406404415,0.0780776406404415,0.117359909646538,0.117359909646538,0.0780776406404415,0.0780776406404415,0,0,0,21.1544878211543
6.35635635635636,9.02945865545622,0.0335401677872356,1.87153233608411e-05,1.01837229451929e-06,6.67880863391252,1.85437674330644e-31,2.74182719085162,0,0,3.9369824614332,10,0,-1313.64698031366,0,-1228.8955622289,42.3757090423753,0.0780776406404415,0.0780776406404415,0.0780776406404415,0.0780776406404415,0.117359909646538,0.117359909646538,0.0780776406404415,0.0780776406404415,0,0,0,21.1878545211876
6.36636636636637,9.02885313237454,0.0334929835855912,1.83812905893731e-05,9.98722241733774e-07,6.67880863391252,1.65849407065243e-31,2.74117412988547,0,0,3.9376355027493,10,0,-1315.71571571573,0,-1230.83083083084,42.442442442442,0.0780776406404415,0.0780776406404415,0.0780776406404415,0.0780776406404415,0.117359909646538,0.117359909646538,0.0780776406404415,0.0780776406404415,0,0,0,21.221221221221
6.37637637637638,9.02824849511381,0.0334459803766835,1.80532398318728e-05,9.79455889783171e-07,6.67880863391252,1.48330937669064e-31,2.74052214209872,0,0,3.93828747126969,10,0,-1317.7844511178,0,-1232.76609943277,42.5091758425088,0.0780776406404415,0.0780776406404415,0.0780776406404415,0.0780776406404415,0.117359909646538,0.117359909646538,0.0780776406404415,0.0780776406404415,0,0,0,21.2545879212544
6.38638638638639,9.02764474034447,0.0333991573890729,1.77310635760222e-05,9.60565652407755e-07,6.67880863391252,1.32663492381498e-31,2.73987122327528,0,0,3.9389383712029,10,0,-1319.85318651986,0,-1234.70136803471,42.5759092425755,0.0780776406404415,0.0780776406404415,0.0780776406404415,0.0780776406404415,0.117359909646538,0.117359909646538,0.0780776406404415,0.0780776406404415,0,0,0,21.2879546212877
6.3963963963964,9.02704186475006,0.0333525138558552,1.74146562491536e-05,9.42044095310586e-07,6.67880863391252,1.18651428711701e-31,2.73922136921876,0,0,3.93958820673786,10,0,-1321.92192192193,0,-1236.63663663664,42.6426426426422,0.0780776406404415,0.0780776406404415,0.0780776406404415,0.0780776406404415,0.117359909646538,0.117359909646538,0.0780776406404415,0.0780776406404415,0,0,0,21.3213213213211
6.40640640640641,9.0264398650271,0.0333060490146299,1.71039141831125e-05,9.23883933071297e-07,6.67880863391252,1.06119788955213e-31,2.73857257575236,0,0,3.9402369820441,10,0,-1323.990657324,0,-1238.57190523858,42.709376042709,0.0780776406404415,0.0780776406404415,0.0780776406404415,0.0780776406404415,0.117359909646538,0.117359909646538,0.0780776406404415,0.0780776406404415,0,0,0,21.3546880213545
6.41641641641642,9.02583873788513,0.033259762107469,1.67987355797598e-05,9.06078026123479e-07,6.67880863391252,9.49121125469388e-32,2.73792483871872,0,0,3.94088470127184,10,0,-1326.05939272607,0,-1240.50717384051,42.7761094427757,0.0780776406404415,0.0780776406404415,0.0780776406404415,0.0780776406404415,0.117359909646538,0.117359909646538,0.0780776406404415,0.0780776406404415,0,0,0,21.3880547213878
6.42642642642643,9.02523848004658,0.0332136523808865,1.64990204771024e-05,8.88619377794336e-07,6.67880863391252,8.48884798568168e-32,2.73727815397983,0,0,3.94153136855207,10,0,-1328.12812812814,0,-1242.44244244245,42.8428428428424,0.0780776406404415,0.0780776406404415,0.0780776406404415,0.0780776406404415,0.117359909646538,0.117359909646538,0.0780776406404415,0.0780776406404415,0,0,0,21.4214214214212
6.43643643643644,9.02463908824674,0.0331677190858074,1.62046707160388e-05,8.71501131405287e-07,6.67880863391252,7.59237629346346e-32,2.7366325174169,0,0,3.94217698799676,10,0,-1330.19686353021,0,-1244.37771104438,42.9095762429092,0.0780776406404415,0.0780776406404415,0.0780776406404415,0.0780776406404415,0.117359909646538,0.117359909646538,0.0780776406404415,0.0780776406404415,0,0,0,21.4547881214546
6.44644644644645,9.02404055923371,0.0331219614775374,1.5915589907711e-05,8.54716567432277e-07,6.67880863391252,6.79060613034865e-32,2.73598792493023,0,0,3.94282156369886,10,0,-1332.26559893228,0,-1246.31297964632,42.9763096429759,0.0780776406404415,0.0780776406404415,0.0780776406404415,0.0780776406404415,0.117359909646538,0.117359909646538,0.0780776406404415,0.0780776406404415,0,0,0,21.4881548214879
6.45645645645646,9.02344288976836,0.033076378815733,1.56316834014489e-05,8.38259100724516e-07,6.67880863391252,6.07353032197261e-32,2.7353443724391,0,0,3.94346509973253,10,0,-1334.33433433435,0,-1248.24824824825,43.0430430430426,0.0780776406404415,0.0780776406404415,0.0780776406404415,0.0780776406404415,0.117359909646538,0.117359909646538,0.0780776406404415,0.0780776406404415,0,0,0,21.5215215215213
6.46646646646647,9.02284607662424,0.0330309703643712,1.53528582532986e-05,8.22122277780439e-07,6.67880863391252,5.43219948901877e-32,2.73470185588164,0,0,3.94410760015316,10,0,-1336.40306973642,0,-1250.18351685019,43.1097764431094,0.0780776406404415,0.0780776406404415,0.0780776406404415,0.0780776406404415,0.117359909646538,0.117359909646538,0.0780776406404415,0.0780776406404415,0,0,0,21.5548882215547
6.47647647647648,9.02225011658755,0.0329857353917204,1.50790231951226e-05,8.06299774079695e-07,6.67880863391252,4.85861019908343e-32,2.73406037121475,0,0,3.94474906899755,10,0,-1338.47180513848,0,-1252.11878545212,43.1765098431761,0.0780776406404415,0.0780776406404415,0.0780776406404415,0.0780776406404415,0.117359909646538,0.117359909646538,0.0780776406404415,0.0780776406404415,0,0,0,21.588254921588
6.48648648648649,9.0216550064571,0.0329406731703105,1.48100886042619e-05,7.90785391469985e-07,6.67880863391252,4.34560494881264e-32,2.73341991441391,0,0,3.94538951028401,10,0,-1340.54054054055,0,-1254.05405405406,43.2432432432428,0.0780776406404415,0.0780776406404415,0.0780776406404415,0.0780776406404415,0.117359909646538,0.117359909646538,0.0780776406404415,0.0780776406404415,0,0,0,21.6216216216214
6.4964964964965,9.02106074304421,0.0328957829769041,1.45459664737499e-05,7.75573055607608e-07,6.67880863391252,3.88678272460881e-32,2.73278048147315,0,0,3.94602892801243,10,0,-1342.60927594262,0,-1255.98932265599,43.3099766433096,0.0780776406404415,0.0780776406404415,0.0780776406404415,0.0780776406404415,0.117359909646538,0.117359909646538,0.0780776406404415,0.0780776406404415,0,0,0,21.6549883216548
6.50650650650651,9.02046732317271,0.0328510640924675,1.42865703830675e-05,7.60656813450601e-07,6.67880863391252,3.47641902268397e-32,2.73214206840487,0,0,3.94666732616447,10,0,-1344.67801134469,0,-1257.92459125793,43.3767100433763,0.0780776406404415,0.0780776406404415,0.0780776406404415,0.0780776406404415,0.117359909646538,0.117359909646538,0.0780776406404415,0.0780776406404415,0,0,0,21.6883550216881
6.51651651651652,9.01987474367884,0.032806515802142,1.40318154694307e-05,7.46030830803368e-07,6.67880863391252,3.10939432769067e-32,2.73150467123978,0,0,3.94730470870358,10,0,-1346.74674674676,0,-1259.85985985986,43.443443443443,0.0780776406404415,0.0780776406404415,0.0780776406404415,0.0780776406404415,0.117359909646538,0.117359909646538,0.0780776406404415,0.0780776406404415,0,0,0,21.7217217217215
6.52652652652653,9.01928300141122,0.0327621373952154,1.37816183995984e-05,7.3168938991172e-07,6.67880863391252,2.78113015507391e-32,2.73086828602672,0,0,3.94794107957519,10,0,-1348.81548214883,0,-1261.7951284618,43.5101768435097,0.0780776406404415,0.0780776406404415,0.0780776406404415,0.0780776406404415,0.117359909646538,0.117359909646538,0.0780776406404415,0.0780776406404415,0,0,0,21.7550884217549
6.53653653653654,9.0186920932308,0.0327179281650942,1.35358973421948e-05,7.17626887107289e-07,6.67880863391252,2.48753185698793e-32,2.73023290883262,0,0,3.94857644270679,10,0,-1350.8842175509,0,-1263.73039706373,43.5769102435765,0.0780776406404415,0.0780776406404415,0.0780776406404415,0.0780776406404415,0.117359909646538,0.117359909646538,0.0780776406404415,0.0780776406404415,0,0,0,21.7884551217882
6.54654654654655,9.0181020160108,0.0326738874092751,1.3294571940533e-05,7.03837830500279e-07,6.67880863391252,2.22493747629661e-32,2.72959853574234,0,0,3.94921080200802,10,0,-1352.95295295297,0,-1265.66566566567,43.6436436436432,0.0780776406404415,0.0780776406404415,0.0780776406404415,0.0780776406404415,0.117359909646538,0.117359909646538,0.0780776406404415,0.0780776406404415,0,0,0,21.8218218218216
6.55655655655656,9.01751276663664,0.0326300144293175,1.30575632859336e-05,6.90316837719541e-07,6.67880863391252,1.99007200888789e-32,2.72896516285858,0,0,3.94984416137079,10,0,-1355.02168835504,0,-1267.60093426761,43.7103770437099,0.0780776406404415,0.0780776406404415,0.0780776406404415,0.0780776406404415,0.117359909646538,0.117359909646538,0.0780776406404415,0.0780776406404415,0,0,0,21.855188521855
6.56656656656657,9.01692434200591,0.0325863085308163,1.28247938915273e-05,6.77058633698998e-07,6.67880863391252,1.78000650222945e-32,2.72833278630175,0,0,3.95047652466941,10,0,-1357.0904237571,0,-1269.53620286954,43.7771104437767,0.0780776406404415,0.0780776406404415,0.0780776406404415,0.0780776406404415,0.117359909646538,0.117359909646538,0.0780776406404415,0.0780776406404415,0,0,0,21.8885552218883
6.57657657657658,9.01633673902832,0.032542769023374,1.25961876665344e-05,6.64058048509453e-07,6.67880863391252,1.5921214786248e-32,2.72770140220991,0,0,3.95110789576067,10,0,-1359.15915915917,0,-1271.47147147148,43.8438438438434,0.0780776406404415,0.0780776406404415,0.0780776406404415,0.0780776406404415,0.117359909646538,0.117359909646538,0.0780776406404415,0.0780776406404415,0,0,0,21.9219219219217
6.58658658658659,9.01574995462562,0.0324993952205741,1.23716698910108e-05,6.51310015234822e-07,6.67880863391252,1.42407422575293e-32,2.72707100673859,0,0,3.95173827848395,10,0,-1361.22789456124,0,-1273.40674007341,43.9105772439101,0.0780776406404415,0.0780776406404415,0.0780776406404415,0.0780776406404415,0.117359909646538,0.117359909646538,0.0780776406404415,0.0780776406404415,0,0,0,21.9552886219551
6.5965965965966,9.01516398573154,0.0324561864399542,1.21511671910531e-05,6.3880956789189e-07,6.67880863391252,1.27376954547082e-32,2.72644159606075,0,0,3.95236767666134,10,0,-1363.29662996331,0,-1275.34200867535,43.9773106439769,0.0780776406404415,0.0780776406404415,0.0780776406404415,0.0780776406404415,0.117359909646538,0.117359909646538,0.0780776406404415,0.0780776406404415,0,0,0,21.9886553219884
6.60660660660661,9.01457882929181,0.0324131420029793,1.19346075144543e-05,6.26551839392665e-07,6.67880863391252,1.13933359513176e-32,2.72581316636664,0,0,3.95299609409773,10,0,-1365.36536536538,0,-1277.27727727728,44.0440440440436,0.0780776406404415,0.0780776406404415,0.0780776406404415,0.0780776406404415,0.117359909646538,0.117359909646538,0.0780776406404415,0.0780776406404415,0,0,0,22.0220220220218
6.61661661661662,9.01399448226401,0.0323702612350152,1.17219201068011e-05,6.14532059548457e-07,6.67880863391252,1.01909049436645e-32,2.72518571386368,0,0,3.9536235345809,10,0,-1367.43410076745,0,-1279.21254587922,44.1107774441103,0.0780776406404415,0.0780776406404415,0.0780776406404415,0.0780776406404415,0.117359909646538,0.117359909646538,0.0780776406404415,0.0780776406404415,0,0,0,22.0553887220552
6.62662662662663,9.01341094161757,0.0323275434653029,1.1513035488006e-05,6.02745553114809e-07,6.67880863391252,9.11541404872904e-33,2.72455923477641,0,0,3.95425000188167,10,0,-1369.50283616952,0,-1281.14781448115,44.1775108441771,0.0780776406404415,0.0780776406404415,0.0780776406404415,0.0780776406404415,0.117359909646538,0.117359909646538,0.0780776406404415,0.0780776406404415,0,0,0,22.0887554220885
6.63663663663664,9.01282820433372,0.0322849880269318,1.1307885429265e-05,5.91187737876429e-07,6.67880863391252,8.15345821698696e-33,2.72393372534631,0,0,3.95487549975396,10,0,-1371.57157157159,0,-1283.08308308309,44.2442442442438,0.0780776406404415,0.0780776406404415,0.0780776406404415,0.0780776406404415,0.117359909646538,0.117359909646538,0.0780776406404415,0.0780776406404415,0,0,0,22.1221221221219
6.64664664664665,9.01224626740541,0.0322425942568147,1.11064029304342e-05,5.79854122771306e-07,6.67880863391252,7.2930484216303e-33,2.72330918183177,0,0,3.95550003193488,10,0,-1373.64030697365,0,-1285.01835168502,44.3109776443105,0.0780776406404415,0.0780776406404415,0.0780776406404415,0.0780776406404415,0.117359909646538,0.117359909646538,0.0780776406404415,0.0780776406404415,0,0,0,22.1554888221553
6.65665665665666,9.01166512783729,0.0322003614956619,1.09085221978168e-05,5.68740306053172e-07,6.67880863391252,6.52346203302419e-33,2.72268560050794,0,0,3.95612360214489,10,0,-1375.70904237572,0,-1286.95362028696,44.3777110443773,0.0780776406404415,0.0780776406404415,0.0780776406404415,0.0780776406404415,0.117359909646538,0.117359909646538,0.0780776406404415,0.0780776406404415,0,0,0,22.1888555221886
6.66666666666667,9.01108478264562,0.0321582890879556,1.07141786223536e-05,5.57841973491544e-07,6.67880863391252,5.83510900842949e-33,2.72206297766666,0,0,3.95674621408784,10,0,-1377.77777777779,0,-1288.88888888889,44.444444444444,0.0780776406404415,0.0780776406404415,0.0780776406404415,0.0780776406404415,0.117359909646538,0.117359909646538,0.0780776406404415,0.0780776406404415,0,0,0,22.222222222222
6.67667667667668,9.01050522885824,0.0321163763819253,1.05233087582094e-05,5.47154896608535e-07,6.67880863391252,5.21941222480715e-33,2.72144130961631,0,0,3.95736787145111,10,0,-1379.84651317986,0,-1290.82415749083,44.5111778445107,0.0780776406404415,0.0780776406404415,0.0780776406404415,0.0780776406404415,0.117359909646538,0.117359909646538,0.0780776406404415,0.0780776406404415,0,0,0,22.2555889222554
6.68668668668669,9.00992646351454,0.0320746227295224,1.03358503017477e-05,5.36674930951702e-07,6.67880863391252,4.66870045938065e-33,2.72082059268178,0,0,3.95798857790568,10,0,-1381.91524858193,0,-1292.75942609276,44.5779112445775,0.0780776406404415,0.0780776406404415,0.0780776406404415,0.0780776406404415,0.117359909646538,0.117359909646538,0.0780776406404415,0.0780776406404415,0,0,0,22.2889556222887
6.6966966966967,9.00934848366533,0.0320330274863958,1.01517420708881e-05,5.26398014402161e-07,6.67880863391252,4.1761126807811e-33,2.72020082320431,0,0,3.95860833710624,10,0,-1383.983983984,0,-1294.6946946947,44.6446446446442,0.0780776406404415,0.0780776406404415,0.0780776406404415,0.0780776406404415,0.117359909646538,0.117359909646538,0.0780776406404415,0.0780776406404415,0,0,0,22.3223223223221
6.70670670670671,9.0087712863729,0.0319915900118669,9.97092398483717e-06,5.16320165517242e-07,6.67880863391252,3.73551245501641e-33,2.71958199754141,0,0,3.95922715269128,10,0,-1386.05271938607,0,-1296.62996329663,44.7113780447109,0.0780776406404415,0.0780776406404415,0.0780776406404415,0.0780776406404415,0.117359909646538,0.117359909646538,0.0780776406404415,0.0780776406404415,0,0,0,22.3556890223555
6.71671671671672,9.00819486871086,0.0319503096689057,9.79333704418768e-06,5.06437481906985e-07,6.67880863391252,3.34141139696204e-33,2.71896411206678,0,0,3.95984502828323,10,0,-1388.12145478814,0,-1298.56523189857,44.7781114447777,0.0780776406404415,0.0780776406404415,0.0780776406404415,0.0780776406404415,0.117359909646538,0.117359909646538,0.0780776406404415,0.0780776406404415,0,0,0,22.3890557223888
6.72672672672673,9.00761922776415,0.0319091858241065,9.61892331137911e-06,4.96746138643751e-07,6.67880863391252,2.98890071114958e-33,2.7183471631702,0,0,3.96046196748846,10,0,-1390.19019019021,0,-1300.5005005005,44.8448448448444,0.0780776406404415,0.0780776406404415,0.0780776406404415,0.0780776406404415,0.117359909646538,0.117359909646538,0.0780776406404415,0.0780776406404415,0,0,0,22.4224224224222
6.73673673673674,9.00704436062899,0.0318682178476639,9.44762589151239e-06,4.87242386704283e-07,6.67880863391252,2.67358996674596e-33,2.71773114725742,0,0,3.96107797389749,10,0,-1392.25892559227,0,-1302.43576910244,44.9115782449111,0.0780776406404415,0.0780776406404415,0.0780776406404415,0.0780776406404415,0.117359909646538,0.117359909646538,0.0780776406404415,0.0780776406404415,0,0,0,22.4557891224556
6.74674674674675,9.00647026441278,0.0318274051133488,9.27938891351292e-06,4.7792255144353e-07,6.67880863391252,2.39155234203674e-33,2.71711606075009,0,0,3.96169305108499,10,0,-1394.32766099434,0,-1304.37103770437,44.9783116449779,0.0780776406404415,0.0780776406404415,0.0780776406404415,0.0780776406404415,0.117359909646538,0.117359909646538,0.0780776406404415,0.0780776406404415,0,0,0,22.4891558224889
6.75675675675676,9.00589693623411,0.0317867469984855,9.11415751163521e-06,4.68783031099591e-07,6.67880863391252,2.13927565458322e-33,2.71650190008562,0,0,3.96230720260993,10,0,-1396.39639639641,0,-1306.30630630631,45.0450450450446,0.0780776406404415,0.0780776406404415,0.0780776406404415,0.0780776406404415,0.117359909646538,0.117359909646538,0.0780776406404415,0.0780776406404415,0,0,0,22.5225225225223
6.76676676676677,9.00532437322264,0.0317462428839274,8.95187780730316e-06,4.59820295329125e-07,6.67880863391252,1.91361856552734e-33,2.71588866171717,0,0,3.96292043201566,10,0,-1398.46513179848,0,-1308.24157490824,45.1117784451113,0.0780776406404415,0.0780776406404415,0.0780776406404415,0.0780776406404415,0.117359909646538,0.117359909646538,0.0780776406404415,0.0780776406404415,0,0,0,22.5558892225557
6.77677677677678,9.00475257251914,0.0317058921540345,8.79249689127957e-06,4.51030883772595e-07,6.67880863391252,1.71177141117445e-33,2.71527634211344,0,0,3.96353274282997,10,0,-1400.53386720055,0,-1310.17684351018,45.1785118451781,0.0780776406404415,0.0780776406404415,0.0780776406404415,0.0780776406404415,0.117359909646538,0.117359909646538,0.0780776406404415,0.0780776406404415,0,0,0,22.589255922589
6.78678678678679,9.00418153127534,0.0316656941966502,8.63596280615921e-06,4.42411404648746e-07,6.67880863391252,1.53122117280298e-33,2.71466493775869,0,0,3.96414413856524,10,0,-1402.60260260262,0,-1312.11211211212,45.2452452452448,0.0780776406404415,0.0780776406404415,0.0780776406404415,0.0780776406404415,0.117359909646538,0.117359909646538,0.0780776406404415,0.0780776406404415,0,0,0,22.6226226226224
6.7967967967968,9.00361124665393,0.0316256484030782,8.48222452917929e-06,4.33958533377686e-07,6.67880863391252,1.36972014735281e-33,2.71405444515257,0,0,3.96475462271849,10,0,-1404.67133800469,0,-1314.04738071405,45.3119786453115,0.0780776406404415,0.0780776406404415,0.0780776406404415,0.0780776406404415,0.117359909646538,0.117359909646538,0.0780776406404415,0.0780776406404415,0,0,0,22.6559893226558
6.80680680680681,9.00304171582854,0.0315857541680601,8.33123195534169e-06,4.2566901123201e-07,6.67880863391252,1.22525792788011e-33,2.71344486081005,0,0,3.96536419877148,10,0,-1406.74007340676,0,-1315.98264931599,45.3787120453783,0.0780776406404415,0.0780776406404415,0.0780776406404415,0.0780776406404415,0.117359909646538,0.117359909646538,0.0780776406404415,0.0780776406404415,0,0,0,22.6893560226891
6.81681681681682,9.0024729359836,0.0315460108897529,8.18293588084121e-06,4.17539644015358e-07,6.67880863391252,1.09603634401244e-33,2.71283618126137,0,0,3.9659728701908,10,0,-1408.80880880883,0,-1317.91791791792,45.445445445445,0.0780776406404415,0.0780776406404415,0.0780776406404415,0.0780776406404415,0.117359909646538,0.117359909646538,0.0780776406404415,0.0780776406404415,0,0,0,22.7227227227225
6.82682682682683,9.00190490431437,0.0315064179697067,8.03728798679429e-06,4.09567300767867e-07,6.67880863391252,9.80447049611392e-34,2.71222840305186,0,0,3.96658064042797,10,0,-1410.87754421089,0,-1319.85318651986,45.5121788455117,0.0780776406404415,0.0780776406404415,0.0780776406404415,0.0780776406404415,0.117359909646538,0.117359909646538,0.0780776406404415,0.0780776406404415,0,0,0,22.7560894227559
6.83683683683684,9.00133761802687,0.0314669748128422,7.89424082326276e-06,4.0174891249794e-07,6.67880863391252,8.77051477914591e-34,2.71162152274195,0,0,3.96718751291949,10,0,-1412.94627961296,0,-1321.78845512179,45.5789122455784,0.0780776406404415,0.0780776406404415,0.0780776406404415,0.0780776406404415,0.117359909646538,0.117359909646538,0.0780776406404415,0.0780776406404415,0,0,0,22.7894561227892
6.84684684684685,9.00077107433781,0.0314276808274296,7.75374779356718e-06,3.94081470939803e-07,6.67880863391252,7.8456291399634e-34,2.711015536907,0,0,3.967793491087,10,0,-1415.01501501503,0,-1323.72372372373,45.6456456456452,0.0780776406404415,0.0780776406404415,0.0780776406404415,0.0780776406404415,0.117359909646538,0.117359909646538,0.0780776406404415,0.0780776406404415,0,0,0,22.8228228228226
6.85685685685686,9.00020527047453,0.0313885354250659,7.61576313888452e-06,3.86562027336317e-07,6.67880863391252,7.01830460828037e-34,2.71041044213726,0,0,3.96839857833729,10,0,-1417.0837504171,0,-1325.65899232566,45.7123790457119,0.0780776406404415,0.0780776406404415,0.0780776406404415,0.0780776406404415,0.117359909646538,0.117359909646538,0.0780776406404415,0.0780776406404415,0,0,0,22.856189522856
6.86686686686687,8.99964020367501,0.0313495380206537,7.48024192312501e-06,3.79187691246512e-07,6.67880863391252,6.27824698865104e-34,2.70980623503777,0,0,3.96900277806245,10,0,-1419.15248581917,0,-1327.5942609276,45.7791124457786,0.0780776406404415,0.0780776406404415,0.0780776406404415,0.0780776406404415,0.117359909646538,0.117359909646538,0.0780776406404415,0.0780776406404415,0,0,0,22.8895562228893
6.87687687687688,8.99907587118774,0.03131068803238,7.34714001808317e-06,3.71955629377353e-07,6.67880863391252,5.61624860233105e-34,2.70920291222827,0,0,3.96960609363989,10,0,-1421.22122122124,0,-1329.52952952953,45.8458458458454,0.0780776406404415,0.0780776406404415,0.0780776406404415,0.0780776406404415,0.117359909646538,0.117359909646538,0.0780776406404415,0.0780776406404415,0,0,0,22.9229229229227
6.88688688688689,8.99851227027175,0.0312719848816945,7.21641408885776e-06,3.64863064439223e-07,6.67880863391252,5.02407357495847e-34,2.70860047034309,0,0,3.9702085284325,10,0,-1423.28995662331,0,-1331.46479813147,45.9125792459121,0.0780776406404415,0.0780776406404415,0.0780776406404415,0.0780776406404415,0.117359909646538,0.117359909646538,0.0780776406404415,0.0780776406404415,0,0,0,22.9562896229561
6.8968968968969,8.99794939819648,0.0312334279932886,7.08802157953614e-06,3.57907274024636e-07,6.67880863391252,4.49435523899311e-34,2.70799890603112,0,0,3.97081008578868,10,0,-1425.35869202538,0,-1333.4000667334,45.9793126459788,0.0780776406404415,0.0780776406404415,0.0780776406404415,0.0780776406404415,0.117359909646538,0.117359909646538,0.0780776406404415,0.0780776406404415,0,0,0,22.9896563229894
6.90690690690691,8.99738725224181,0.0311950167950748,6.96192069913784e-06,3.51085589509716e-07,6.67880863391252,4.02050437108538e-34,2.70739821595567,0,0,3.97141076904245,10,0,-1427.42742742744,0,-1335.33533533534,46.0460460460456,0.0780776406404415,0.0780776406404415,0.0780776406404415,0.0780776406404415,0.117359909646538,0.117359909646538,0.0780776406404415,0.0780776406404415,0,0,0,23.0230230230228
6.91691691691692,8.99682582969795,0.0311567507181653,6.83807040781292e-06,3.4439539497795e-07,6.67880863391252,3.59662711979109e-34,2.70679839679441,0,0,3.97201058151351,10,0,-1429.49616282951,0,-1337.27060393727,46.1127794461123,0.0780776406404415,0.0780776406404415,0.0780776406404415,0.0780776406404415,0.117359909646538,0.117359909646538,0.0780776406404415,0.0780776406404415,0,0,0,23.0563897230562
6.92692692692693,8.99626512786541,0.0311186291968522,6.71643040329034e-06,3.37834126165781e-07,6.67880863391252,3.21745159999809e-34,2.70619944523928,0,0,3.97260952650737,10,0,-1431.56489823158,0,-1339.20587253921,46.179512846179,0.0780776406404415,0.0780776406404415,0.0780776406404415,0.0780776406404415,0.117359909646538,0.117359909646538,0.0780776406404415,0.0780776406404415,0,0,0,23.0897564230895
6.93693693693694,8.99570514405497,0.0310806516685862,6.59696110757177e-06,3.31399269429572e-07,6.67880863391252,2.87826223859452e-34,2.70560135799642,0,0,3.97320760731538,10,0,-1433.63363363365,0,-1341.14114114114,46.2462462462458,0.0780776406404415,0.0780776406404415,0.0780776406404415,0.0780776406404415,0.117359909646538,0.117359909646538,0.0780776406404415,0.0780776406404415,0,0,0,23.1231231231229
6.94694694694695,8.99514587558759,0.0310428175739569,6.4796236538665e-06,3.25088360733513e-07,6.67880863391252,2.57484105264034e-34,2.70500413178606,0,0,3.97380482721483,10,0,-1435.70236903572,0,-1343.07640974308,46.3129796463125,0.0780776406404415,0.0780776406404415,0.0780776406404415,0.0780776406404415,0.117359909646538,0.117359909646538,0.0780776406404415,0.0780776406404415,0,0,0,23.1564898231562
6.95695695695696,8.99458731979435,0.03100512635665,6.36437986880384e-06,3.1889898431358e-07,6.67880863391252,2.30341224677689e-34,2.70440776334235,0,0,3.97440118946916,10,0,-1437.77110443779,0,-1345.01167834501,46.3797130463792,0.0780776406404415,0.0780776406404415,0.0780776406404415,0.0780776406404415,0.117359909646538,0.117359909646538,0.0780776406404415,0.0780776406404415,0,0,0,23.1898565231896
6.96696696696697,8.99402947401677,0.0309675774635575,6.25119228840885e-06,3.12828773688853e-07,6.67880863391252,2.06061004500619e-34,2.70381224941388,0,0,3.97499669732742,10,0,-1439.83983983986,0,-1346.94694694695,46.446446446446,0.0780776406404415,0.0780776406404415,0.0780776406404415,0.0780776406404415,0.117359909646538,0.117359909646538,0.0780776406404415,0.0780776406404415,0,0,0,23.223223223223
6.97697697697698,8.99347233560611,0.0309301703445591,6.14002410183747e-06,3.06875407661331e-07,6.67880863391252,1.84341527293038e-34,2.70321758676267,0,0,3.97559135402526,10,0,-1441.90857524193,0,-1348.88221554888,46.5131798465127,0.0780776406404415,0.0780776406404415,0.0780776406404415,0.0780776406404415,0.117359909646538,0.117359909646538,0.0780776406404415,0.0780776406404415,0,0,0,23.2565899232563
6.98698698698699,8.99291590192361,0.0308929044525721,6.03083915489452e-06,3.01036610474278e-07,6.67880863391252,1.64912345901292e-34,2.70262377216444,0,0,3.97618516278469,10,0,-1443.977310644,0,-1350.81748415082,46.5799132465794,0.0780776406404415,0.0780776406404415,0.0780776406404415,0.0780776406404415,0.117359909646538,0.117359909646538,0.0780776406404415,0.0780776406404415,0,0,0,23.2899566232897
6.996996996997,8.99236017034045,0.03085577924355,5.92360194218392e-06,2.95310151180417e-07,6.67880863391252,1.47531501723856e-34,2.70203080240858,0,0,3.9767781268141,10,0,-1446.04604604606,0,-1352.75275275275,46.6466466466462,0.0780776406404415,0.0780776406404415,0.0780776406404415,0.0780776406404415,0.117359909646538,0.117359909646538,0.0780776406404415,0.0780776406404415,0,0,0,23.3233233233231
7.00700700700701,8.9918051382378,0.0308187941764975,5.81827760280059e-06,2.89693843260688e-07,6.67880863391252,1.31983021994107e-34,2.70143867429824,0,0,3.97737024930813,10,0,-1448.11478144813,0,-1354.68802135469,46.7133800467129,0.0780776406404415,0.0780776406404415,0.0780776406404415,0.0780776406404415,0.117359909646538,0.117359909646538,0.0780776406404415,0.0780776406404415,0,0,0,23.3566900233564
7.01701701701702,8.99125080300675,0.0307819487134198,5.71483190195428e-06,2.84185543268331e-07,6.67880863391252,1.1807367719776e-34,2.7008473846501,0,0,3.97796153344797,10,0,-1450.1835168502,0,-1356.62328995662,46.7801134467796,0.0780776406404415,0.0780776406404415,0.0780776406404415,0.0780776406404415,0.117359909646538,0.117359909646538,0.0780776406404415,0.0780776406404415,0,0,0,23.3900567233898
7.02702702702703,8.99069716204815,0.0307452423193046,5.61323121970661e-06,2.78783149971519e-07,6.67880863391252,1.0563061750824e-34,2.70025693029432,0,0,3.97855198240136,10,0,-1452.25225225227,0,-1358.55855855856,46.8468468468464,0.0780776406404415,0.0780776406404415,0.0780776406404415,0.0780776406404415,0.117359909646538,0.117359909646538,0.0780776406404415,0.0780776406404415,0,0,0,23.4234234234232
7.03703703703704,8.99014421277267,0.0307086744621021,5.51344253988865e-06,2.73484603511512e-07,6.67880863391252,9.44992269692742e-35,2.69966730807441,0,0,3.97914159932272,10,0,-1454.32098765434,0,-1360.4938271605,46.9135802469131,0.0780776406404415,0.0780776406404415,0.0780776406404415,0.0780776406404415,0.117359909646538,0.117359909646538,0.0780776406404415,0.0780776406404415,0,0,0,23.4567901234565
7.04704704704705,8.9895919526007,0.0306722446127072,5.4154334392172e-06,2.68287884577667e-07,6.67880863391252,8.45411981231038e-35,2.69907851484722,0,0,3.97973038735319,10,0,-1456.38972305641,0,-1362.42909576243,46.9803136469798,0.0780776406404415,0.0780776406404415,0.0780776406404415,0.0780776406404415,0.117359909646538,0.117359909646538,0.0780776406404415,0.0780776406404415,0,0,0,23.4901568234899
7.05705705705706,8.98904037896228,0.03063595224494,5.31917207660847e-06,2.63191013599161e-07,6.67880863391252,7.56328113811828e-35,2.6984905474828,0,0,3.98031834962074,10,0,-1458.45845845848,0,-1364.36436436437,47.0470470470466,0.0780776406404415,0.0780776406404415,0.0780776406404415,0.0780776406404415,0.117359909646538,0.117359909646538,0.0780776406404415,0.0780776406404415,0,0,0,23.5235235235233
7.06706706706707,8.98848948929711,0.0305997968355282,5.22462718268508e-06,2.58192049953028e-07,6.67880863391252,6.7663395950549e-35,2.69790340286436,0,0,3.98090548924022,10,0,-1460.52719386055,0,-1366.2996329663,47.1137804471133,0.0780776406404415,0.0780776406404415,0.0780776406404415,0.0780776406404415,0.117359909646538,0.117359909646538,0.0780776406404415,0.0780776406404415,0,0,0,23.5568902235566
7.07707707707708,8.98793928105447,0.0305637778640878,5.13176804947296e-06,2.53289091188191e-07,6.67880863391252,6.05339531631421e-35,2.69731707788819,0,0,3.98149180931343,10,0,-1462.59592926261,0,-1368.23490156824,47.18051384718,0.0780776406404415,0.0780776406404415,0.0780776406404415,0.0780776406404415,0.117359909646538,0.117359909646538,0.0780776406404415,0.0780776406404415,0,0,0,23.59025692359
7.08708708708709,8.98738975169318,0.0305278948131058,5.04056452028466e-06,2.48480272265164e-07,6.67880863391252,5.41559250926495e-35,2.69673156946357,0,0,3.98207731292923,10,0,-1464.66466466468,0,-1370.17017017017,47.2472472472467,0.0780776406404415,0.0780776406404415,0.0780776406404415,0.0780776406404415,0.117359909646538,0.117359909646538,0.0780776406404415,0.0780776406404415,0,0,0,23.6236236236234
7.0970970970971,8.98684089868155,0.0304921471679214,4.95098697978567e-06,2.43763764811091e-07,6.67880863391252,4.84500931177915e-35,2.6961468745127,0,0,3.98266200316359,10,0,-1466.73340006675,0,-1372.10543877211,47.3139806473135,0.0780776406404415,0.0780776406404415,0.0780776406404415,0.0780776406404415,0.117359909646538,0.117359909646538,0.0780776406404415,0.0780776406404415,0,0,0,23.6569903236567
7.10710710710711,8.98629271949733,0.0304565344167085,4.86300634424049e-06,2.39137776389821e-07,6.67880863391252,4.33455927147252e-35,2.69556298997065,0,0,3.98324588307965,10,0,-1468.80213546882,0,-1374.04070737404,47.3807140473802,0.0780776406404415,0.0780776406404415,0.0780776406404415,0.0780776406404415,0.117359909646538,0.117359909646538,0.0780776406404415,0.0780776406404415,0,0,0,23.6903570236901
7.11711711711712,8.98574521162769,0.0304210560504579,4.77659405193509e-06,2.346005497867e-07,6.67880863391252,3.87790322099412e-35,2.69497991278524,0,0,3.98382895572784,10,0,-1470.87087087089,0,-1375.97597597598,47.4474474474469,0.0780776406404415,0.0780776406404415,0.0780776406404415,0.0780776406404415,0.117359909646538,0.117359909646538,0.0780776406404415,0.0780776406404415,0,0,0,23.7237237237235
7.12712712712713,8.98519837256915,0.0303857115629593,4.69172205377266e-06,2.3015036230779e-07,6.67880863391252,3.4693704520334e-35,2.69439763991701,0,0,3.98441122414588,10,0,-1472.93960627296,0,-1377.91124457791,47.5141808475137,0.0780776406404415,0.0780776406404415,0.0780776406404415,0.0780776406404415,0.117359909646538,0.117359909646538,0.0780776406404415,0.0780776406404415,0,0,0,23.7570904237568
7.13713713713714,8.98465219982753,0.0303505004507842,4.60836280403936e-06,2.25785525093209e-07,6.67880863391252,3.10388820657514e-35,2.69381616833913,0,0,3.98499269135893,10,0,-1475.00834167503,0,-1379.84651317985,47.5809142475804,0.0780776406404415,0.0780776406404415,0.0780776406404415,0.0780776406404415,0.117359909646538,0.117359909646538,0.0780776406404415,0.0780776406404415,0,0,0,23.7904571237902
7.14714714714715,8.98410669091791,0.0303154222132684,4.52648925133719e-06,2.21504382444313e-07,6.67880863391252,2.77691860755641e-35,2.69323549503731,0,0,3.98557336037961,10,0,-1477.0770770771,0,-1381.78178178178,47.6476476476471,0.0780776406404415,0.0780776406404415,0.0780776406404415,0.0780776406404415,0.117359909646538,0.117359909646538,0.0780776406404415,0.0780776406404415,0,0,0,23.8238238238236
7.15715715715716,8.98356184336463,0.0302804763524944,4.44607482968068e-06,2.17305311164437e-07,6.67880863391252,2.48440224376011e-35,2.69265561700975,0,0,3.98615323420809,10,0,-1479.14581247917,0,-1383.71705038372,47.7143810477139,0.0780776406404415,0.0780776406404415,0.0780776406404415,0.0780776406404415,0.117359909646538,0.117359909646538,0.0780776406404415,0.0780776406404415,0,0,0,23.8571905238569
7.16716716716717,8.98301765470115,0.0302456623732748,4.36709344975473e-06,2.13186719912899e-07,6.67880863391252,2.22270770667177e-35,2.69207653126708,0,0,3.98673231583217,10,0,-1481.21454788123,0,-1385.65231898565,47.7811144477806,0.0780776406404415,0.0780776406404415,0.0780776406404415,0.0780776406404415,0.117359909646538,0.117359909646538,0.0780776406404415,0.0780776406404415,0,0,0,23.8905572238903
7.17717717717718,8.9824741224701,0.0302109797831349,4.28951949033037e-06,2.09147048572033e-07,6.67880863391252,1.98858645116462e-35,2.69149823483226,0,0,3.98731060822732,10,0,-1483.2832832833,0,-1387.58758758759,47.8478478478473,0.0780776406404415,0.0780776406404415,0.0780776406404415,0.0780776406404415,0.117359909646538,0.117359909646538,0.0780776406404415,0.0780776406404415,0,0,0,23.9239239239237
7.18718718718719,8.98193124422318,0.0301764280922961,4.21332778983578e-06,2.05184767626944e-07,6.67880863391252,1.77913241818759e-35,2.69092072474052,0,0,3.98788811435678,10,0,-1485.35201868537,0,-1389.52285618952,47.9145812479141,0.0780776406404415,0.0780776406404415,0.0780776406404415,0.0780776406404415,0.117359909646538,0.117359909646538,0.0780776406404415,0.0780776406404415,0,0,0,23.957290623957
7.1971971971972,8.98138901752113,0.030142006813659,4.13849363807971e-06,2.01298377557757e-07,6.67880863391252,1.59174591693775e-35,2.69034399803929,0,0,3.98846483717162,10,0,-1487.42075408744,0,-1391.45812479146,47.9813146479808,0.0780776406404415,0.0780776406404415,0.0780776406404415,0.0780776406404415,0.117359909646538,0.117359909646538,0.0780776406404415,0.0780776406404415,0,0,0,23.9906573239904
7.20720720720721,8.98084743993369,0.0301077154627869,4.06499276812449e-06,1.9748640824409e-07,6.67880863391252,1.42410131704397e-35,2.68976805178814,0,0,3.9890407796108,10,0,-1489.48948948951,0,-1393.39339339339,48.0480480480475,0.0780776406404415,0.0780776406404415,0.0780776406404415,0.0780776406404415,0.117359909646538,0.117359909646538,0.0780776406404415,0.0780776406404415,0,0,0,24.0240240240238
7.21721721721722,8.98030650903955,0.0300735535578891,3.99280134830586e-06,1.93747418381499e-07,6.67880863391252,1.27411814873197e-35,2.6891928830587,0,0,3.98961594460125,10,0,-1491.55822489158,0,-1395.32866199533,48.1147814481143,0.0780776406404415,0.0780776406404415,0.0780776406404415,0.0780776406404415,0.117359909646538,0.117359909646538,0.0780776406404415,0.0780776406404415,0,0,0,24.0573907240571
7.22722722722723,8.97976622242633,0.0300395206198048,3.92189597439717e-06,1.90079994909667e-07,6.67880863391252,1.13993525137568e-35,2.68861848893459,0,0,3.99019033505793,10,0,-1493.62696029365,0,-1397.26393059726,48.181514848181,0.0780776406404415,0.0780776406404415,0.0780776406404415,0.0780776406404415,0.117359909646538,0.117359909646538,0.0780776406404415,0.0780776406404415,0,0,0,24.0907574240905
7.23723723723724,8.97922657769047,0.0300056161719869,3.85225366191509e-06,1.86482752452078e-07,6.67880863391252,1.01988764879379e-35,2.68804486651136,0,0,3.99076395388392,10,0,-1495.69569569572,0,-1399.1991991992,48.2482482482477,0.0780776406404415,0.0780776406404415,0.0780776406404415,0.0780776406404415,0.117359909646538,0.117359909646538,0.0780776406404415,0.0780776406404415,0,0,0,24.1241241241239
7.24724724724725,8.97868757243728,0.0299718397404853,3.78385183856439e-06,1.82954332766955e-07,6.67880863391252,9.12485863597442e-36,2.68747201289643,0,0,3.99133680397043,10,0,-1497.76443109779,0,-1401.13446780113,48.3149816483145,0.0780776406404415,0.0780776406404415,0.0780776406404415,0.0780776406404415,0.117359909646538,0.117359909646538,0.0780776406404415,0.0780776406404415,0,0,0,24.1574908241572
7.25725725725726,8.97814920428083,0.0299381908539319,3.71666833681923e-06,1.79493404209232e-07,6.67880863391252,8.16397413257919e-36,2.68689992520899,0,0,3.99190888819695,10,0,-1499.83316649985,0,-1403.06973640307,48.3817150483812,0.0780776406404415,0.0780776406404415,0.0780776406404415,0.0780776406404415,0.117359909646538,0.117359909646538,0.0780776406404415,0.0780776406404415,0,0,0,24.1908575241906
7.26726726726727,8.9776114708439,0.0299046690435238,3.6506813866385e-06,1.76098661203321e-07,6.67880863391252,7.30430257720995e-36,2.68632860057996,0,0,3.99248020943123,10,0,-1501.90190190192,0,-1405.005005005,48.4484484484479,0.0780776406404415,0.0780776406404415,0.0780776406404415,0.0780776406404415,0.117359909646538,0.117359909646538,0.0780776406404415,0.0780776406404415,0,0,0,24.224224224224
7.27727727727728,8.977074369758,0.0298712738430079,3.58586960831277e-06,1.72768823726482e-07,6.67880863391252,6.53517992685057e-36,2.68575803615193,0,0,3.99305077052942,10,0,-1503.97063730399,0,-1406.94027360694,48.5151818485147,0.0780776406404415,0.0780776406404415,0.0780776406404415,0.0780776406404415,0.117359909646538,0.117359909646538,0.0780776406404415,0.0780776406404415,0,0,0,24.2575909242573
7.28728728728729,8.97653789866328,0.0298380047886654,3.52221200544049e-06,1.69502636802547e-07,6.67880863391252,5.84706604386691e-36,2.68518822907908,0,0,3.99362057433609,10,0,-1506.03937270606,0,-1408.87554220888,48.5819152485814,0.0780776406404415,0.0780776406404415,0.0780776406404415,0.0780776406404415,0.117359909646538,0.117359909646538,0.0780776406404415,0.0780776406404415,0,0,0,24.2909576242907
7.2972972972973,8.97600205520848,0.0298048614192962,3.45968795803096e-06,1.66298870005814e-07,6.67880863391252,5.23142621170376e-36,2.6846191765271,0,0,3.9941896236843,10,0,-1508.10810810813,0,-1410.81081081081,48.6486486486481,0.0780776406404415,0.0780776406404415,0.0780776406404415,0.0780776406404415,0.117359909646538,0.117359909646538,0.0780776406404415,0.0780776406404415,0,0,0,24.3243243243241
7.30730730730731,8.97546683705093,0.0297718432762033,3.39827721573205e-06,1.63156316974893e-07,6.67880863391252,4.68062514500701e-36,2.68405087567316,0,0,3.99475792139569,10,0,-1510.1768435102,0,-1412.74607941275,48.7153820487149,0.0780776406404415,0.0780776406404415,0.0780776406404415,0.0780776406404415,0.117359909646538,0.117359909646538,0.0780776406404415,0.0780776406404415,0,0,0,24.3576910243574
7.31731731731732,8.97493224185646,0.0297389499031777,3.33795989118004e-06,1.60073794936296e-07,6.67880863391252,4.18783217622574e-36,2.68348332370582,0,0,3.99532547028051,10,0,-1512.24557891227,0,-1414.68134801468,48.7821154487816,0.0780776406404415,0.0780776406404415,0.0780776406404415,0.0780776406404415,0.117359909646538,0.117359909646538,0.0780776406404415,0.0780776406404415,0,0,0,24.3910577243908
7.32732732732733,8.9743982672994,0.0297061808464833,3.27871645346973e-06,1.57050144237591e-07,6.67880863391252,3.74693643981005e-36,2.68291651782497,0,0,3.99589227313771,10,0,-1514.31431431434,0,-1416.61661661662,48.8488488488483,0.0780776406404415,0.0780776406404415,0.0780776406404415,0.0780776406404415,0.117359909646538,0.117359909646538,0.0780776406404415,0.0780776406404415,0,0,0,24.4244244244242
7.33733733733734,8.97386491106249,0.0296735356548415,3.22052772174239e-06,1.54084227889899e-07,6.67880863391252,3.35247099950418e-36,2.68235045524177,0,0,3.99645833275499,10,0,-1516.3830497164,0,-1418.55188521855,48.9155822489151,0.0780776406404415,0.0780776406404415,0.0780776406404415,0.0780776406404415,0.117359909646538,0.117359909646538,0.0780776406404415,0.0780776406404415,0,0,0,24.4577911244575
7.34734734734735,8.9733321708369,0.0296410138794166,3.16337485888945e-06,1.51174931119576e-07,6.67880863391252,2.99954497549084e-36,2.6817851331786,0,0,3.99702365190886,10,0,-1518.45178511847,0,-1420.48715382049,48.9823156489818,0.0780776406404415,0.0780776406404415,0.0780776406404415,0.0780776406404415,0.117359909646538,0.117359909646538,0.0780776406404415,0.0780776406404415,0,0,0,24.4911578244909
7.35735735735736,8.97280004432214,0.0296086150738008,3.10723936536998e-06,1.48321160928864e-07,6.67880863391252,2.68378282765719e-36,2.68122054886895,0,0,3.99758823336473,10,0,-1520.52052052054,0,-1422.42242242242,49.0490490490485,0.0780776406404415,0.0780776406404415,0.0780776406404415,0.0780776406404415,0.117359909646538,0.117359909646538,0.0780776406404415,0.0780776406404415,0,0,0,24.5245245245243
7.36736736736737,8.97226852922603,0.0295763387939996,3.0521030731397e-06,1.45521845665347e-07,6.67880863391252,2.40127004026542e-36,2.68065669955744,0,0,3.99815207987694,10,0,-1522.58925592261,0,-1424.35769102436,49.1157824491153,0.0780776406404415,0.0780776406404415,0.0780776406404415,0.0780776406404415,0.117359909646538,0.117359909646538,0.0780776406404415,0.0780776406404415,0,0,0,24.5578912245576
7.37737737737738,8.97173762326467,0.0295441845984168,2.99794813968967e-06,1.42775934600031e-07,6.67880863391252,2.14850453292986e-36,2.68009358249965,0,0,3.99871519418881,10,0,-1524.65799132468,0,-1426.29295962629,49.182515849182,0.0780776406404415,0.0780776406404415,0.0780776406404415,0.0780776406404415,0.117359909646538,0.117359909646538,0.0780776406404415,0.0780776406404415,0,0,0,24.591257924591
7.38738738738739,8.97120732416239,0.0295121520478405,2.94475704219246e-06,1.4008239751386e-07,6.67880863391252,1.92235319401973e-36,2.67953119496216,0,0,3.99927757903276,10,0,-1526.72672672675,0,-1428.22822822823,49.2492492492487,0.0780776406404415,0.0780776406404415,0.0780776406404415,0.0780776406404415,0.117359909646538,0.117359909646538,0.0780776406404415,0.0780776406404415,0,0,0,24.6246246246244
7.3973973973974,8.97067762965172,0.0294802407054284,2.89251257175417e-06,1.37440224292521e-07,6.67880863391252,1.72001299630858e-36,2.67896953422243,0,0,3.99983923713032,10,0,-1528.79546212882,0,-1430.16349683016,49.3159826493155,0.0780776406404415,0.0780776406404415,0.0780776406404415,0.0780776406404415,0.117359909646538,0.117359909646538,0.0780776406404415,0.0780776406404415,0,0,0,24.6579913246577
7.40740740740741,8.97014853747332,0.0294484501366935,2.84119782777001e-06,1.34848424529342e-07,6.67880863391252,1.53897621167208e-36,2.67840859756875,0,0,4.0004001711922,10,0,-1530.86419753089,0,-1432.0987654321,49.3827160493822,0.0780776406404415,0.0780776406404415,0.0780776406404415,0.0780776406404415,0.117359909646538,0.117359909646538,0.0780776406404415,0.0780776406404415,0,0,0,24.6913580246911
7.41741741741742,8.96962004537598,0.0294167799094901,2.79079621238187e-06,1.32306027136144e-07,6.67880863391252,1.37699929260365e-36,2.67784838230019,0,0,4.00096038391836,10,0,-1532.93293293296,0,-1434.03403403403,49.4494494494489,0.0780776406404415,0.0780776406404415,0.0780776406404415,0.0780776406404415,0.117359909646538,0.117359909646538,0.0780776406404415,0.0780776406404415,0,0,0,24.7247247247245
7.42742742742743,8.96909215111654,0.0293852295939995,2.74129142503588e-06,1.29812079961865e-07,6.67880863391252,1.23207503390789e-36,2.67728888572654,0,0,4.00151987799807,10,0,-1535.00166833502,0,-1435.96930263597,49.5161828495156,0.0780776406404415,0.0780776406404415,0.0780776406404415,0.0780776406404415,0.117359909646538,0.117359909646538,0.0780776406404415,0.0780776406404415,0,0,0,24.7580914247578
7.43743743743744,8.96856485245991,0.0293537987627161,2.69266745713813e-06,1.27365649418816e-07,6.67880863391252,1.10240766871195e-36,2.67673010516822,0,0,4.00207865610996,10,0,-1537.07040373709,0,-1437.9045712379,49.5829162495824,0.0780776406404415,0.0780776406404415,0.0780776406404415,0.0780776406404415,0.117359909646538,0.117359909646538,0.0780776406404415,0.0780776406404415,0,0,0,24.7914581247912
7.44744744744745,8.96803814717894,0.0293224869904335,2.64490858680689e-06,1.24965820116402e-07,6.67880863391252,9.86390589412791e-37,2.67617203795626,0,0,4.00263672092208,10,0,-1539.13913913916,0,-1439.83983983984,49.6496496496491,0.0780776406404415,0.0780776406404415,0.0780776406404415,0.0780776406404415,0.117359909646538,0.117359909646538,0.0780776406404415,0.0780776406404415,0,0,0,24.8248248248246
7.45745745745746,8.96751203305446,0.0292912938542307,2.59799937371946e-06,1.2261169450216e-07,6.67880863391252,8.82586416807437e-37,2.67561468143224,0,0,4.00319407509198,10,0,-1541.20787454123,0,-1441.77510844177,49.7163830497158,0.0780776406404415,0.0780776406404415,0.0780776406404415,0.0780776406404415,0.117359909646538,0.117359909646538,0.0780776406404415,0.0780776406404415,0,0,0,24.8581915248579
7.46746746746747,8.96698650787521,0.0292602189334586,2.55192465405202e-06,1.20302392509972e-07,6.67880863391252,7.89709169840605e-37,2.6750580329482,0,0,4.00375072126672,10,0,-1543.2766099433,0,-1443.71037704371,49.7831164497826,0.0780776406404415,0.0780776406404415,0.0780776406404415,0.0780776406404415,0.117359909646538,0.117359909646538,0.0780776406404415,0.0780776406404415,0,0,0,24.8915582248913
7.47747747747748,8.96646156943779,0.0292292618097261,2.50666953551072e-06,1.18037051215303e-07,6.67880863391252,7.06608314511887e-37,2.67450208986659,0,0,4.00430666208298,10,0,-1545.34534534537,0,-1445.64564564564,49.8498498498493,0.0780776406404415,0.0780776406404415,0.0780776406404415,0.0780776406404415,0.117359909646538,0.117359909646538,0.0780776406404415,0.0780776406404415,0,0,0,24.9249249249247
7.48748748748749,8.96593721554665,0.0291984220668871,2.46221939245247e-06,1.1581482449731e-07,6.67880863391252,6.32254493838664e-37,2.67394684956024,0,0,4.00486190016711,10,0,-1547.41408074744,0,-1447.58091424758,49.916583249916,0.0780776406404415,0.0780776406404415,0.0780776406404415,0.0780776406404415,0.117359909646538,0.117359909646538,0.0780776406404415,0.0780776406404415,0,0,0,24.958291624958
7.4974974974975,8.96541344401402,0.0291676992910264,2.41855986109366e-06,1.13634882707715e-07,6.67880863391252,5.65726761661289e-37,2.67339230941228,0,0,4.00541643813513,10,0,-1549.48281614951,0,-1449.51618284951,49.9833166499828,0.0780776406404415,0.0780776406404415,0.0780776406404415,0.0780776406404415,0.117359909646538,0.117359909646538,0.0780776406404415,0.0780776406404415,0,0,0,24.9916583249914
7.50750750750751,8.96489025265989,0.0291370930704473,2.37567683480534e-06,1.11496412346265e-07,6.67880863391252,5.0620116176389e-37,2.67283846681607,0,0,4.00597027859287,10,0,-1551.55155155157,0,-1451.45145145145,50.0500500500495,0.0780776406404415,0.0780776406404415,0.0780776406404415,0.0780776406404415,0.117359909646538,0.117359909646538,0.0780776406404415,0.0780776406404415,0,0,0,25.0250250250247
7.51751751751752,8.96436763931197,0.0291066029956576,2.33355645949321e-06,1.09398615742681e-07,6.67880863391252,4.52940510499914e-37,2.67228531917518,0,0,4.00652342413596,10,0,-1553.62028695364,0,-1453.38672005339,50.1167834501162,0.0780776406404415,0.0780776406404415,0.0780776406404415,0.0780776406404415,0.117359909646538,0.117359909646538,0.0780776406404415,0.0780776406404415,0,0,0,25.0583917250581
7.52752752752753,8.96384560180563,0.0290762286593571,2.292185129061e-06,1.07340710744939e-07,6.67880863391252,4.05285256064203e-37,2.67173286390331,0,0,4.00707587734993,10,0,-1555.68902235571,0,-1455.32198865532,50.183516850183,0.0780776406404415,0.0780776406404415,0.0780776406404415,0.0780776406404415,0.117359909646538,0.117359909646538,0.0780776406404415,0.0780776406404415,0,0,0,25.0917584250915
7.53753753753754,8.9633241379839,0.0290459696564244,2.25154948095553e-06,1.05321930413775e-07,6.67880863391252,3.62645300928987e-37,2.67118109842422,0,0,4.00762764081024,10,0,-1557.75775775778,0,-1457.25725725726,50.2502502502497,0.0780776406404415,0.0780776406404415,0.0780776406404415,0.0780776406404415,0.117359909646538,0.117359909646538,0.0780776406404415,0.0780776406404415,0,0,0,25.1251251251248
7.54754754754755,8.96280324569741,0.0290158255839038,2.2116363917922e-06,1.03341522723269e-07,6.67880863391252,3.24492685926063e-37,2.67063002017171,0,0,4.00817871708233,10,0,-1559.82649315985,0,-1459.19252585919,50.3169836503164,0.0780776406404415,0.0780776406404415,0.0780776406404415,0.0780776406404415,0.117359909646538,0.117359909646538,0.0780776406404415,0.0780776406404415,0,0,0,25.1584918251582
7.55755755755756,8.96228292280435,0.0289857960409927,2.1724329730593e-06,1.01398750267407e-07,6.67880863391252,2.903550451605e-37,2.67007962658955,0,0,4.00872910872173,10,0,-1561.89522856192,0,-1461.12779446113,50.3837170503832,0.0780776406404415,0.0780776406404415,0.0780776406404415,0.0780776406404415,0.117359909646538,0.117359909646538,0.0780776406404415,0.0780776406404415,0,0,0,25.1918585251916
7.56756756756757,8.96176316717043,0.0289558806290292,2.13392656689979e-06,9.94928899724757e-08,6.67880863391252,2.59809750515446e-37,2.6695299151314,0,0,4.00927881827402,10,0,-1563.96396396399,0,-1463.06306306306,50.4504504504499,0.0780776406404415,0.0780776406404415,0.0780776406404415,0.0780776406404415,0.117359909646538,0.117359909646538,0.0780776406404415,0.0780776406404415,0,0,0,25.2252252252249
7.57757757757758,8.96124397666886,0.0289260789514789,2.09610474196904e-06,9.76232328151984e-08,6.67880863391252,2.32478673072271e-37,2.66898088326079,0,0,4.00982784827496,10,0,-1566.03269936606,0,-1464.998331665,50.5171838505166,0.0780776406404415,0.0780776406404415,0.0780776406404415,0.0780776406404415,0.117359909646538,0.117359909646538,0.0780776406404415,0.0780776406404415,0,0,0,25.2585919252583
7.58758758758759,8.96072534918029,0.0288963906139225,2.05895528936735e-06,9.57890835464722e-08,6.67880863391252,2.08023496431692e-37,2.66843252845107,0,0,4.01037620125054,10,0,-1568.10143476813,0,-1466.93360026693,50.5839172505834,0.0780776406404415,0.0780776406404415,0.0780776406404415,0.0780776406404415,0.117359909646538,0.117359909646538,0.0780776406404415,0.0780776406404415,0,0,0,25.2919586252917
7.5975975975976,8.96020728259279,0.0288668152240438,2.02246621864569e-06,9.39897604206101e-08,6.67880863391252,1.86141523775102e-37,2.6678848481853,0,0,4.01092387971699,10,0,-1570.17017017019,0,-1468.86886886887,50.6506506506501,0.0780776406404415,0.0780776406404415,0.0780776406404415,0.0780776406404415,0.117359909646538,0.117359909646538,0.0780776406404415,0.0780776406404415,0,0,0,25.325325325325
7.60760760760761,8.95968977480181,0.028837352391617,1.98662575388347e-06,9.22245949299701e-08,6.67880863391252,1.66561926636177e-37,2.66733783995626,0,0,4.01147088618086,10,0,-1572.23890557226,0,-1470.8041374708,50.7173840507168,0.0780776406404415,0.0780776406404415,0.0780776406404415,0.0780776406404415,0.117359909646538,0.117359909646538,0.0780776406404415,0.0780776406404415,0,0,0,25.3586920253584
7.61761761761762,8.95917282371014,0.0288080017284943,1.95142232983699e-06,9.04929315448629e-08,6.67880863391252,1.49042388837256e-37,2.66679150126638,0,0,4.01201722313908,10,0,-1574.30764097433,0,-1472.73940607274,50.7841174507836,0.0780776406404415,0.0780776406404415,0.0780776406404415,0.0780776406404415,0.117359909646538,0.117359909646538,0.0780776406404415,0.0780776406404415,0,0,0,25.3920587253918
7.62762762762763,8.95865642722787,0.0287787628485942,1.91684458815724e-06,8.87941274586341e-08,6.67880863391252,1.33366103951136e-37,2.66624582962767,0,0,4.01256289307899,10,0,-1576.3763763764,0,-1474.67467467467,50.8508508508503,0.0780776406404415,0.0780776406404415,0.0780776406404415,0.0780776406404415,0.117359909646538,0.117359909646538,0.0780776406404415,0.0780776406404415,0,0,0,25.4254254254251
7.63763763763764,8.95814058327236,0.0287496353678889,1.88288137367595e-06,8.7127552337814e-08,6.67880863391252,1.19339089037785e-37,2.66570082256166,0,0,4.01310789847842,10,0,-1578.44511177847,0,-1476.60994327661,50.917584250917,0.0780776406404415,0.0780776406404415,0.0780776406404415,0.0780776406404415,0.117359909646538,0.117359909646538,0.0780776406404415,0.0780776406404415,0,0,0,25.4587921254585
7.64764764764765,8.95762528976819,0.0287206189043927,1.84952173075847e-06,8.54925880772356e-08,6.67880863391252,1.06787781331612e-37,2.66515647759939,0,0,4.01365224180573,10,0,-1580.51384718054,0,-1478.54521187854,50.9843176509838,0.0780776406404415,0.0780776406404415,0.0780776406404415,0.0780776406404415,0.117359909646538,0.117359909646538,0.0780776406404415,0.0780776406404415,0,0,0,25.4921588254919
7.65765765765766,8.95711054464716,0.0286917130781501,1.81675489972236e-06,8.38886285600182e-08,6.67880863391252,9.55568880671546e-38,2.66461279228132,0,0,4.01419592551984,10,0,-1582.58258258261,0,-1480.48048048048,51.0510510510505,0.0780776406404415,0.0780776406404415,0.0780776406404415,0.0780776406404415,0.117359909646538,0.117359909646538,0.0780776406404415,0.0780776406404415,0,0,0,25.5255255255252
7.66766766766767,8.9565963458482,0.0286629175112235,1.78457031332058e-06,8.23150794223207e-08,6.67880863391252,8.5507462772976e-38,2.6640697641573,0,0,4.01473895207031,10,0,-1584.65131798468,0,-1482.41574908241,51.1177844511172,0.0780776406404415,0.0780776406404415,0.0780776406404415,0.0780776406404415,0.117359909646538,0.117359909646538,0.0780776406404415,0.0780776406404415,0,0,0,25.5588922255586
7.67767767767768,8.95608269131738,0.0286342318276821,1.75295759328792e-06,8.07713578227672e-08,6.67880863391252,7.6515184174267e-38,2.66352739078649,0,0,4.01528132389739,10,0,-1586.72005338675,0,-1484.35101768435,51.1845178511839,0.0780776406404415,0.0780776406404415,0.0780776406404415,0.0780776406404415,0.117359909646538,0.117359909646538,0.0780776406404415,0.0780776406404415,0,0,0,25.592258925592
7.68768768768769,8.95556957900785,0.0286056556535899,1.72190654694968e-06,7.9256892216452e-08,6.67880863391252,6.84688163590877e-38,2.66298566973736,0,0,4.01582304343206,10,0,-1588.78878878881,0,-1486.28628628628,51.2512512512507,0.0780776406404415,0.0780776406404415,0.0780776406404415,0.0780776406404415,0.117359909646538,0.117359909646538,0.0780776406404415,0.0780776406404415,0,0,0,25.6256256256253
7.6976976976977,8.95505700687982,0.0285771886169941,1.69140716389149e-06,7.77711221334311e-08,6.67880863391252,6.12688311125162e-38,2.66244459858759,0,0,4.01636411309606,10,0,-1590.85752419088,0,-1488.22155488822,51.3179846513174,0.0780776406404415,0.0780776406404415,0.0780776406404415,0.0780776406404415,0.117359909646538,0.117359909646538,0.0780776406404415,0.0780776406404415,0,0,0,25.6589923256587
7.70770770770771,8.95454497290052,0.0285488303479138,1.66144961268899e-06,7.63134979616103e-08,6.67880863391252,5.48261753352421e-38,2.66190417492403,0,0,4.016904535302,10,0,-1592.92625959295,0,-1490.15682349015,51.3847180513841,0.0780776406404415,0.0780776406404415,0.0780776406404415,0.0780776406404415,0.117359909646538,0.117359909646538,0.0780776406404415,0.0780776406404415,0,0,0,25.6923590256921
7.71771771771772,8.95403347504414,0.0285205804783284,1.63202423769651e-06,7.48834807339411e-08,6.67880863391252,4.90611682632833e-38,2.66136439634267,0,0,4.01744431245334,10,0,-1594.99499499502,0,-1492.09209209209,51.4514514514509,0.0780776406404415,0.0780776406404415,0.0780776406404415,0.0780776406404415,0.117359909646538,0.117359909646538,0.0780776406404415,0.0780776406404415,0,0,0,25.7257257257254
7.72772772772773,8.95352251129184,0.0284924386421665,1.60312155589346e-06,7.34805419198391e-08,6.67880863391252,4.39025148159136e-38,2.66082526044858,0,0,4.01798344694448,10,0,-1597.06373039709,0,-1494.02736069402,51.5181848515176,0.0780776406404415,0.0780776406404415,0.0780776406404415,0.0780776406404415,0.117359909646538,0.117359909646538,0.0780776406404415,0.0780776406404415,0,0,0,25.7590924257588
7.73773773773774,8.95301207963167,0.0284644044752946,1.57473225378767e-06,7.21041632207384e-08,6.67880863391252,3.92864228395591e-38,2.66028676485587,0,0,4.01852194116082,10,0,-1599.13246579916,0,-1495.96262929596,51.5849182515843,0.0780776406404415,0.0780776406404415,0.0780776406404415,0.0780776406404415,0.117359909646538,0.117359909646538,0.0780776406404415,0.0780776406404415,0,0,0,25.7924591257922
7.74774774774775,8.95250217805859,0.0284364776155058,1.54684718437427e-06,7.07538363696998e-08,6.67880863391252,3.51558133042464e-38,2.6597489071876,0,0,4.01905979747876,10,0,-1601.20120120123,0,-1497.89789789789,51.6516516516511,0.0780776406404415,0.0780776406404415,0.0780776406404415,0.0780776406404415,0.117359909646538,0.117359909646538,0.0780776406404415,0.0780776406404415,0,0,0,25.8258258258255
7.75775775775776,8.95199280457437,0.0284086577025087,1.51945736414953e-06,6.94290629349915e-08,6.67880863391252,3.1459613662187e-38,2.65921168507579,0,0,4.0195970182658,10,0,-1603.2699366033,0,-1499.83316649983,51.7183850517178,0.0780776406404415,0.0780776406404415,0.0780776406404415,0.0780776406404415,0.117359909646538,0.117359909646538,0.0780776406404415,0.0780776406404415,0,0,0,25.8591925258589
7.76776776776777,8.9514839571876,0.0283809443779169,1.49255397017827e-06,6.81293541275623e-08,6.67880863391252,2.81521256095578e-38,2.65867509616133,0,0,4.02013360588056,10,0,-1605.33867200536,0,-1501.76843510177,51.7851184517845,0.0780776406404415,0.0780776406404415,0.0780776406404415,0.0780776406404415,0.117359909646538,0.117359909646538,0.0780776406404415,0.0780776406404415,0,0,0,25.8925592258923
7.77777777777778,8.95097563391365,0.0283533372852372,1.46612833721423e-06,6.68542306123292e-08,6.67880863391252,2.51924594153209e-38,2.65813913809394,0,0,4.02066956267282,10,0,-1607.40740740743,0,-1503.7037037037,51.8518518518513,0.0780776406404415,0.0780776406404415,0.0780776406404415,0.0780776406404415,0.117359909646538,0.117359909646538,0.0780776406404415,0.0780776406404415,0,0,0,25.9259259259256
7.78778778778779,8.95046783277462,0.0283258360698597,1.44017195487211e-06,6.56032223232028e-08,6.67880863391252,2.25440278064581e-38,2.65760380853214,0,0,4.02120489098361,10,0,-1609.4761428095,0,-1505.63897230564,51.918585251918,0.0780776406404415,0.0780776406404415,0.0780776406404415,0.0780776406404415,0.117359909646538,0.117359909646538,0.0780776406404415,0.0780776406404415,0,0,0,25.959292625959
7.7977977977978,8.94996055179933,0.0282984403790464,1.41467646485064e-06,6.43758682817758e-08,6.67880863391252,2.01740931375359e-38,2.65706910514319,0,0,4.0217395931452,10,0,-1611.54487821157,0,-1507.57424090757,51.9853186519847,0.0780776406404415,0.0780776406404415,0.0780776406404415,0.0780776406404415,0.117359909646538,0.117359909646538,0.0780776406404415,0.0780776406404415,0,0,0,25.9926593259924
7.80780780780781,8.94945378902326,0.0282711498619207,1.38963365820553e-06,6.31717164196009e-08,6.67880863391252,1.80533622332321e-38,2.65653502560304,0,0,4.0222736714812,10,0,-1613.61361361364,0,-1509.50950950951,52.0520520520515,0.0780776406404415,0.0780776406404415,0.0780776406404415,0.0780776406404415,0.117359909646538,0.117359909646538,0.0780776406404415,0.0780776406404415,0,0,0,26.0260260260257
7.81781781781782,8.94894754248854,0.0282439641694569,1.36503547267156e-06,6.19903234039858e-08,6.67880863391252,1.61556238835543e-38,2.65600156759628,0,0,4.02280712830657,10,0,-1615.68234901571,0,-1511.44477811144,52.1187854521182,0.0780776406404415,0.0780776406404415,0.0780776406404415,0.0780776406404415,0.117359909646538,0.117359909646538,0.0780776406404415,0.0780776406404415,0,0,0,26.0593927260591
7.82782782782783,8.9484418102439,0.0282168829544693,1.34087399003279e-06,6.08312544672362e-08,6.67880863391252,1.44574245002888e-38,2.6554687288161,0,0,4.02333996592768,10,0,-1617.75108441778,0,-1513.38004671338,52.1855188521849,0.0780776406404415,0.0780776406404415,0.0780776406404415,0.0780776406404415,0.117359909646538,0.117359909646538,0.0780776406404415,0.0780776406404415,0,0,0,26.0927594260925
7.83783783783784,8.94793659034464,0.0281899058716024,1.31714143354018e-06,5.96940832392758e-08,6.67880863391252,1.29377779163162e-38,2.65493650696425,0,0,4.02387218664236,10,0,-1619.81981981985,0,-1515.31531531531,52.2522522522517,0.0780776406404415,0.0780776406404415,0.0780776406404415,0.0780776406404415,0.117359909646538,0.117359909646538,0.0780776406404415,0.0780776406404415,0,0,0,26.1261261261258
7.84784784784785,8.94743188085262,0.0281630325773197,1.29383016537557e-06,5.85783915835766e-08,6.67880863391252,1.15779057326777e-38,2.65440489975098,0,0,4.02440379273994,10,0,-1621.88855522192,0,-1517.25058391725,52.3189856523184,0.0780776406404415,0.0780776406404415,0.0780776406404415,0.0780776406404415,0.117359909646538,0.117359909646538,0.0780776406404415,0.0780776406404415,0,0,0,26.1594928261592
7.85785785785786,8.94692767983617,0.0281362627298941,1.27093268416137e-06,5.74837694363344e-08,6.67880863391252,1.03610049969326e-38,2.653873904895,0,0,4.02493478650129,10,0,-1623.95729062398,0,-1519.18585251918,52.3857190523851,0.0780776406404415,0.0780776406404415,0.0780776406404415,0.0780776406404415,0.117359909646538,0.117359909646538,0.0780776406404415,0.0780776406404415,0,0,0,26.1928595261926
7.86786786786787,8.94642398537014,0.0281095959893972,1.24844162251497e-06,5.64098146488215e-08,6.67880863391252,9.27204033510973e-39,2.65334352012345,0,0,4.02546517019889,10,0,-1626.02602602605,0,-1521.12112112112,52.4524524524519,0.0780776406404415,0.0780776406404415,0.0780776406404415,0.0780776406404415,0.117359909646538,0.117359909646538,0.0780776406404415,0.0780776406404415,0,0,0,26.2262262262259
7.87787787787788,8.94592079553578,0.0280830320176894,1.22634974464721e-06,5.53561328328564e-08,6.67880863391252,8.29755796263113e-39,2.65281374317183,0,0,4.02599494609683,10,0,-1628.09476142812,0,-1523.05638972305,52.5191858525186,0.0780776406404415,0.0780776406404415,0.0780776406404415,0.0780776406404415,0.117359909646538,0.117359909646538,0.0780776406404415,0.0780776406404415,0,0,0,26.2595929262593
7.88788788788789,8.94541810842077,0.0280565704784095,1.204649944004e-06,5.43223372093256e-08,6.67880863391252,7.42551927073062e-39,2.65228457178395,0,0,4.02652411645091,10,0,-1630.16349683019,0,-1524.99165832499,52.5859192525853,0.0780776406404415,0.0780776406404415,0.0780776406404415,0.0780776406404415,0.117359909646538,0.117359909646538,0.0780776406404415,0.0780776406404415,0,0,0,26.2929596262927
7.8978978978979,8.94491592211919,0.028030211036965,1.18333524095036e-06,5.3308048459698e-08,6.67880863391252,6.64515192747412e-39,2.65175600371193,0,0,4.02705268350865,10,0,-1632.23223223226,0,-1526.92692692692,52.6526526526521,0.0780776406404415,0.0780776406404415,0.0780776406404415,0.0780776406404415,0.117359909646538,0.117359909646538,0.0780776406404415,0.0780776406404415,0,0,0,26.326326326326
7.90790790790791,8.94441423473142,0.0280039533605221,1.16239878049618e-06,5.23128945804711e-08,6.67880863391252,5.94681664951579e-39,2.6512280367161,0,0,4.02758064950932,10,0,-1634.30096763433,0,-1528.86219552886,52.7193860527188,0.0780776406404415,0.0780776406404415,0.0780776406404415,0.0780776406404415,0.117359909646538,0.117359909646538,0.0780776406404415,0.0780776406404415,0,0,0,26.3596930263594
7.91791791791792,8.94391304436418,0.0279777971179954,1.14183383006272e-06,5.13365107404911e-08,6.67880863391252,5.32188799489249e-39,2.650700668565,0,0,4.02810801668404,10,0,-1636.3697030364,0,-1530.79746413079,52.7861194527855,0.0780776406404415,0.0780776406404415,0.0780776406404415,0.0780776406404415,0.117359909646538,0.117359909646538,0.0780776406404415,0.0780776406404415,0,0,0,26.3930597263928
7.92792792792793,8.94341234913047,0.0279517419800388,1.12163377728947e-06,5.03785391410883e-08,6.67880863391252,4.76264770087373e-39,2.65017389703531,0,0,4.02863478725575,10,0,-1638.43843843847,0,-1532.73273273273,52.8528528528523,0.0780776406404415,0.0780776406404415,0.0780776406404415,0.0780776406404415,0.117359909646538,0.117359909646538,0.0780776406404415,0.0780776406404415,0,0,0,26.4264264264261
7.93793793793794,8.94291214714955,0.0279257876190352,1.10179212788027e-06,4.94386288789738e-08,6.67880863391252,4.26218924630239e-39,2.64964771991182,0,0,4.02916096343933,10,0,-1640.50717384054,0,-1534.66800133466,52.919586252919,0.0780776406404415,0.0780776406404415,0.0780776406404415,0.0780776406404415,0.117359909646538,0.117359909646538,0.0780776406404415,0.0780776406404415,0,0,0,26.4597931264595
7.94794794794795,8.94241243654687,0.0278999337090867,1.08230250348828e-06,4.85164358118392e-08,6.67880863391252,3.81433245690922e-39,2.64912213498738,0,0,4.02968654744158,10,0,-1642.5759092426,0,-1536.6032699366,52.9863196529857,0.0780776406404415,0.0780776406404415,0.0780776406404415,0.0780776406404415,0.117359909646538,0.117359909646538,0.0780776406404415,0.0780776406404415,0,0,0,26.4931598264929
7.95795795795796,8.9419132154541,0.0278741799260059,1.06315863963889e-06,4.76116224266081e-08,6.67880863391252,3.4135470964875e-39,2.64859714006285,0,0,4.03021154146129,10,0,-1644.64464464467,0,-1538.53853853853,53.0530530530525,0.0780776406404415,0.0780776406404415,0.0780776406404415,0.0780776406404415,0.117359909646538,0.117359909646538,0.0780776406404415,0.0780776406404415,0,0,0,26.5265265265262
7.96796796796797,8.94141448200905,0.0278485259473051,1.04435438369001e-06,4.67238577102856e-08,6.67880863391252,3.05488449811497e-39,2.64807273294708,0,0,4.0307359476893,10,0,-1646.71338004674,0,-1540.47380714047,53.1197864531192,0.0780776406404415,0.0780776406404415,0.0780776406404415,0.0780776406404415,0.117359909646538,0.117359909646538,0.0780776406404415,0.0780776406404415,0,0,0,26.5598932265596
7.97797797797798,8.94091623435565,0.0278229714521878,1.02588369282901e-06,4.5852817023352e-08,6.67880863391252,2.73391638918943e-39,2.64754891145683,0,0,4.03125976830851,10,0,-1648.78211544881,0,-1542.4090757424,53.1865198531859,0.0780776406404415,0.0780776406404415,0.0780776406404415,0.0780776406404415,0.117359909646538,0.117359909646538,0.0780776406404415,0.0780776406404415,0,0,0,26.593259926593
7.98798798798799,8.94041847064394,0.0277975161215389,1.0077406321057e-06,4.49981819756539e-08,6.67880863391252,2.44668015313663e-39,2.64702567341678,0,0,4.03178300549393,10,0,-1650.85085085088,0,-1544.34434434434,53.2532532532526,0.0780776406404415,0.0780776406404415,0.0780776406404415,0.0780776406404415,0.117359909646538,0.117359909646538,0.0780776406404415,0.0780776406404415,0,0,0,26.6266266266263
7.997997997998,8.93992118903002,0.0277721596379154,9.89919372500588e-07,4.41596403047388e-08,6.67880863391252,2.18962985035873e-39,2.64650301665943,0,0,4.03230566141273,10,0,-1652.91958625295,0,-1546.27961294627,53.3199866533194,0.0780776406404415,0.0780776406404415,0.0780776406404415,0.0780776406404415,0.117359909646538,0.117359909646538,0.0780776406404415,0.0780776406404415,0,0,0,26.6599933266597
8.00800800800801,8.93942438767602,0.0277469016855371,9.72414189027922e-07,4.33368857565871e-08,6.67880863391252,1.959592392308e-39,2.64598093902512,0,0,4.03282773822429,10,0,-1654.98832165502,0,-1548.21488154821,53.3867200533861,0.0780776406404415,0.0780776406404415,0.0780776406404415,0.0780776406404415,0.117359909646538,0.117359909646538,0.0780776406404415,0.0780776406404415,0,0,0,26.6933600266931
8.01801801801802,8.93892806475008,0.0277217419502774,9.552194588728e-07,4.25296179686929e-08,6.67880863391252,1.75372832637614e-39,2.64545943836192,0,0,4.03334923808023,10,0,-1657.05705705709,0,-1550.15015015015,53.4534534534529,0.0780776406404415,0.0780776406404415,0.0780776406404415,0.0780776406404415,0.117359909646538,0.117359909646538,0.0780776406404415,0.0780776406404415,0,0,0,26.7267267267264
8.02802802802803,8.9384322184263,0.0276966801196543,9.38329659561744e-07,4.1737542355446e-08,6.67880863391252,1.5694967463773e-39,2.64493851252564,0,0,4.03387016312443,10,0,-1659.12579245916,0,-1552.08541875208,53.5201868535196,0.0780776406404415,0.0780776406404415,0.0780776406404415,0.0780776406404415,0.117359909646538,0.117359909646538,0.0780776406404415,0.0780776406404415,0,0,0,26.7600934267598
8.03803803803804,8.93793684688473,0.0276717158828209,9.21739367166156e-07,4.09603699957708e-08,6.67880863391252,1.40462389447952e-39,2.64441815937978,0,0,4.03439051549312,10,0,-1661.19452786122,0,-1554.02068735402,53.5869202535863,0.0780776406404415,0.0780776406404415,0.0780776406404415,0.0780776406404415,0.117359909646538,0.117359909646538,0.0780776406404415,0.0780776406404415,0,0,0,26.7934601267932
8.04804804804805,8.93744194831135,0.027646848930557,9.05443254538052e-07,4.01978175229759e-08,6.67880863391252,1.25707506613706e-39,2.64389837679547,0,0,4.03491029731488,10,0,-1663.26326326329,0,-1555.95595595595,53.6536536536531,0.0780776406404415,0.0780776406404415,0.0780776406404415,0.0780776406404415,0.117359909646538,0.117359909646538,0.0780776406404415,0.0780776406404415,0,0,0,26.8268268268265
8.05805805805806,8.936947520898,0.0276220789552596,8.89436089577487e-07,3.94496070167708e-08,6.67880863391252,1.12502947046368e-39,2.64337916265144,0,0,4.03542951071069,10,0,-1665.33199866536,0,-1557.89122455789,53.7203870537198,0.0780776406404415,0.0780776406404415,0.0780776406404415,0.0780776406404415,0.117359909646538,0.117359909646538,0.0780776406404415,0.0780776406404415,0,0,0,26.8601935268599
8.06806806806807,8.93645356284238,0.0275974056509343,8.7371273353111e-07,3.87154658974063e-08,6.67880863391252,1.00685773506836e-39,2.642860514834,0,0,4.03594815779399,10,0,-1667.40073406743,0,-1559.82649315982,53.7871204537866,0.0780776406404415,0.0780776406404415,0.0780776406404415,0.0780776406404415,0.117359909646538,0.117359909646538,0.0780776406404415,0.0780776406404415,0,0,0,26.8935602268933
8.07807807807808,8.93596007234803,0.0275728287131862,8.58268139321277e-07,3.79951268218972e-08,6.67880863391252,9.01101777106062e-40,2.64234243123697,0,0,4.03646624067068,10,0,-1669.4694694695,0,-1561.76176176176,53.8538538538533,0.0780776406404415,0.0780776406404415,0.0780776406404415,0.0780776406404415,0.117359909646538,0.117359909646538,0.0780776406404415,0.0780776406404415,0,0,0,26.9269269269266
8.08808808808809,8.93546704762426,0.0275483478392115,8.43097349905182e-07,3.7288327582284e-08,6.67880863391252,8.06456791580615e-40,2.64182490976164,0,0,4.03698376143922,10,0,-1671.53820487157,0,-1563.69703036369,53.92058725392,0.0780776406404415,0.0780776406404415,0.0780776406404415,0.0780776406404415,0.117359909646538,0.117359909646538,0.0780776406404415,0.0780776406404415,0,0,0,26.96029362696
8.0980980980981,8.93497448688617,0.0275239627277886,8.28195496663451e-07,3.65948110058957e-08,6.67880863391252,7.21755134138665e-40,2.64130794831675,0,0,4.03750072219059,10,0,-1673.60694027364,0,-1565.63229896563,53.9873206539868,0.0780776406404415,0.0780776406404415,0.0780776406404415,0.0780776406404415,0.117359909646538,0.117359909646538,0.0780776406404415,0.0780776406404415,0,0,0,26.9936603269934
8.10810810810811,8.93448238835458,0.0274996730792692,8.13557797817687e-07,3.5914324857571e-08,6.67880863391252,6.45951899037182e-40,2.64079154481845,0,0,4.0380171250084,10,0,-1675.67567567571,0,-1567.56756756756,54.0540540540535,0.0780776406404415,0.0780776406404415,0.0780776406404415,0.0780776406404415,0.117359909646538,0.117359909646538,0.0780776406404415,0.0780776406404415,0,0,0,27.0270270270268
8.11811811811812,8.93399075025602,0.0274754785955702,7.99179556876426e-07,3.5246621743801e-08,6.67880863391252,5.78112013942537e-40,2.64027569719025,0,0,4.03853297196889,10,0,-1677.74441107778,0,-1569.5028361695,54.1207874541202,0.0780776406404415,0.0780776406404415,0.0780776406404415,0.0780776406404415,0.117359909646538,0.117359909646538,0.0780776406404415,0.0780776406404415,0,0,0,27.0603937270601
8.12812812812813,8.93349957082271,0.0274513789801649,7.85056161108995e-07,3.45914590187548e-08,6.67880863391252,5.173986919868e-40,2.63976040336298,0,0,4.039048265141,10,0,-1679.81314647985,0,-1571.43810477144,54.187520854187,0.0780776406404415,0.0780776406404415,0.0780776406404415,0.0780776406404415,0.117359909646538,0.117359909646538,0.0780776406404415,0.0780776406404415,0,0,0,27.0937604270935
8.13813813813814,8.93300884829252,0.0274273739380742,7.71183080046786e-07,3.39485986921497e-08,6.67880863391252,4.63063098299003e-40,2.63924566127475,0,0,4.03956300658637,10,0,-1681.88188188191,0,-1573.37337337337,54.2542542542537,0.0780776406404415,0.0780776406404415,0.0780776406404415,0.0780776406404415,0.117359909646538,0.117359909646538,0.0780776406404415,0.0780776406404415,0,0,0,27.1271271271269
8.14814814814815,8.93251858090892,0.027403463175859,7.57555864011428e-07,3.33178073389302e-08,6.67880863391252,4.14435103253655e-40,2.63873146887094,0,0,4.0400771983594,10,0,-1683.95061728398,0,-1575.30864197531,54.3209876543205,0.0780776406404415,0.0780776406404415,0.0780776406404415,0.0780776406404415,0.117359909646538,0.117359909646538,0.0780776406404415,0.0780776406404415,0,0,0,27.1604938271602
8.15815815815816,8.93202876692101,0.0273796464016112,7.44170142669387e-07,3.26988560107196e-08,6.67880863391252,3.70915008121971e-40,2.6382178241041,0,0,4.04059084250728,10,0,-1686.01935268605,0,-1577.24391057724,54.3877210543872,0.0780776406404415,0.0780776406404415,0.0780776406404415,0.0780776406404415,0.117359909646538,0.117359909646538,0.0780776406404415,0.0780776406404415,0,0,0,27.1938605271936
8.16816816816817,8.93153940458343,0.0273559233249453,7.31021623612515e-07,3.20915201490094e-08,6.67880863391252,3.31966140839502e-40,2.637704724934,0,0,4.04110394107005,10,0,-1688.08808808812,0,-1579.17917917918,54.4544544544539,0.0780776406404415,0.0780776406404415,0.0780776406404415,0.0780776406404415,0.117359909646538,0.117359909646538,0.0780776406404415,0.0780776406404415,0,0,0,27.227227227227
8.17817817817818,8.93105049215636,0.0273322936569909,7.1810609096408e-07,3.14955795000508e-08,6.67880863391252,2.97108230366128e-40,2.6371921693275,0,0,4.0416164960806,10,0,-1690.15682349019,0,-1581.11444778111,54.5211878545207,0.0780776406404415,0.0780776406404415,0.0780776406404415,0.0780776406404415,0.117359909646538,0.117359909646538,0.0780776406404415,0.0780776406404415,0,0,0,27.2605939272603
8.18818818818819,8.9305620279055,0.0273087571103836,7.05419404009816e-07,3.09108180314157e-08,6.67880863391252,2.65911477743981e-40,2.63668015525859,0,0,4.04212850956476,10,0,-1692.22555889226,0,-1583.04971638305,54.5879212545874,0.0780776406404415,0.0780776406404415,0.0780776406404415,0.0780776406404415,0.117359909646538,0.117359909646538,0.0780776406404415,0.0780776406404415,0,0,0,27.2939606272937
8.1981981981982,8.93007401010202,0.0272853133992577,6.92957495853543e-07,3.03370238501941e-08,6.67880863391252,2.37991250575015e-40,2.63616868070828,0,0,4.04263998354127,10,0,-1694.29429429433,0,-1584.98498498498,54.6546546546542,0.0780776406404415,0.0780776406404415,0.0780776406404415,0.0780776406404415,0.117359909646538,0.117359909646538,0.0780776406404415,0.0780776406404415,0,0,0,27.3273273273271
8.20820820820821,8.92958643702256,0.0272619622392376,6.80716372096919e-07,2.97739891227943e-08,6.67880863391252,2.13003335349356e-40,2.63565774366464,0,0,4.04315092002187,10,0,-1696.3630296964,0,-1586.92025358692,54.7213880547209,0.0780776406404415,0.0780776406404415,0.0780776406404415,0.0780776406404415,0.117359909646538,0.117359909646538,0.0780776406404415,0.0780776406404415,0,0,0,27.3606940273604
8.21821821821822,8.92909930694917,0.0272387033474298,6.68692109542882e-07,2.92215099963149e-08,6.67880863391252,1.90639688953664e-40,2.63514734212271,0,0,4.04366132101133,10,0,-1698.43176509847,0,-1588.85552218885,54.7881214547876,0.0780776406404415,0.0780776406404415,0.0780776406404415,0.0780776406404415,0.117359909646538,0.117359909646538,0.0780776406404415,0.0780776406404415,0,0,0,27.3940607273938
8.22822822822823,8.92861261816932,0.0272155364424153,6.56880854922361e-07,2.8679386521458e-08,6.67880863391252,1.70624636860946e-40,2.63463747408446,0,0,4.04417118850745,10,0,-1700.50050050054,0,-1590.79079079079,54.8548548548544,0.0780776406404415,0.0780776406404415,0.0780776406404415,0.0780776406404415,0.117359909646538,0.117359909646538,0.0780776406404415,0.0780776406404415,0,0,0,27.4274274274272
8.23823823823824,8.92812636897583,0.0271924612442413,6.45278823643834e-07,2.81474225769513e-08,6.67880863391252,1.52711471025965e-40,2.6341281375588,0,0,4.04468052450115,10,0,-1702.56923590261,0,-1592.72605939272,54.9215882549211,0.0780776406404415,0.0780776406404415,0.0780776406404415,0.0780776406404415,0.117359909646538,0.117359909646538,0.0780776406404415,0.0780776406404415,0,0,0,27.4607941274606
8.24824824824825,8.92764055766688,0.0271694774744136,6.33882298565322e-07,2.76254257954513e-08,6.67880863391252,1.36679405451966e-40,2.6336193305615,0,0,4.04518933097645,10,0,-1704.63797130467,0,-1594.66132799466,54.9883216549878,0.0780776406404415,0.0780776406404415,0.0780776406404415,0.0780776406404415,0.117359909646538,0.117359909646538,0.0780776406404415,0.0780776406404415,0,0,0,27.4941608274939
8.25825825825826,8.92715518254596,0.0271465848558886,6.22687628788414e-07,2.71132074908965e-08,6.67880863391252,1.22330851816084e-40,2.63311105111516,0,0,4.04569760991057,10,0,-1706.70670670674,0,-1596.59659659659,55.0550550550546,0.0780776406404415,0.0780776406404415,0.0780776406404415,0.0780776406404415,0.117359909646538,0.117359909646538,0.0780776406404415,0.0780776406404415,0,0,0,27.5275275275273
8.26826826826827,8.92667024192185,0.0271237831130659,6.11691228473934e-07,2.66105825872828e-08,6.67880863391252,1.09488981497144e-40,2.63260329724921,0,0,4.0462053632739,10,0,-1708.77544210881,0,-1598.53186519853,55.1217884551213,0.0780776406404415,0.0780776406404415,0.0780776406404415,0.0780776406404415,0.117359909646538,0.117359909646538,0.0780776406404415,0.0780776406404415,0,0,0,27.5608942275607
8.27827827827828,8.92618573410862,0.0271010719717802,6.00889575678845e-07,2.61173695488329e-08,6.67880863391252,9.79955438896877e-41,2.63209606699983,0,0,4.04671259303007,10,0,-1710.84417751088,0,-1600.46713380047,55.1885218551881,0.0780776406404415,0.0780776406404415,0.0780776406404415,0.0780776406404415,0.117359909646538,0.117359909646538,0.0780776406404415,0.0780776406404415,0,0,0,27.594260927594
8.28828828828829,8.92570165742554,0.0270784511592939,5.90279211214022e-07,2.56333903115313e-08,6.67880863391252,8.77089140557314e-41,2.63158935840992,0,0,4.047219301136,10,0,-1712.91291291295,0,-1602.4024024024,55.2552552552548,0.0780776406404415,0.0780776406404415,0.0780776406404415,0.0780776406404415,0.117359909646538,0.117359909646538,0.0780776406404415,0.0780776406404415,0,0,0,27.6276276276274
8.2982982982983,8.92521801019712,0.0270559204042894,5.79856737522513e-07,2.51584702159996e-08,6.67880863391252,7.85023456000917e-41,2.63108316952909,0,0,4.0477254895419,10,0,-1714.98164831502,0,-1604.33767100434,55.3219886553215,0.0780776406404415,0.0780776406404415,0.0780776406404415,0.0780776406404415,0.117359909646538,0.117359909646538,0.0780776406404415,0.0780776406404415,0,0,0,27.6609943276608
8.30830830830831,8.92473479075303,0.0270334794368616,5.69618817577918e-07,2.4692437941683e-08,6.67880863391252,7.02624071913535e-41,2.63057749841363,0,0,4.04823116019133,10,0,-1717.05038371709,0,-1606.27293960627,55.3887220553883,0.0780776406404415,0.0780776406404415,0.0780776406404415,0.0780776406404415,0.117359909646538,0.117359909646538,0.0780776406404415,0.0780776406404415,0,0,0,27.6943610276941
8.31831831831832,8.92425199742814,0.0270111279885107,5.59562173802525e-07,2.42351254423246e-08,6.67880863391252,6.28875834199034e-41,2.63007234312643,0,0,4.04873631502122,10,0,-1719.11911911916,0,-1608.20820820821,55.455455455455,0.0780776406404415,0.0780776406404415,0.0780776406404415,0.0780776406404415,0.117359909646538,0.117359909646538,0.0780776406404415,0.0780776406404415,0,0,0,27.7277277277275
8.32832832832833,8.92376962856241,0.0269888657921341,5.49683587004844e-07,2.37863678827005e-08,6.67880863391252,5.62870227151026e-41,2.62956770173698,0,0,4.04924095596191,10,0,-1721.18785452123,0,-1610.14347681014,55.5221888555217,0.0780776406404415,0.0780776406404415,0.0780776406404415,0.0780776406404415,0.117359909646538,0.117359909646538,0.0780776406404415,0.0780776406404415,0,0,0,27.7610944277609
8.33833833833834,8.92328768250094,0.0269666925820197,5.39979895336205e-07,2.33460035765912e-08,6.67880863391252,5.03794168606989e-41,2.62906357232134,0,0,4.04974508493719,10,0,-1723.2565899233,0,-1612.07874541208,55.5889222555885,0.0780776406404415,0.0780776406404415,0.0780776406404415,0.0780776406404415,0.117359909646538,0.117359909646538,0.0780776406404415,0.0780776406404415,0,0,0,27.7944611277942
8.34834834834835,8.92280615759388,0.0269446080938383,5.30447993266047e-07,2.29138739259648e-08,6.67880863391252,4.50919982734657e-41,2.62855995296207,0,0,4.05024870386433,10,0,-1725.32532532536,0,-1614.01401401401,55.6556556556552,0.0780776406404415,0.0780776406404415,0.0780776406404415,0.0780776406404415,0.117359909646538,0.117359909646538,0.0780776406404415,0.0780776406404415,0,0,0,27.8278278278276
8.35835835835836,8.92232505219646,0.0269226120646362,5.21084830575598e-07,2.24898233613483e-08,6.67880863391252,4.03596426649198e-41,2.62805684174824,0,0,4.05075181465411,10,0,-1727.39406072743,0,-1615.94928261595,55.722389055722,0.0780776406404415,0.0780776406404415,0.0780776406404415,0.0780776406404415,0.117359909646538,0.117359909646538,0.0780776406404415,0.0780776406404415,0,0,0,27.861194527861
8.36836836836837,8.92184436466894,0.0269007042328281,5.11887411369584e-07,2.20736992833629e-08,6.67880863391252,3.61240660078035e-41,2.62755423677537,0,0,4.05125441921086,10,0,-1729.4627961295,0,-1617.88455121788,55.7891224557887,0.0780776406404415,0.0780776406404415,0.0780776406404415,0.0780776406404415,0.117359909646538,0.117359909646538,0.0780776406404415,0.0780776406404415,0,0,0,27.8945612278943
8.37837837837838,8.92136409337658,0.0268788843381899,5.02852793105663e-07,2.16653520054011e-08,6.67880863391252,3.23331058939171e-41,2.6270521361454,0,0,4.05175651943248,10,0,-1731.53153153157,0,-1619.81981981982,55.8558558558554,0.0780776406404415,0.0780776406404415,0.0780776406404415,0.0780776406404415,0.117359909646538,0.117359909646538,0.0780776406404415,0.0780776406404415,0,0,0,27.9279279279277
8.38838838838839,8.9208842366896,0.0268571521218516,4.93978085641255e-07,2.12646346974225e-08,6.67880863391252,2.89400784122686e-41,2.62655053796666,0,0,4.0522581172105,10,0,-1733.60026693364,0,-1621.75508842175,55.9225892559222,0.0780776406404415,0.0780776406404415,0.0780776406404415,0.0780776406404415,0.117359909646538,0.117359909646538,0.0780776406404415,0.0780776406404415,0,0,0,27.9612946279611
8.3983983983984,8.92040479298322,0.0268355073262902,4.85260450297456e-07,2.08714033308465e-08,6.67880863391252,2.59032026092541e-41,2.62604944035385,0,0,4.05275921443008,10,0,-1735.66900233571,0,-1623.69035702369,55.9893226559889,0.0780776406404415,0.0780776406404415,0.0780776406404415,0.0780776406404415,0.117359909646538,0.117359909646538,0.0780776406404415,0.0780776406404415,0,0,0,27.9946613279945
8.40840840840841,8.91992576063754,0.0268139496953226,4.76697098939733e-07,2.04855166245196e-08,6.67880863391252,2.31850854272258e-41,2.62554884142796,0,0,4.05325981297008,10,0,-1737.73773773778,0,-1625.62562562563,56.0560560560557,0.0780776406404415,0.0780776406404415,0.0780776406404415,0.0780776406404415,0.117359909646538,0.117359909646538,0.0780776406404415,0.0780776406404415,0,0,0,28.0280280280278
8.41841841841842,8.91944713803759,0.0267924789740987,4.68285293075097e-07,2.01068359917372e-08,6.67880863391252,2.07522607646755e-41,2.6250487393163,0,0,4.05375991470306,10,0,-1739.80647313985,0,-1627.56089422756,56.1227894561224,0.0780776406404415,0.0780776406404415,0.0780776406404415,0.0780776406404415,0.117359909646538,0.117359909646538,0.0780776406404415,0.0780776406404415,0,0,0,28.0613947280612
8.42842842842843,8.91896892357328,0.0267710949090943,4.6002234296545e-07,1.97352254882982e-08,6.67880863391252,1.85747769695809e-41,2.62454913215243,0,0,4.05425952149532,10,0,-1741.87520854192,0,-1629.4961628295,56.1895228561891,0.0780776406404415,0.0780776406404415,0.0780776406404415,0.0780776406404415,0.117359909646538,0.117359909646538,0.0780776406404415,0.0780776406404415,0,0,0,28.0947614280946
8.43843843843844,8.91849111563938,0.0267497972481045,4.5190560675683e-07,1.93705517615722e-08,6.67880863391252,1.66258276755034e-41,2.62405001807613,0,0,4.05475863520695,10,0,-1743.94394394399,0,-1631.43143143143,56.2562562562559,0.0780776406404415,0.0780776406404415,0.0780776406404415,0.0780776406404415,0.117359909646538,0.117359909646538,0.0780776406404415,0.0780776406404415,0,0,0,28.1281281281279
8.44844844844845,8.91801371263547,0.0267285857402365,4.43932489624252e-07,1.90126840005599e-08,6.67880863391252,1.48814214251743e-41,2.62355139523336,0,0,4.05525725769185,10,0,-1746.01267934605,0,-1633.36670003337,56.3229896563226,0.0780776406404415,0.0780776406404415,0.0780776406404415,0.0780776406404415,0.117359909646538,0.117359909646538,0.0780776406404415,0.0780776406404415,0,0,0,28.1614948281613
8.45845845845846,8.91753671296595,0.0267074601359031,4.36100442931872e-07,1.86614938869259e-08,6.67880863391252,1.33200860051827e-41,2.62305326177627,0,0,4.05575539079775,10,0,-1748.08141474812,0,-1635.3019686353,56.3897230563893,0.0780776406404415,0.0780776406404415,0.0780776406404415,0.0780776406404415,0.117359909646538,0.117359909646538,0.0780776406404415,0.0780776406404415,0,0,0,28.1948615281947
8.46846846846847,8.91706011504,0.0266864201868158,4.28406963408207e-07,1.83168555469863e-08,6.67880863391252,1.19226038438986e-41,2.62255561586312,0,0,4.05625303636626,10,0,-1750.15015015019,0,-1637.23723723724,56.4564564564561,0.0780776406404415,0.0780776406404415,0.0780776406404415,0.0780776406404415,0.117359909646538,0.117359909646538,0.0780776406404415,0.0780776406404415,0,0,0,28.228228228228
8.47847847847848,8.91658391727156,0.026665465645978,4.20849592336123e-07,1.79786455046306e-08,6.67880863391252,1.06717752082249e-41,2.62205845565826,0,0,4.05675019623291,10,0,-1752.21888555226,0,-1639.17250583917,56.5231898565228,0.0780776406404415,0.0780776406404415,0.0780776406404415,0.0780776406404415,0.117359909646538,0.117359909646538,0.0780776406404415,0.0780776406404415,0,0,0,28.2615949282614
8.48848848848849,8.91610811807929,0.0266445962676786,4.13425914757334e-07,1.76467426351614e-08,6.67880863391252,9.55220627791637e-42,2.62156177933211,0,0,4.05724687222715,10,0,-1754.28762095433,0,-1641.10777444111,56.5899232565896,0.0780776406404415,0.0780776406404415,0.0780776406404415,0.0780776406404415,0.117359909646538,0.117359909646538,0.0780776406404415,0.0780776406404415,0,0,0,28.2949616282948
8.4984984984985,8.91563271588659,0.026623811807485,4.06133558691161e-07,1.73210281200316e-08,6.67880863391252,8.55011948326169e-42,2.62106558506115,0,0,4.05774306617241,10,0,-1756.3563563564,0,-1643.04304304304,56.6566566566563,0.0780776406404415,0.0780776406404415,0.0780776406404415,0.0780776406404415,0.117359909646538,0.117359909646538,0.0780776406404415,0.0780776406404415,0,0,0,28.3283283283281
8.50850850850851,8.91515770912151,0.0266031120222371,3.98970194367272e-07,1.70013854024635e-08,6.67880863391252,7.65318376670754e-42,2.62056987102781,0,0,4.0582387798861,10,0,-1758.42509175847,0,-1644.97831164498,56.723390056723,0.0780776406404415,0.0780776406404415,0.0780776406404415,0.0780776406404415,0.117359909646538,0.117359909646538,0.0780776406404415,0.0780776406404415,0,0,0,28.3616950283615
8.51851851851852,8.91468309621678,0.0265824966700401,3.91933533472173e-07,1.66877001439313e-08,6.67880863391252,6.85036267488892e-42,2.62007463542054,0,0,4.05873401517968,10,0,-1760.49382716054,0,-1646.91358024691,56.7901234567898,0.0780776406404415,0.0780776406404415,0.0780776406404415,0.0780776406404415,0.117359909646538,0.117359909646538,0.0780776406404415,0.0780776406404415,0,0,0,28.3950617283949
8.52852852852853,8.91420887560977,0.0265619655102585,3.85021328409194e-07,1.63798601814898e-08,6.67880863391252,6.13177840756865e-42,2.6195798764337,0,0,4.05922877385868,10,0,-1762.56256256261,0,-1648.84884884885,56.8568568568565,0.0780776406404415,0.0780776406404415,0.0780776406404415,0.0780776406404415,0.117359909646538,0.117359909646538,0.0780776406404415,0.0780776406404415,0,0,0,28.4284284284283
8.53853853853854,8.91373504574246,0.0265415183035095,3.78231371571726e-07,1.60777554859336e-08,6.67880863391252,5.48859014689383e-42,2.61908559226758,0,0,4.0597230577227,10,0,-1764.63129796468,0,-1650.78411745079,56.9235902569232,0.0780776406404415,0.0780776406404415,0.0780776406404415,0.0780776406404415,0.117359909646538,0.117359909646538,0.0780776406404415,0.0780776406404415,0,0,0,28.4617951284616
8.54854854854855,8.91326160506141,0.0265211548116564,3.71561494629471e-07,1.57812781207699e-08,6.67880863391252,4.91288516658124e-42,2.61859178112833,0,0,4.06021686856547,10,0,-1766.70003336674,0,-1652.71938605272,56.99032365699,0.0780776406404415,0.0780776406404415,0.0780776406404415,0.0780776406404415,0.117359909646538,0.117359909646538,0.0780776406404415,0.0780776406404415,0,0,0,28.495161828495
8.55855855855856,8.91278855201778,0.0265008747978026,3.65009567827478e-07,1.54903222019886e-08,6.67880863391252,4.39758137832554e-42,2.61809844122796,0,0,4.06071020817489,10,0,-1768.76876876881,0,-1654.65465465466,57.0570570570567,0.0780776406404415,0.0780776406404415,0.0780776406404415,0.0780776406404415,0.117359909646538,0.117359909646538,0.0780776406404415,0.0780776406404415,0,0,0,28.5285285285284
8.56856856856857,8.91231588506724,0.0264806780262852,3.58573499297726e-07,1.52047838586144e-08,6.67880863391252,3.93634011382951e-42,2.61760557078429,0,0,4.06120307833301,10,0,-1770.83750417088,0,-1656.58992325659,57.1237904571235,0.0780776406404415,0.0780776406404415,0.0780776406404415,0.0780776406404415,0.117359909646538,0.117359909646538,0.0780776406404415,0.0780776406404415,0,0,0,28.5618952285617
8.57857857857858,8.91184360267001,0.0264605642626686,3.52251234383035e-07,1.49245611940262e-08,6.67880863391252,3.52348806712898e-42,2.61711316802095,0,0,4.06169548081613,10,0,-1772.90623957295,0,-1658.52519185853,57.1905238571902,0.0780776406404415,0.0780776406404415,0.0780776406404415,0.0780776406404415,0.117359909646538,0.117359909646538,0.0780776406404415,0.0780776406404415,0,0,0,28.5952619285951
8.58858858858859,8.91137170329077,0.0264405332737381,3.46040754973081e-07,1.46495542480269e-08,6.67880863391252,3.15394743488463e-42,2.61662123116731,0,0,4.06218741739477,10,0,-1774.97497497502,0,-1660.46046046046,57.2572572572569,0.0780776406404415,0.0780776406404415,0.0780776406404415,0.0780776406404415,0.117359909646538,0.117359909646538,0.0780776406404415,0.0780776406404415,0,0,0,28.6286286286285
8.5985985985986,8.91090018539873,0.0264205848274943,3.39940078852295e-07,1.43796649596505e-08,6.67880863391252,2.82317339343566e-42,2.61612975845846,0,0,4.06267888983373,10,0,-1777.04371037709,0,-1662.3957290624,57.3239906573237,0.0780776406404415,0.0780776406404415,0.0780776406404415,0.0780776406404415,0.117359909646538,0.117359909646538,0.0780776406404415,0.0780776406404415,0,0,0,28.6619953286618
8.60860860860861,8.91042904746752,0.0264007186931464,3.33947259059443e-07,1.41147971306919e-08,6.67880863391252,2.52709814190352e-42,2.6156387481352,0,0,4.06316989989211,10,0,-1779.11244577916,0,-1664.33099766433,57.3907240573904,0.0780776406404415,0.0780776406404415,0.0780776406404415,0.0780776406404415,0.117359909646538,0.117359909646538,0.0780776406404415,0.0780776406404415,0,0,0,28.6953620286952
8.61861861861862,8.9099582879752,0.0263809346411063,3.28060383258658e-07,1.38548563899438e-08,6.67880863391252,2.26208082161646e-42,2.61514819844402,0,0,4.06366044932336,10,0,-1781.18118118123,0,-1666.26626626627,57.4574574574572,0.0780776406404415,0.0780776406404415,0.0780776406404415,0.0780776406404415,0.117359909646538,0.117359909646538,0.0780776406404415,0.0780776406404415,0,0,0,28.7287287287286
8.62862862862863,8.90948790540424,0.0263612324429825,3.22277573121741e-07,1.35997501581285e-08,6.67880863391252,2.02486269459643e-42,2.61465810763702,0,0,4.06415053987525,10,0,-1783.2499165833,0,-1668.2015348682,57.5241908575239,0.0780776406404415,0.0780776406404415,0.0780776406404415,0.0780776406404415,0.117359909646538,0.117359909646538,0.0780776406404415,0.0780776406404415,0,0,0,28.7620954287619
8.63863863863864,8.9090178982415,0.0263416118715743,3.16596983721511e-07,1.33493876135101e-08,6.67880863391252,1.81252702870431e-42,2.61416847397193,0,0,4.06464017328998,10,0,-1785.31865198537,0,-1670.13680347014,57.5909242575906,0.0780776406404415,0.0780776406404415,0.0780776406404415,0.0780776406404415,0.117359909646538,0.117359909646538,0.0780776406404415,0.0780776406404415,0,0,0,28.7954621287953
8.64864864864865,8.90854826497822,0.0263220727008654,3.11016802936013e-07,1.31036796581738e-08,6.67880863391252,1.62246319507765e-42,2.61367929571205,0,0,4.06512935130415,10,0,-1787.38738738744,0,-1672.07207207207,57.6576576576574,0.0780776406404415,0.0780776406404415,0.0780776406404415,0.0780776406404415,0.117359909646538,0.117359909646538,0.0780776406404415,0.0780776406404415,0,0,0,28.8288288288287
8.65865865865866,8.90807900410995,0.0263026147060182,3.05535250863391e-07,1.28625388849593e-08,6.67880863391252,1.45233453543452e-42,2.61319057112624,0,0,4.06561807564882,10,0,-1789.4561227895,0,-1674.00734067401,57.7243910577241,0.0780776406404415,0.0780776406404415,0.0780776406404415,0.0780776406404415,0.117359909646538,0.117359909646538,0.0780776406404415,0.0780776406404415,0,0,0,28.8621955288621
8.66866866866867,8.90761011413658,0.0262832376633681,3.00150579247225e-07,1.26258795450354e-08,6.67880863391252,1.30004960329763e-42,2.61270229848889,0,0,4.06610634804951,10,0,-1791.52485819157,0,-1675.94260927595,57.7911244577908,0.0780776406404415,0.0780776406404415,0.0780776406404415,0.0780776406404415,0.117359909646538,0.117359909646538,0.0780776406404415,0.0780776406404415,0,0,0,28.8955622288954
8.67867867867868,8.90714159356229,0.0262639413504173,2.94861070912161e-07,1.23936175161034e-08,6.67880863391252,1.16373642478936e-42,2.61221447607988,0,0,4.06659417022626,10,0,-1793.59359359364,0,-1677.87787787788,57.8578578578576,0.0780776406404415,0.0780776406404415,0.0780776406404415,0.0780776406404415,0.117359909646538,0.117359909646538,0.0780776406404415,0.0780776406404415,0,0,0,28.9289289289288
8.68868868868869,8.90667344089554,0.026244725545829,2.89665039209628e-07,1.2165670271217e-08,6.67880863391252,1.04171946187372e-42,2.61172710218456,0,0,4.06708154389363,10,0,-1795.66232899571,0,-1679.81314647982,57.9245912579243,0.0780776406404415,0.0780776406404415,0.0780776406404415,0.0780776406404415,0.117359909646538,0.117359909646538,0.0780776406404415,0.0780776406404415,0,0,0,28.9622956289622
8.6986986986987,8.90620565464904,0.0262255900294218,2.84560827473475e-07,1.19419568482061e-08,6.67880863391252,9.32498994234778e-43,2.61124017509373,0,0,4.06756847076074,10,0,-1797.73106439778,0,-1681.74841508175,57.9913246579911,0.0780776406404415,0.0780776406404415,0.0780776406404415,0.0780776406404415,0.117359909646538,0.117359909646538,0.0780776406404415,0.0780776406404415,0,0,0,28.9956623289955
8.70870870870871,8.90573823333975,0.0262065345821639,2.79546808485354e-07,1.17223978196931e-08,6.67880863391252,8.34732665794615e-43,2.6107536931036,0,0,4.06805495253132,10,0,-1799.79979979985,0,-1683.68368368369,58.0580580580578,0.0780776406404415,0.0780776406404415,0.0780776406404415,0.0780776406404415,0.117359909646538,0.117359909646538,0.0780776406404415,0.0780776406404415,0,0,0,29.0290290290289
8.71871871871872,8.90527117548879,0.0261875589861673,2.74621383949658e-07,1.15069152636906e-08,6.67880863391252,7.47218968554197e-43,2.61026765451574,0,0,4.06854099090369,10,0,-1801.86853520192,0,-1685.61895228562,58.1247914581245,0.0780776406404415,0.0780776406404415,0.0780776406404415,0.0780776406404415,0.117359909646538,0.117359909646538,0.0780776406404415,0.0780776406404415,0,0,0,29.0623957290623
8.72872872872873,8.90480447962154,0.0261686630246823,2.69782983977849e-07,1.12954327347676e-08,6.67880863391252,6.68882460318142e-43,2.60978205763712,0,0,4.06902658757083,10,0,-1803.93727060399,0,-1687.55422088756,58.1915248581913,0.0780776406404415,0.0780776406404415,0.0780776406404415,0.0780776406404415,0.117359909646538,0.117359909646538,0.0780776406404415,0.0780776406404415,0,0,0,29.0957624290956
8.73873873873874,8.90433814426749,0.0261498464820917,2.65030066582023e-07,1.10878752357746e-08,6.67880863391252,5.98760534232852e-43,2.60929690078,0,0,4.06951174422039,10,0,-1806.00600600606,0,-1689.48948948949,58.258258258258,0.0780776406404415,0.0780776406404415,0.0780776406404415,0.0780776406404415,0.117359909646538,0.117359909646538,0.0780776406404415,0.0780776406404415,0,0,0,29.129129129129
8.74874874874875,8.9038721679603,0.0261311091439052,2.60361117177518e-07,1.08841691901161e-08,6.67880863391252,5.35991577191041e-43,2.60881218226197,0,0,4.06999646253472,10,0,-1808.07474140813,0,-1691.42475809143,58.3249916583247,0.0780776406404415,0.0780776406404415,0.0780776406404415,0.0780776406404415,0.117359909646538,0.117359909646538,0.0780776406404415,0.0780776406404415,0,0,0,29.1624958291624
8.75875875875876,8.90340654923775,0.0261124507967541,2.55774648094428e-07,1.06842424145594e-08,6.67880863391252,4.79804371270153e-43,2.60832790040588,0,0,4.07048074419088,10,0,-1810.14347681019,0,-1693.36002669336,58.3917250583915,0.0780776406404415,0.0780776406404415,0.0780776406404415,0.0780776406404415,0.117359909646538,0.117359909646538,0.0780776406404415,0.0780776406404415,0,0,0,29.1958625291957
8.76876876876877,8.90294128664175,0.0260938712283853,2.51269198097845e-07,1.04880240925696e-08,6.67880863391252,4.29508607688558e-43,2.60784405353984,0,0,4.07096459086071,10,0,-1812.21221221226,0,-1695.2952952953,58.4584584584582,0.0780776406404415,0.0780776406404415,0.0780776406404415,0.0780776406404415,0.117359909646538,0.117359909646538,0.0780776406404415,0.0780776406404415,0,0,0,29.2292292292291
8.77877877877878,8.90247637871825,0.0260753702276565,2.46843331916686e-07,1.02954447481607e-08,6.67880863391252,3.84486396470803e-43,2.60736063999716,0,0,4.0714480042108,10,0,-1814.28094761433,0,-1697.23056389723,58.525191858525,0.0780776406404415,0.0780776406404415,0.0780776406404415,0.0780776406404415,0.117359909646538,0.117359909646538,0.0780776406404415,0.0780776406404415,0,0,0,29.2625959292625
8.78878878878879,8.90201182401729,0.02605694758453,2.42495639780946e-07,1.01064362202524e-08,6.67880863391252,3.44184667280601e-43,2.60687765811638,0,0,4.07193098590258,10,0,-1816.3496830164,0,-1699.16583249917,58.5919252585917,0.0780776406404415,0.0780776406404415,0.0780776406404415,0.0780776406404415,0.117359909646538,0.117359909646538,0.0780776406404415,0.0780776406404415,0,0,0,29.2959626292959
8.7987987987988,8.90154762109295,0.0260386030900679,2.38224736967214e-07,9.9209316375222e-09,6.67880863391252,3.08108367858964e-43,2.60639510624117,0,0,4.07241353759228,10,0,-1818.41841841847,0,-1701.10110110111,58.6586586586584,0.0780776406404415,0.0780776406404415,0.0780776406404415,0.0780776406404415,0.117359909646538,0.117359909646538,0.0780776406404415,0.0780776406404415,0,0,0,29.3293293293292
8.80880880880881,8.90108376850333,0.0260203365364264,2.34029263352329e-07,9.73886539374453e-09,6.67880863391252,2.75814376330395e-43,2.60591298272037,0,0,4.07289566093102,10,0,-1820.48715382054,0,-1703.03636970304,58.7253920587252,0.0780776406404415,0.0780776406404415,0.0780776406404415,0.0780776406404415,0.117359909646538,0.117359909646538,0.0780776406404415,0.0780776406404415,0,0,0,29.3626960293626
8.81881881881882,8.90062026481052,0.0260021477168505,2.29907882975009e-07,9.56017312360588e-09,6.67880863391252,2.46906052433409e-43,2.60543128590791,0,0,4.07337735756478,10,0,-1822.55588922261,0,-1704.97163830498,58.7921254587919,0.0780776406404415,0.0780776406404415,0.0780776406404415,0.0780776406404415,0.117359909646538,0.117359909646538,0.0780776406404415,0.0780776406404415,0,0,0,29.396062729396
8.82882882882883,8.9001571085806,0.0259840364256689,2.25859283605314e-07,9.38479167898755e-09,6.67880863391252,2.21028360601449e-43,2.60495001416283,0,0,4.07385862913448,10,0,-1824.62462462468,0,-1706.90690690691,58.8588588588587,0.0780776406404415,0.0780776406404415,0.0780776406404415,0.0780776406404415,0.117359909646538,0.117359909646538,0.0780776406404415,0.0780776406404415,0,0,0,29.4294294294293
8.83883883883884,8.89969429838362,0.0259660024582884,2.21882176321809e-07,9.21265910570652e-09,6.67880863391252,1.97863504863381e-43,2.60446916584923,0,0,4.07433947727595,10,0,-1826.69336002675,0,-1708.84217550885,58.9255922589254,0.0780776406404415,0.0780776406404415,0.0780776406404415,0.0780776406404415,0.117359909646538,0.117359909646538,0.0780776406404415,0.0780776406404415,0,0,0,29.4627961294627
8.84884884884885,8.89923183279355,0.025948045611189,2.17975295096284e-07,9.04371462070566e-09,6.67880863391252,1.77127021836155e-43,2.60398873933623,0,0,4.07481990362,10,0,-1828.76209542882,0,-1710.77744411078,58.9923256589921,0.0780776406404415,0.0780776406404415,0.0780776406404415,0.0780776406404415,0.117359909646538,0.117359909646538,0.0780776406404415,0.0780776406404415,0,0,0,29.4961628294961
8.85885885885886,8.89876971038828,0.0259301656819184,2.14137396385899e-07,8.87789858968433e-09,6.67880863391252,1.58564283723581e-43,2.60350873299798,0,0,4.07529990979244,10,0,-1830.83083083088,0,-1712.71271271272,59.0590590590589,0.0780776406404415,0.0780776406404415,0.0780776406404415,0.0780776406404415,0.117359909646538,0.117359909646538,0.0780776406404415,0.0780776406404415,0,0,0,29.5295295295294
8.86886886886887,8.89830792974963,0.0259123624690871,2.1036725873261e-07,8.71515250516089e-09,6.67880863391252,1.41947368284024e-43,2.60302914521361,0,0,4.07577949741406,10,0,-1832.89956623295,0,-1714.64798131465,59.1257924591256,0.0780776406404415,0.0780776406404415,0.0780776406404415,0.0780776406404415,0.117359909646538,0.117359909646538,0.0780776406404415,0.0780776406404415,0,0,0,29.5628962295628
8.87887887887888,8.89784648946326,0.0258946357723632,2.06663682369766e-07,8.55541896495868e-09,6.67880863391252,1.27072257248441e-43,2.6025499743672,0,0,4.07625866810073,10,0,-1834.96830163502,0,-1716.58324991659,59.1925258591923,0.0780776406404415,0.0780776406404415,0.0780776406404415,0.0780776406404415,0.117359909646538,0.117359909646538,0.0780776406404415,0.0780776406404415,0,0,0,29.5962629295962
8.88888888888889,8.89738538811871,0.0258769853924671,2.03025488835727e-07,8.39864165110717e-09,6.67880863391252,1.13756328714265e-43,2.60207121884779,0,0,4.07673742346337,10,0,-1837.03703703709,0,-1718.51851851852,59.2592592592591,0.0780776406404415,0.0780776406404415,0.0780776406404415,0.0780776406404415,0.117359909646538,0.117359909646538,0.0780776406404415,0.0780776406404415,0,0,0,29.6296296296295
8.8988988988989,8.89692462430936,0.0258594111311668,1.99451520594387e-07,8.24476530915018e-09,6.67880863391252,1.01836112660018e-43,2.60159287704929,0,0,4.07721576510799,10,0,-1839.10577243916,0,-1720.45378712046,59.3259926593258,0.0780776406404415,0.0780776406404415,0.0780776406404415,0.0780776406404415,0.117359909646538,0.117359909646538,0.0780776406404415,0.0780776406404415,0,0,0,29.6629963296629
8.90890890890891,8.89646419663241,0.0258419127912725,1.95940640662483e-07,8.09373572785324e-09,6.67880863391252,9.1165281964829e-44,2.60111494737054,0,0,4.07769369463571,10,0,-1841.17450784123,0,-1722.38905572239,59.3927260593926,0.0780776406404415,0.0780776406404415,0.0780776406404415,0.0780776406404415,0.117359909646538,0.117359909646538,0.0780776406404415,0.0780776406404415,0,0,0,29.6963630296963
8.91891891891892,8.89600410368885,0.0258244901766318,1.92491732243557e-07,7.94549971930237e-09,6.67880863391252,8.16128542161713e-44,2.6006374282152,0,0,4.07817121364282,10,0,-1843.2432432433,0,-1724.32432432433,59.4594594594593,0.0780776406404415,0.0780776406404415,0.0780776406404415,0.0780776406404415,0.117359909646538,0.117359909646538,0.0780776406404415,0.0780776406404415,0,0,0,29.7297297297296
8.92892892892893,8.89554434408347,0.0258071430921249,1.89103698368463e-07,7.80000509938646e-09,6.67880863391252,7.30615821838495e-44,2.60016031799178,0,0,4.07864832372074,10,0,-1845.31197864537,0,-1726.25959292627,59.526192859526,0.0780776406404415,0.0780776406404415,0.0780776406404415,0.0780776406404415,0.117359909646538,0.117359909646538,0.0780776406404415,0.0780776406404415,0,0,0,29.763096429763
8.93893893893894,8.89508491642481,0.0257898713436594,1.85775461542289e-07,7.65720066865601e-09,6.67880863391252,6.54065131604967e-44,2.59968361511361,0,0,4.0791250264561,10,0,-1847.38071404744,0,-1728.1948615282,59.5929262595928,0.0780776406404415,0.0780776406404415,0.0780776406404415,0.0780776406404415,0.117359909646538,0.117359909646538,0.0780776406404415,0.0780776406404415,0,0,0,29.7964631297964
8.94894894894895,8.89462581932515,0.0257726747381654,1.82505963397594e-07,7.51703619355072e-09,6.67880863391252,5.85536994472779e-44,2.5992073179988,0,0,4.07960132343076,10,0,-1849.44944944951,0,-1730.13013013014,59.6596596596595,0.0780776406404415,0.0780776406404415,0.0780776406404415,0.0780776406404415,0.117359909646538,0.117359909646538,0.0780776406404415,0.0780776406404415,0,0,0,29.8298298298298
8.95895895895896,8.89416705140049,0.0257555530835909,1.79294164353834e-07,7.3794623879888e-09,6.67880863391252,5.24190441236639e-44,2.5987314250702,0,0,4.08007721622178,10,0,-1851.51818485157,0,-1732.06539873207,59.7263930597262,0.0780776406404415,0.0780776406404415,0.0780776406404415,0.0780776406404415,0.117359909646538,0.117359909646538,0.0780776406404415,0.0780776406404415,0,0,0,29.8631965298631
8.96896896896897,8.89370861127056,0.0257385061888966,1.76139043282872e-07,7.24443089531099e-09,6.67880863391252,4.69272679050221e-44,2.59825593475542,0,0,4.08055270640153,10,0,-1853.58692025364,0,-1734.00066733401,59.793126459793,0.0780776406404415,0.0780776406404415,0.0780776406404415,0.0780776406404415,0.117359909646538,0.117359909646538,0.0780776406404415,0.0780776406404415,0,0,0,29.8965632298965
8.97897897897898,8.89325049755875,0.0257215338640516,1.73039597180466e-07,7.11189427057231e-09,6.67880863391252,4.20109843818415e-44,2.59778084548677,0,0,4.08102779553764,10,0,-1855.65565565571,0,-1735.93593593594,59.8598598598597,0.0780776406404415,0.0780776406404415,0.0780776406404415,0.0780776406404415,0.117359909646538,0.117359909646538,0.0780776406404415,0.0780776406404415,0,0,0,29.9299299299299
8.98898898898899,8.89279270889211,0.0257046359200281,1.69994840843617e-07,6.98180596317481e-09,6.67880863391252,3.7609872268046e-44,2.59730615570127,0,0,4.08150248519306,10,0,-1857.72439105778,0,-1737.87120453788,59.9265932599265,0.0780776406404415,0.0780776406404415,0.0780776406404415,0.0780776406404415,0.117359909646538,0.117359909646538,0.0780776406404415,0.0780776406404415,0,0,0,29.9632966299632
8.998998998999,8.89233524390136,0.025687812168797,1.67003806553688e-07,6.85412029983471e-09,6.67880863391252,3.36699344794728e-44,2.59683186384057,0,0,4.08197677692607,10,0,-1859.79312645985,0,-1739.80647313981,59.9933266599932,0.0780776406404415,0.0780776406404415,0.0780776406404415,0.0780776406404415,0.117359909646538,0.117359909646538,0.0780776406404415,0.0780776406404415,0,0,0,29.9966633299966
9.00900900900901,8.89187810122084,0.0256710624233232,1.64065543765169e-07,6.72879246787732e-09,6.67880863391252,3.01428349319037e-44,2.59635796835098,0,0,4.08245067229032,10,0,-1861.86186186192,0,-1741.74174174175,60.0600600600599,0.0780776406404415,0.0780776406404415,0.0780776406404415,0.0780776406404415,0.117359909646538,0.117359909646538,0.0780776406404415,0.0780776406404415,0,0,0,30.03003003003
9.01901901901902,8.8914212794885,0.0256543864975606,1.61179118800015e-07,6.6057784988535e-09,6.67880863391252,2.69853049042009e-44,2.59588446768344,0,0,4.08292417283485,10,0,-1863.93059726399,0,-1743.67701034368,60.1267934601267,0.0780776406404415,0.0780776406404415,0.0780776406404415,0.0780776406404415,0.117359909646538,0.117359909646538,0.0780776406404415,0.0780776406404415,0,0,0,30.0633967300633
9.02902902902903,8.89096477734587,0.0256377842064479,1.58343614547429e-07,6.48503525247126e-09,6.67880863391252,2.41586116678837e-44,2.59541136029345,0,0,4.0833972801041,10,0,-1865.99933266606,0,-1745.61227894562,60.1935268601934,0.0780776406404415,0.0780776406404415,0.0780776406404415,0.0780776406404415,0.117359909646538,0.117359909646538,0.0780776406404415,0.0780776406404415,0,0,0,30.0967634300967
9.03903903903904,8.89050859343807,0.0256212553659037,1.55558130169012e-07,6.36652040083651e-09,6.67880863391252,2.16280828504388e-44,2.59493864464111,0,0,4.08386999563792,10,0,-1868.06806806813,0,-1747.54754754755,60.2602602602602,0.0780776406404415,0.0780776406404415,0.0780776406404415,0.0780776406404415,0.117359909646538,0.117359909646538,0.0780776406404415,0.0780776406404415,0,0,0,30.1301301301301
9.04904904904905,8.89005272641377,0.025604799792822,1.52821780809172e-07,6.25019241299686e-09,6.67880863391252,1.93626806852036e-44,2.59446631919105,0,0,4.08434232097166,10,0,-1870.1368034702,0,-1749.48281614949,60.3269936603269,0.0780776406404415,0.0780776406404415,0.0780776406404415,0.0780776406404415,0.117359909646538,0.117359909646538,0.0780776406404415,0.0780776406404415,0,0,0,30.1634968301634
9.05905905905906,8.88959717492517,0.0255884173050677,1.50133697310709e-07,6.13601053978252e-09,6.67880863391252,1.7334620914254e-44,2.59399438241243,0,0,4.0848142576361,10,0,-1872.20553887227,0,-1751.41808475143,60.3937270603936,0.0780776406404415,0.0780776406404415,0.0780776406404415,0.0780776406404415,0.117359909646538,0.117359909646538,0.0780776406404415,0.0780776406404415,0,0,0,30.1968635301968
9.06906906906907,8.88914193762799,0.0255721077214719,1.47493025935469e-07,6.02393479893876e-09,6.67880863391252,1.55190316599134e-44,2.5935228327789,0,0,4.08528580715755,10,0,-1874.27427427433,0,-1753.35335335336,60.4604604604604,0.0780776406404415,0.0780776406404415,0.0780776406404415,0.0780776406404415,0.117359909646538,0.117359909646538,0.0780776406404415,0.0780776406404415,0,0,0,30.2302302302302
9.07907907907908,8.88868701318144,0.0255558708618277,1.44898928089995e-07,5.91392596054397e-09,6.67880863391252,1.3893648072041e-44,2.59305166876861,0,0,4.08575697105783,10,0,-1876.3430096764,0,-1755.2886219553,60.5271938605271,0.0780776406404415,0.0780776406404415,0.0780776406404415,0.0780776406404415,0.117359909646538,0.117359909646538,0.0780776406404415,0.0780776406404415,0,0,0,30.2635969302636
9.08908908908909,8.88823240024824,0.0255397065468855,1.42350580056062e-07,5.80594553270795e-09,6.67880863391252,1.24385389982086e-44,2.59258088886413,0,0,4.08622775085433,10,0,-1878.41174507847,0,-1757.22389055723,60.5939272605938,0.0780776406404415,0.0780776406404415,0.0780776406404415,0.0780776406404415,0.117359909646538,0.117359909646538,0.0780776406404415,0.0780776406404415,0,0,0,30.2969636302969
9.0990990990991,8.88777809749454,0.0255236145983486,1.39847172726031e-07,5.69995574754496e-09,6.67880863391252,1.11358623176509e-44,2.5921104915525,0,0,4.08669814805997,10,0,-1880.48048048054,0,-1759.15915915917,60.6606606606606,0.0780776406404415,0.0780776406404415,0.0780776406404415,0.0780776406404415,0.117359909646538,0.117359909646538,0.0780776406404415,0.0780776406404415,0,0,0,30.3303303303303
9.10910910910911,8.88732410358996,0.0255075948388689,1.37387911342924e-07,5.59591954741619e-09,6.67880863391252,9.96964593232365e-45,2.59164047532514,0,0,4.0871681641833,10,0,-1882.54921588261,0,-1761.0944277611,60.7273940607273,0.0780776406404415,0.0780776406404415,0.0780776406404415,0.0780776406404415,0.117359909646538,0.117359909646538,0.0780776406404415,0.0780776406404415,0,0,0,30.3636970303637
9.11911911911912,8.88687041720753,0.0254916470920426,1.34972015245134e-07,5.49380057143636e-09,6.67880863391252,8.92559172386064e-45,2.59117083867787,0,0,4.08763780072845,10,0,-1884.61795128468,0,-1763.02969636304,60.7941274607941,0.0780776406404415,0.0780776406404415,0.0780776406404415,0.0780776406404415,0.117359909646538,0.117359909646538,0.0780776406404415,0.0780776406404415,0,0,0,30.397063730397
9.12912912912913,8.8864170370237,0.0254757711824054,1.32598717615695e-07,5.39356314223942e-09,6.67880863391252,7.99090006757766e-45,2.59070158011087,0,0,4.08810705919521,10,0,-1886.68668668675,0,-1764.96496496497,60.8608608608608,0.0780776406404415,0.0780776406404415,0.0780776406404415,0.0780776406404415,0.117359909646538,0.117359909646538,0.0780776406404415,0.0780776406404415,0,0,0,30.4304304304304
9.13913913913914,8.88596396171831,0.0254599669354287,1.30267265236021e-07,5.29517225299824e-09,6.67880863391252,7.15411274738988e-45,2.59023269812866,0,0,4.08857594107903,10,0,-1888.75542208882,0,-1766.90023356691,60.9275942609275,0.0780776406404415,0.0780776406404415,0.0780776406404415,0.0780776406404415,0.117359909646538,0.117359909646538,0.0780776406404415,0.0780776406404415,0,0,0,30.4637971304638
9.14914914914915,8.88551118997458,0.0254442341775153,1.27976918244044e-07,5.19859355469339e-09,6.67880863391252,6.40497234171356e-45,2.58976419124009,0,0,4.08904444787102,10,0,-1890.82415749089,0,-1768.83550216884,60.9943276609943,0.0780776406404415,0.0780776406404415,0.0780776406404415,0.0780776406404415,0.117359909646538,0.117359909646538,0.0780776406404415,0.0780776406404415,0,0,0,30.4971638304971
9.15915915915916,8.88505872047908,0.0254285727359947,1.25726949896666e-07,5.10379334362622e-09,6.67880863391252,5.73429635288642e-45,2.5892960579583,0,0,4.08951258105801,10,0,-1892.89289289296,0,-1770.77077077078,61.061061061061,0.0780776406404415,0.0780776406404415,0.0780776406404415,0.0780776406404415,0.117359909646538,0.117359909646538,0.0780776406404415,0.0780776406404415,0,0,0,30.5305305305305
9.16916916916917,8.88460655192172,0.0254129824391193,1.23516646336442e-07,5.01073854917145e-09,6.67880863391252,5.13386453386115e-45,2.5888282968007,0,0,4.08998034212255,10,0,-1894.96162829502,0,-1772.70603937271,61.1277944611277,0.0780776406404415,0.0780776406404415,0.0780776406404415,0.0780776406404415,0.117359909646538,0.117359909646538,0.0780776406404415,0.0780776406404415,0,0,0,30.5638972305639
9.17917917917918,8.88415468299573,0.0253974631160599,1.21345306362439e-07,4.91939672176458e-09,6.67880863391252,4.59631802813008e-45,2.58836090628897,0,0,4.09044773254294,10,0,-1897.03036369709,0,-1774.64130797465,61.1945278611945,0.0780776406404415,0.0780776406404415,0.0780776406404415,0.0780776406404415,0.117359909646538,0.117359909646538,0.0780776406404415,0.0780776406404415,0,0,0,30.5972639305972
9.18918918918919,8.88370311239765,0.0253820145969017,1.19212241205167e-07,4.82973602111973e-09,6.67880863391252,4.11506908402389e-45,2.58789388494901,0,0,4.09091475379324,10,0,-1899.09909909916,0,-1776.57657657659,61.2612612612612,0.0780776406404415,0.0780776406404415,0.0780776406404415,0.0780776406404415,0.117359909646538,0.117359909646538,0.0780776406404415,0.0780776406404415,0,0,0,30.6306306306306
9.1991991991992,8.88325183882731,0.0253666367126403,1.17116774305536e-07,4.74172520467328e-09,6.67880863391252,3.68422023447764e-45,2.58742723131093,0,0,4.09138140734331,10,0,-1901.16783450123,0,-1778.51184517852,61.327994661328,0.0780776406404415,0.0780776406404415,0.0780776406404415,0.0780776406404415,0.117359909646538,0.117359909646538,0.0780776406404415,0.0780776406404415,0,0,0,30.663997330664
9.20920920920921,8.88280086098781,0.025351329295177,1.1505824109775e-07,4.65533361624897e-09,6.67880863391252,3.29849194967416e-45,2.58696094390904,0,0,4.09184769465881,10,0,-1903.2365699033,0,-1780.44711378046,61.3947280613947,0.0780776406404415,0.0780776406404415,0.0780776406404415,0.0780776406404415,0.117359909646538,0.117359909646538,0.0780776406404415,0.0780776406404415,0,0,0,30.6973640306974
9.21921921921922,8.8823501775855,0.0253360921773154,1.13035988796078e-07,4.57053117494028e-09,6.67880863391252,2.95315787408729e-45,2.58649502128181,0,0,4.09231361720124,10,0,-1905.30530530537,0,-1782.38238238239,61.4614614614614,0.0780776406404415,0.0780776406404415,0.0780776406404415,0.0780776406404415,0.117359909646538,0.117359909646538,0.0780776406404415,0.0780776406404415,0,0,0,30.7307307307307
9.22922922922923,8.88189978732995,0.0253209251927571,1.11049376185417e-07,4.48728836420571e-09,6.67880863391252,2.64398685263684e-45,2.58602946197185,0,0,4.09277917642795,10,0,-1907.37404070744,0,-1784.31765098433,61.5281948615282,0.0780776406404415,0.0780776406404415,0.0780776406404415,0.0780776406404415,0.117359909646538,0.117359909646538,0.0780776406404415,0.0780776406404415,0,0,0,30.7640974307641
9.23923923923924,8.88144968893399,0.0253058281760973,1.09097773415604e-07,4.405576221173e-09,6.67880863391252,2.36719103408026e-45,2.58556426452591,0,0,4.09324437379218,10,0,-1909.44277610951,0,-1786.25291958626,61.5949282615949,0.0780776406404415,0.0780776406404415,0.0780776406404415,0.0780776406404415,0.117359909646538,0.117359909646538,0.0780776406404415,0.0780776406404415,0,0,0,30.7974641307975
9.24924924924925,8.88099988111362,0.0252908009628213,1.07180561799388e-07,4.3253663261481e-09,6.67880863391252,2.11937941442793e-45,2.58509942749485,0,0,4.09370921074304,10,0,-1911.51151151158,0,-1788.1881881882,61.6616616616617,0.0780776406404415,0.0780776406404415,0.0780776406404415,0.0780776406404415,0.117359909646538,0.117359909646538,0.0780776406404415,0.0780776406404415,0,0,0,30.8308308308308
9.25925925925926,8.88055036258804,0.0252758433893001,1.05297133614e-07,4.24663079232506e-09,6.67880863391252,1.89751624999836e-45,2.58463494943358,0,0,4.09417368872557,10,0,-1913.58024691365,0,-1790.12345679013,61.7283950617284,0.0780776406404415,0.0780776406404415,0.0780776406404415,0.0780776406404415,0.117359909646538,0.117359909646538,0.0780776406404415,0.0780776406404415,0,0,0,30.8641975308642
9.26926926926927,8.88010113207961,0.0252609552927869,1.03446891906273e-07,4.16934225569284e-09,6.67880863391252,1.69888382954873e-45,2.5841708289011,0,0,4.09463780918075,10,0,-1915.64898231571,0,-1792.05872539207,61.7951284617951,0.0780776406404415,0.0780776406404415,0.0780776406404415,0.0780776406404415,0.117359909646538,0.117359909646538,0.0780776406404415,0.0780776406404415,0,0,0,30.8975642308976
9.27927927927928,8.87965218831385,0.0252461365114128,1.01629250301228e-07,4.09347386513529e-09,6.67880863391252,1.52104914845991e-45,2.58370706446046,0,0,4.09510157354553,10,0,-1917.71771771778,0,-1793.993993994,61.8618618618619,0.0780776406404415,0.0780776406404415,0.0780776406404415,0.0780776406404415,0.117359909646538,0.117359909646538,0.0780776406404415,0.0780776406404415,0,0,0,30.9309309309309
9.28928928928929,8.87920353001942,0.0252313868841828,9.98436328140687e-08,4.0189992727206e-09,6.67880863391252,1.36183407588224e-45,2.58324365467871,0,0,4.0955649832528,10,0,-1919.78645311985,0,-1795.92926259594,61.9285952619286,0.0780776406404415,0.0780776406404415,0.0780776406404415,0.0780776406404415,0.117359909646538,0.117359909646538,0.0780776406404415,0.0780776406404415,0,0,0,30.9642976309643
9.2992992992993,8.87875515592809,0.0252167062509723,9.80894736655423e-08,3.94589262417645e-09,6.67880863391252,1.21928864864863e-45,2.58278059812691,0,0,4.0960280397315,10,0,-1921.85518852192,0,-1797.86453119787,61.9953286619953,0.0780776406404415,0.0780776406404415,0.0780776406404415,0.0780776406404415,0.117359909646538,0.117359909646538,0.0780776406404415,0.0780776406404415,0,0,0,30.9976643309977
9.30930930930931,8.87830706477474,0.0252020944525231,9.63662171005757e-08,3.8741285495473e-09,6.67880863391252,1.0916671641613e-45,2.58231789338009,0,0,4.09649074440655,10,0,-1923.92392392399,0,-1799.79979979981,62.0620620620621,0.0780776406404415,0.0780776406404415,0.0780776406404415,0.0780776406404415,0.117359909646538,0.117359909646538,0.0780776406404415,0.0780776406404415,0,0,0,31.031031031031
9.31931931931932,8.87785925529734,0.0251875513304394,9.46733172101541e-08,3.80368215403046e-09,6.67880863391252,9.77406778831078e-46,2.58185553901726,0,0,4.09695309869893,10,0,-1925.99265932606,0,-1801.73506840174,62.1287954621288,0.0780776406404415,0.0780776406404415,0.0780776406404415,0.0780776406404415,0.117359909646538,0.117359909646538,0.0780776406404415,0.0780776406404415,0,0,0,31.0643977310644
9.32932932932933,8.87741172623693,0.0251730767271842,9.30102377563713e-08,3.7345290089872e-09,6.67880863391252,8.75108349415465e-46,2.58139353362136,0,0,4.09741510402568,10,0,-1928.06139472813,0,-1803.67033700368,62.1955288621956,0.0780776406404415,0.0780776406404415,0.0780776406404415,0.0780776406404415,0.117359909646538,0.117359909646538,0.0780776406404415,0.0780776406404415,0,0,0,31.0977644310978
9.33933933933934,8.87696447633759,0.0251586704860752,9.1376452000598e-08,3.66664514312576e-09,6.67880863391252,7.83519282141713e-46,2.58093187577925,0,0,4.09787676179991,10,0,-1930.1301301302,0,-1805.60560560562,62.2622622622623,0.0780776406404415,0.0780776406404415,0.0780776406404415,0.0780776406404415,0.117359909646538,0.117359909646538,0.0780776406404415,0.0780776406404415,0,0,0,31.1311311311311
9.34934934934935,8.87651750434647,0.0251443324512818,8.97714425347128e-08,3.60000703385283e-09,6.67880863391252,7.01518179153378e-46,2.58047056408168,0,0,4.09833807343084,10,0,-1932.19886553227,0,-1807.54087420755,62.328995662329,0.0780776406404415,0.0780776406404415,0.0780776406404415,0.0780776406404415,0.117359909646538,0.117359909646538,0.0780776406404415,0.0780776406404415,0,0,0,31.1644978311645
9.35935935935936,8.8760708090137,0.0251300624678202,8.8194701115341e-08,3.53459159879023e-09,6.67880863391252,6.28101093885047e-46,2.58000959712329,0,0,4.09879904032381,10,0,-1934.26760093434,0,-1809.47614280949,62.3957290623958,0.0780776406404415,0.0780776406404415,0.0780776406404415,0.0780776406404415,0.117359909646538,0.117359909646538,0.0780776406404415,0.0780776406404415,0,0,0,31.1978645311979
9.36936936936937,8.87562438909246,0.0251158603815509,8.66457285010468e-08,3.4703761874537e-09,6.67880863391252,5.62369226722371e-46,2.57954897350259,0,0,4.0992596638803,10,0,-1936.3363363364,0,-1811.41141141142,62.4624624624625,0.0780776406404415,0.0780776406404415,0.0780776406404415,0.0780776406404415,0.117359909646538,0.117359909646538,0.0780776406404415,0.0780776406404415,0,0,0,31.2312312312313
9.37937937937938,8.87517824333889,0.0251017260391742,8.51240342924262e-08,3.40733857309058e-09,6.67880863391252,5.03517909985364e-46,2.57908869182191,0,0,4.09971994549794,10,0,-1938.40507173847,0,-1813.34668001336,62.5291958625292,0.0780776406404415,0.0780776406404415,0.0780776406404415,0.0780776406404415,0.117359909646538,0.117359909646538,0.0780776406404415,0.0780776406404415,0,0,0,31.2645979312646
9.38938938938939,8.87473237051212,0.0250876592882268,8.362913677505e-08,3.34545694467326e-09,6.67880863391252,4.50826747099669e-46,2.57862875068742,0,0,4.10017988657055,10,0,-1940.47380714054,0,-1815.28194861529,62.595929262596,0.0780776406404415,0.0780776406404415,0.0780776406404415,0.0780776406404415,0.117359909646538,0.117359909646538,0.0780776406404415,0.0780776406404415,0,0,0,31.297964631298
9.3993993993994,8.87428676937424,0.0250736599770782,8.21605627652037e-08,3.28470989904565e-09,6.67880863391252,4.03650784987546e-46,2.57816914870907,0,0,4.10063948848816,10,0,-1942.54254254261,0,-1817.21721721723,62.6626626626627,0.0780776406404415,0.0780776406404415,0.0780776406404415,0.0780776406404415,0.117359909646538,0.117359909646538,0.0780776406404415,0.0780776406404415,0,0,0,31.3313313313314
9.40940940940941,8.87384143869027,0.0250597279549271,8.07178474583772e-08,3.22507643321934e-09,6.67880863391252,3.61412611391824e-46,2.5777098845006,0,0,4.10109875263699,10,0,-1944.61127794468,0,-1819.15248581916,62.7293960627295,0.0780776406404415,0.0780776406404415,0.0780776406404415,0.0780776406404415,0.117359909646538,0.117359909646538,0.0780776406404415,0.0780776406404415,0,0,0,31.3646980313647
9.41941941941942,8.87339637722818,0.0250458630717977,7.93005342804517e-08,3.16653593681692e-09,6.67880863391252,3.23595280197809e-46,2.57725095667953,0,0,4.10155768039952,10,0,-1946.68001334675,0,-1821.0877544211,62.7961294627962,0.0780776406404415,0.0780776406404415,0.0780776406404415,0.0780776406404415,0.117359909646538,0.117359909646538,0.0780776406404415,0.0780776406404415,0,0,0,31.3980647313981
9.42942942942943,8.87295158375884,0.0250320651785363,7.79081747415392e-08,3.10906818465937e-09,6.67880863391252,2.89735977979531e-46,2.5767923638671,0,0,4.10201627315448,10,0,-1948.74874874882,0,-1823.02302302303,62.8628628628629,0.0780776406404415,0.0780776406404415,0.0780776406404415,0.0780776406404415,0.117359909646538,0.117359909646538,0.0780776406404415,0.0780776406404415,0,0,0,31.4314314314315
9.43943943943944,8.87250705705602,0.0250183341268077,7.65403282924241e-08,3.05265332949491e-09,6.67880863391252,2.59420354092743e-46,2.57633410468829,0,0,4.10247453227688,10,0,-1950.81748415089,0,-1824.95829162497,62.9295962629297,0.0780776406404415,0.0780776406404415,0.0780776406404415,0.0780776406404415,0.117359909646538,0.117359909646538,0.0780776406404415,0.0780776406404415,0,0,0,31.4647981314648
9.44944944944945,8.87206279589636,0.0250046697690915,7.5196562183563e-08,2.99727189486642e-09,6.67880863391252,2.32277444779327e-46,2.57587617777176,0,0,4.10293245913802,10,0,-1952.88621955296,0,-1826.8935602269,62.9963296629964,0.0780776406404415,0.0780776406404415,0.0780776406404415,0.0780776406404415,0.117359909646538,0.117359909646538,0.0780776406404415,0.0780776406404415,0,0,0,31.4981648314982
9.45945945945946,8.87161879905938,0.024991071958679,7.38764513265945e-08,2.94290476811499e-09,6.67880863391252,2.07975129036365e-46,2.57541858174989,0,0,4.10339005510552,10,0,-1954.95495495503,0,-1828.82882882884,63.0630630630632,0.0780776406404415,0.0780776406404415,0.0780776406404415,0.0780776406404415,0.117359909646538,0.117359909646538,0.0780776406404415,0.0780776406404415,0,0,0,31.5315315315316
9.46946946946947,8.87117506532745,0.0249775405496692,7.25795781583162e-08,2.88953319351668e-09,6.67880863391252,1.86216060527537e-46,2.57496131525871,0,0,4.10384732154333,10,0,-1957.0236903571,0,-1830.76409743078,63.1297964631299,0.0780776406404415,0.0780776406404415,0.0780776406404415,0.0780776406404415,0.117359909646538,0.117359909646538,0.0780776406404415,0.0780776406404415,0,0,0,31.5648982315649
9.47947947947948,8.87073159348578,0.0249640753969659,7.13055325070841e-08,2.83713876555018e-09,6.67880863391252,1.66734025654939e-46,2.5745043769379,0,0,4.10430425981176,10,0,-1959.09242575916,0,-1832.69936603271,63.1965298631966,0.0780776406404415,0.0780776406404415,0.0780776406404415,0.0780776406404415,0.117359909646538,0.117359909646538,0.0780776406404415,0.0780776406404415,0,0,0,31.5982649315983
9.48948948948949,8.87028838232239,0.024950676356274,7.00539114615905e-08,2.78570342229277e-09,6.67880863391252,1.49290683137481e-46,2.57404776543076,0,0,4.10476087126746,10,0,-1961.16116116123,0,-1834.63463463465,63.2632632632634,0.0780776406404415,0.0780776406404415,0.0780776406404415,0.0780776406404415,0.117359909646538,0.117359909646538,0.0780776406404415,0.0780776406404415,0,0,0,31.6316316316317
9.4994994994995,8.86984543062811,0.024937343284096,6.88243192419791e-08,2.73520943894198e-09,6.67880863391252,1.33672645122071e-46,2.57359147938421,0,0,4.10521715726351,10,0,-1963.2298965633,0,-1836.56990323658,63.3299966633301,0.0780776406404415,0.0780776406404415,0.0780776406404415,0.0780776406404415,0.117359909646538,0.117359909646538,0.0780776406404415,0.0780776406404415,0,0,0,31.6649983316651
9.50950950950951,8.86940273719656,0.0249240760377289,6.76163670732543e-08,2.68563942146077e-09,6.67880863391252,1.19688864043182e-46,2.57313551744877,0,0,4.10567311914938,10,0,-1965.29863196537,0,-1838.50517183852,63.3967300633968,0.0780776406404415,0.0780776406404415,0.0780776406404415,0.0780776406404415,0.117359909646538,0.117359909646538,0.0780776406404415,0.0780776406404415,0,0,0,31.6983650316984
9.51951951951952,8.86896030082414,0.0249108744752607,6.64296730609447e-08,2.63697630034365e-09,6.67880863391252,1.07168293196635e-46,2.57267987827852,0,0,4.10612875827097,10,0,-1967.36736736744,0,-1840.44044044045,63.4634634634636,0.0780776406404415,0.0780776406404415,0.0780776406404415,0.0780776406404415,0.117359909646538,0.117359909646538,0.0780776406404415,0.0780776406404415,0,0,0,31.7317317317318
9.52952952952953,8.86851812031001,0.0248977384555668,6.52638620689805e-08,2.58920332450147e-09,6.67880863391252,9.5957792350548e-47,2.57222456053112,0,0,4.1065840759706,10,0,-1969.43610276951,0,-1842.37570904239,63.5301968635303,0.0780776406404415,0.0780776406404415,0.0780776406404415,0.0780776406404415,0.117359909646538,0.117359909646538,0.0780776406404415,0.0780776406404415,0,0,0,31.7650984317652
9.53953953953954,8.86807619445607,0.0248846678383073,6.41185655997442e-08,2.54230405526269e-09,6.67880863391252,8.59202527216029e-47,2.57176956286772,0,0,4.10703907358709,10,0,-1971.50483817158,0,-1844.31097764432,63.5969302635971,0.0780776406404415,0.0780776406404415,0.0780776406404415,0.0780776406404415,0.117359909646538,0.117359909646538,0.0780776406404415,0.0780776406404415,0,0,0,31.7984651317985
9.54954954954955,8.86763452206697,0.0248716624839231,6.29934216762572e-08,2.49626236048874e-09,6.67880863391252,7.69329183349866e-47,2.57131488395305,0,0,4.10749375245573,10,0,-1973.57357357365,0,-1846.24624624626,63.6636636636638,0.0780776406404415,0.0780776406404415,0.0780776406404415,0.0780776406404415,0.117359909646538,0.117359909646538,0.0780776406404415,0.0780776406404415,0,0,0,31.8318318318319
9.55955955955956,8.86719310195005,0.0248587222536331,6.18880747264631e-08,2.45106240880137e-09,6.67880863391252,6.88858831946003e-47,2.57086052245529,0,0,4.10794811390828,10,0,-1975.64230897572,0,-1848.18151484819,63.7303970637305,0.0780776406404415,0.0780776406404415,0.0780776406404415,0.0780776406404415,0.117359909646538,0.117359909646538,0.0780776406404415,0.0780776406404415,0,0,0,31.8651985318653
9.56956956956957,8.86675193291537,0.0248458470094306,6.08021754695707e-08,2.40668866391987e-09,6.67880863391252,6.16807458459233e-47,2.57040647704614,0,0,4.10840215927306,10,0,-1977.71104437779,0,-1850.11678345013,63.7971304637973,0.0780776406404415,0.0780776406404415,0.0780776406404415,0.0780776406404415,0.117359909646538,0.117359909646538,0.0780776406404415,0.0780776406404415,0,0,0,31.8985652318986
9.57957957957958,8.86631101377567,0.0248330366140803,5.97353808044204e-08,2.36312587910588e-09,6.67880863391252,5.52294048437832e-47,2.56995274640074,0,0,4.10885588987491,10,0,-1979.77977977985,0,-1852.05205205206,63.863863863864,0.0780776406404415,0.0780776406404415,0.0780776406404415,0.0780776406404415,0.117359909646538,0.117359909646538,0.0780776406404415,0.0780776406404415,0,0,0,31.931931931932
9.58958958958959,8.86587034334638,0.024820290931115,5.86873536998367e-08,2.32035909171395e-09,6.67880863391252,4.94529803648758e-47,2.56949932919768,0,0,4.10930930703519,10,0,-1981.84851518192,0,-1853.987320654,63.9305972639307,0.0780776406404415,0.0780776406404415,0.0780776406404415,0.0780776406404415,0.117359909646538,0.117359909646538,0.0780776406404415,0.0780776406404415,0,0,0,31.9652986319654
9.5995995995996,8.86542992044556,0.0248076098248323,5.76577630869321e-08,2.27837361784562e-09,6.67880863391252,4.42808487514046e-47,2.56904622411901,0,0,4.10976241207188,10,0,-1983.91725058399,0,-1855.92258925594,63.9973306639975,0.0780776406404415,0.0780776406404415,0.0780776406404415,0.0780776406404415,0.117359909646538,0.117359909646538,0.0780776406404415,0.0780776406404415,0,0,0,31.9986653319987
9.60960960960961,8.86498974389395,0.0247949931602919,5.6646283753328e-08,2.23715504710519e-09,6.67880863391252,3.96497781566661e-47,2.56859342985015,0,0,4.11021520629952,10,0,-1985.98598598606,0,-1857.85785785787,64.0640640640642,0.0780776406404415,0.0780776406404415,0.0780776406404415,0.0780776406404415,0.117359909646538,0.117359909646538,0.0780776406404415,0.0780776406404415,0,0,0,32.0320320320321
9.61961961961962,8.86454981251488,0.0247824408033119,5.56525962392571e-08,2.19668923745509e-09,6.67880863391252,3.55031547027638e-47,2.56814094507995,0,0,4.11066769102926,10,0,-1988.05472138813,0,-1859.79312645981,64.130797464131,0.0780776406404415,0.0780776406404415,0.0780776406404415,0.0780776406404415,0.117359909646538,0.117359909646538,0.0780776406404415,0.0780776406404415,0,0,0,32.0653987320655
9.62962962962963,8.86411012513432,0.0247699526204659,5.46763867355154e-08,2.15696231016903e-09,6.67880863391252,3.1790289670118e-47,2.56768876850061,0,0,4.11111986756887,10,0,-1990.1234567902,0,-1861.72839506174,64.1975308641977,0.0780776406404415,0.0780776406404415,0.0780776406404415,0.0780776406404415,0.117359909646538,0.117359909646538,0.0780776406404415,0.0780776406404415,0,0,0,32.0987654320989
9.63963963963964,8.86367068058084,0.02475752847908,5.37173469832287e-08,2.117960644881e-09,6.67880863391252,2.84657992316504e-47,2.56723689880771,0,0,4.11157173722277,10,0,-1992.19219219227,0,-1863.66366366368,64.2642642642645,0.0780776406404415,0.0780776406404415,0.0780776406404415,0.0780776406404415,0.117359909646538,0.117359909646538,0.0780776406404415,0.0780776406404415,0,0,0,32.1321321321322
9.64964964964965,8.8632314776856,0.0247451682472297,5.27751741754034e-08,2.07967087472836e-09,6.67880863391252,2.54890491336583e-47,2.56678533470016,0,0,4.11202330129203,10,0,-1994.26092759434,0,-1865.59893226561,64.3309976643312,0.0780776406404415,0.0780776406404415,0.0780776406404415,0.0780776406404415,0.117359909646538,0.117359909646538,0.0780776406404415,0.0780776406404415,0,0,0,32.1654988321656
9.65965965965966,8.86279251528233,0.0247328717937366,5.18495708602281e-08,2.04207988158706e-09,6.67880863391252,2.28236575213584e-47,2.5663340748802,0,0,4.1124745610744,10,0,-1996.32966299641,0,-1867.53420086755,64.3977310643979,0.0780776406404415,0.0780776406404415,0.0780776406404415,0.0780776406404415,0.117359909646538,0.117359909646538,0.0780776406404415,0.0780776406404415,0,0,0,32.198865532199
9.66966966966967,8.86235379220732,0.0247206389881657,5.09402448460958e-08,2.00517479139744e-09,6.67880863391252,2.04370498196382e-47,2.56588311805338,0,0,4.11292551786431,10,0,-1998.39839839848,0,-1869.46946946948,64.4644644644647,0.0780776406404415,0.0780776406404415,0.0780776406404415,0.0780776406404415,0.117359909646538,0.117359909646538,0.0780776406404415,0.0780776406404415,0,0,0,32.2322322322323
9.67967967967968,8.86191530729939,0.0247084697008223,5.00469091083153e-08,1.96894296957863e-09,6.67880863391252,1.83000602174494e-47,2.56543246292854,0,0,4.11337617295292,10,0,-2000.46713380054,0,-1871.40473807142,64.5311978645314,0.0780776406404415,0.0780776406404415,0.0780776406404415,0.0780776406404415,0.117359909646538,0.117359909646538,0.0780776406404415,0.0780776406404415,0,0,0,32.2655989322657
9.68968968968969,8.86147705939991,0.0246963638027486,4.91692816974818e-08,1.93337201653007e-09,6.67880863391252,1.63865748753383e-47,2.56498210821779,0,0,4.1138265276281,10,0,-2002.53586920261,0,-1873.34000667335,64.5979312645981,0.0780776406404415,0.0780776406404415,0.0780776406404415,0.0780776406404415,0.117359909646538,0.117359909646538,0.0780776406404415,0.0780776406404415,0,0,0,32.2989656322991
9.6996996996997,8.86103904735278,0.0246843211657215,4.8307085649478e-08,1.89844976321834e-09,6.67880863391252,1.46732124868292e-47,2.56453205263651,0,0,4.11427658317446,10,0,-2004.60460460468,0,-1875.27527527529,64.6646646646649,0.0780776406404415,0.0780776406404415,0.0780776406404415,0.0780776406404415,0.117359909646538,0.117359909646538,0.0780776406404415,0.0780776406404415,0,0,0,32.3323323323324
9.70970970970971,8.86060127000436,0.0246723416622489,4.74600488970748e-08,1.8641642668477e-09,6.67880863391252,1.31390382820423e-47,2.5640822949033,0,0,4.11472634087338,10,0,-2006.67334000675,0,-1877.21054387722,64.7313980647316,0.0780776406404415,0.0780776406404415,0.0780776406404415,0.0780776406404415,0.117359909646538,0.117359909646538,0.0780776406404415,0.0780776406404415,0,0,0,32.3656990323658
9.71971971971972,8.86016372620355,0.0246604251655671,4.66279041831048e-08,1.83050380661274e-09,6.67880863391252,1.17653079716392e-47,2.56363283374001,0,0,4.11517580200301,10,0,-2008.74207540882,0,-1879.14581247916,64.7981314647984,0.0780776406404415,0.0780776406404415,0.0780776406404415,0.0780776406404415,0.117359909646538,0.117359909646538,0.0780776406404415,0.0780776406404415,0,0,0,32.3990657323992
9.72972972972973,8.8597264148017,0.0246485715496379,4.581038897518e-08,1.79745687953164e-09,6.67880863391252,1.05352384959789e-47,2.56318366787166,0,0,4.11562496783831,10,0,-2010.81081081089,0,-1881.0810810811,64.8648648648651,0.0780776406404415,0.0780776406404415,0.0780776406404415,0.0780776406404415,0.117359909646538,0.117359909646538,0.0780776406404415,0.0780776406404415,0,0,0,32.4324324324325
9.73973973973974,8.85928933465262,0.0246367806891457,4.50072453819252e-08,1.7650121963583e-09,6.67880863391252,9.43380277272589e-48,2.56273479602651,0,0,4.11607383965102,10,0,-2012.87954621296,0,-1883.01634968303,64.9315982649318,0.0780776406404415,0.0780776406404415,0.0780776406404415,0.0780776406404415,0.117359909646538,0.117359909646538,0.0780776406404415,0.0780776406404415,0,0,0,32.4657991324659
9.74974974974975,8.85885248461259,0.0246250524594945,4.42182200707017e-08,1.73315867757208e-09,6.67880863391252,8.44754593012033e-48,2.56228621693594,0,0,4.11652241870973,10,0,-2014.94828161503,0,-1884.95161828497,64.9983316649986,0.0780776406404415,0.0780776406404415,0.0780776406404415,0.0780776406404415,0.117359909646538,0.117359909646538,0.0780776406404415,0.0780776406404415,0,0,0,32.4991658324993
9.75975975975976,8.8584158635403,0.0246133867368051,4.34430641867937e-08,1.70188544944345e-09,6.67880863391252,7.56442077628094e-48,2.56183792933453,0,0,4.11697070627987,10,0,-2017.0170170171,0,-1886.8868868869,65.0650650650653,0.0780776406404415,0.0780776406404415,0.0780776406404415,0.0780776406404415,0.117359909646538,0.117359909646538,0.0780776406404415,0.0780776406404415,0,0,0,32.5325325325327
9.76976976976977,8.85797947029688,0.0246017833979122,4.26815332740309e-08,1.67118184017423e-09,6.67880863391252,6.77364049051565e-48,2.56138993195999,0,0,4.11741870362371,10,0,-2019.08575241917,0,-1888.82215548884,65.1317984651321,0.0780776406404415,0.0780776406404415,0.0780776406404415,0.0780776406404415,0.117359909646538,0.117359909646538,0.0780776406404415,0.0780776406404415,0,0,0,32.565899232566
9.77977977977978,8.85754330374587,0.0245902423203619,4.19333871968232e-08,1.64103737611094e-09,6.67880863391252,6.0655467335315e-48,2.56094222355313,0,0,4.11786641200042,10,0,-2021.15448782123,0,-1890.75742409077,65.1985318651988,0.0780776406404415,0.0780776406404415,0.0780776406404415,0.0780776406404415,0.117359909646538,0.117359909646538,0.0780776406404415,0.0780776406404415,0,0,0,32.5992659325994
9.78978978978979,8.85710736275318,0.0245787633824083,4.11983900635811e-08,1.61144177802983e-09,6.67880863391252,5.43149156226225e-48,2.5604948028579,0,0,4.11831383266605,10,0,-2023.2232232233,0,-1892.69269269271,65.2652652652655,0.0780776406404415,0.0780776406404415,0.0780776406404415,0.0780776406404415,0.117359909646538,0.117359909646538,0.0780776406404415,0.0780776406404415,0,0,0,32.6326326326328
9.7997997997998,8.85667164618715,0.0245673464630114,4.04763101514968e-08,1.58238495749233e-09,6.67880863391252,4.86373170407828e-48,2.56004766862134,0,0,4.11876096687356,10,0,-2025.29195862537,0,-1894.62796129464,65.3319986653323,0.0780776406404415,0.0780776406404415,0.0780776406404415,0.0780776406404415,0.117359909646538,0.117359909646538,0.0780776406404415,0.0780776406404415,0,0,0,32.6659993326661
9.80980980980981,8.85623615291845,0.0245559914418338,3.97669198326634e-08,1.55385701326945e-09,6.67880863391252,4.35533389648393e-48,2.55960081959354,0,0,4.11920781587283,10,0,-2027.36069402744,0,-1896.56322989658,65.398732065399,0.0780776406404415,0.0780776406404415,0.0780776406404415,0.0780776406404415,0.117359909646538,0.117359909646538,0.0780776406404415,0.0780776406404415,0,0,0,32.6993660326995
9.81981981981982,8.85580088182012,0.0245446981992381,3.90699955015062e-08,1.52584822783384e-09,6.67880863391252,3.90009013389575e-48,2.55915425452769,0,0,4.11965438091068,10,0,-2029.42942942951,0,-1898.49849849851,65.4654654654657,0.0780776406404415,0.0780776406404415,0.0780776406404415,0.0780776406404415,0.117359909646538,0.117359909646538,0.0780776406404415,0.0780776406404415,0,0,0,32.7327327327329
9.82982982982983,8.85536583176754,0.0245334666162844,3.8385317503505e-08,1.49834906391829e-09,6.67880863391252,3.49244178439287e-48,2.55870797217998,0,0,4.12010066323089,10,0,-2031.49816483158,0,-1900.43376710045,65.5321988655325,0.0780776406404415,0.0780776406404415,0.0780776406404415,0.0780776406404415,0.117359909646538,0.117359909646538,0.0780776406404415,0.0780776406404415,0,0,0,32.7660994327662
9.83983983983984,8.85493100163843,0.0245222965747273,3.77126700651819e-08,1.47135016113932e-09,6.67880863391252,3.12741164792436e-48,2.55826197130966,0,0,4.12054666407421,10,0,-2033.56690023365,0,-1902.36903570238,65.5989322655992,0.0780776406404415,0.0780776406404415,0.0780776406404415,0.0780776406404415,0.117359909646538,0.117359909646538,0.0780776406404415,0.0780776406404415,0,0,0,32.7994661327996
9.84984984984985,8.8544963903128,0.0245111879570132,3.70518412253341e-08,1.44484233268464e-09,6.67880863391252,2.8005431246787e-48,2.55781625067898,0,0,4.12099238467838,10,0,-2035.63563563572,0,-1904.30430430432,65.665665665666,0.0780776406404415,0.0780776406404415,0.0780776406404415,0.0780776406404415,0.117359909646538,0.117359909646538,0.0780776406404415,0.0780776406404415,0,0,0,32.832832832833
9.85985985985986,8.854061996673,0.0245001406462781,3.6402622767489e-08,1.41881656206327e-09,6.67880863391252,2.50784574935892e-48,2.5573708090532,0,0,4.12143782627813,10,0,-2037.70437103779,0,-1906.23957290626,65.7323990657327,0.0780776406404415,0.0780776406404415,0.0780776406404415,0.0780776406404415,0.117359909646538,0.117359909646538,0.0780776406404415,0.0780776406404415,0,0,0,32.8661995328663
9.86986986986987,8.85362781960365,0.0244891545263443,3.57648101535582e-08,1.39326399991708e-09,6.67880863391252,2.24574642503011e-48,2.55692564520055,0,0,4.12188299010523,10,0,-2039.77310643986,0,-1908.17484150819,65.7991324657994,0.0780776406404415,0.0780776406404415,0.0780776406404415,0.0780776406404415,0.117359909646538,0.117359909646538,0.0780776406404415,0.0780776406404415,0,0,0,32.8995662328997
9.87987987987988,8.85319385799165,0.0244782294817181,3.51382024586723e-08,1.3681759608927e-09,6.67880863391252,2.01104575996891e-48,2.55648075789223,0,0,4.12232787738846,10,0,-2041.84184184193,0,-1910.11011011013,65.8658658658662,0.0780776406404415,0.0780776406404415,0.0780776406404415,0.0780776406404415,0.117359909646538,0.117359909646538,0.0780776406404415,0.0780776406404415,0,0,0,32.9329329329331
9.88988988988989,8.85276011072616,0.0244673653975872,3.45226023071718e-08,1.34354392057246e-09,6.67880863391252,1.80087897340166e-48,2.55603614590238,0,0,4.12277248935368,10,0,-2043.91057724399,0,-1912.04537871206,65.9325992659329,0.0780776406404415,0.0780776406404415,0.0780776406404415,0.0780776406404415,0.117359909646538,0.117359909646538,0.0780776406404415,0.0780776406404415,0,0,0,32.9662996329665
9.8998998998999,8.85232657669862,0.0244565621598179,3.3917815809736e-08,1.31935951246335e-09,6.67880863391252,1.61268089193453e-48,2.55559180800809,0,0,4.12321682722378,10,0,-2045.97931264606,0,-1913.980647314,65.9993326659996,0.0780776406404415,0.0780776406404415,0.0780776406404415,0.0780776406404415,0.117359909646538,0.117359909646538,0.0780776406404415,0.0780776406404415,0,0,0,32.9996663329998
9.90990990990991,8.85189325480266,0.0244458196549528,3.3323652501629e-08,1.29561452504296e-09,6.67880863391252,1.44415460854064e-48,2.55514774298937,0,0,4.12366089221876,10,0,-2048.04804804813,0,-1915.91591591593,66.0660660660664,0.0780776406404415,0.0780776406404415,0.0780776406404415,0.0780776406404415,0.117359909646538,0.117359909646538,0.0780776406404415,0.0780776406404415,0,0,0,33.0330330330332
9.91991991991992,8.8514601439342,0.0244351377702081,3.27399252820425e-08,1.27230089886111e-09,6.67880863391252,1.29324342078828e-48,2.55470394962911,0,0,4.1241046855557,10,0,-2050.1167834502,0,-1917.85118451787,66.1327994661331,0.0780776406404415,0.0780776406404415,0.0780776406404415,0.0780776406404415,0.117359909646538,0.117359909646538,0.0780776406404415,0.0780776406404415,0,0,0,33.0663997330666
9.92992992992993,8.85102724299132,0.0244245163934709,3.21664503545159e-08,1.24941072369625e-09,6.67880863391252,1.15810570512083e-48,2.55426042671313,0,0,4.12454820844879,10,0,-2052.18551885227,0,-1919.7864531198,66.1995328661999,0.0780776406404415,0.0780776406404415,0.0780776406404415,0.0780776406404415,0.117359909646538,0.117359909646538,0.0780776406404415,0.0780776406404415,0,0,0,33.0997664330999
9.93993993993994,8.85059455087433,0.0244139554132969,3.1603047168415e-08,1.22693623576568e-09,6.67880863391252,1.0370924199239e-48,2.55381717303009,0,0,4.12499146210936,10,0,-2054.25425425434,0,-1921.72172172174,66.2662662662666,0.0780776406404415,0.0780776406404415,0.0780776406404415,0.0780776406404415,0.117359909646538,0.117359909646538,0.0780776406404415,0.0780776406404415,0,0,0,33.1331331331333
9.94994994994995,8.85016206648573,0.0244034547189076,3.104953836145e-08,1.20486981498821e-09,6.67880863391252,9.28726962278349e-49,2.55337418737152,0,0,4.12543444774586,10,0,-2056.32298965641,0,-1923.65699032367,66.3329996663333,0.0780776406404415,0.0780776406404415,0.0780776406404415,0.0780776406404415,0.117359909646538,0.117359909646538,0.0780776406404415,0.0780776406404415,0,0,0,33.1664998331667
9.95995995995996,8.84972978873018,0.0243930142001882,3.05057497032145e-08,1.18320398229875e-09,6.67880863391252,8.31687132094045e-49,2.5529314685318,0,0,4.12587716656392,10,0,-2058.39172505848,0,-1925.59225892561,66.3997330664001,0.0780776406404415,0.0780776406404415,0.0780776406404415,0.0780776406404415,0.117359909646538,0.117359909646538,0.0780776406404415,0.0780776406404415,0,0,0,33.1998665332
9.96996996996997,8.84929771651452,0.0243826337476849,2.99715100397274e-08,1.16193139701336e-09,6.67880863391252,7.44788983099936e-49,2.55248901530813,0,0,4.12631961976632,10,0,-2060.46046046054,0,-1927.52752752754,66.4664664664668,0.0780776406404415,0.0780776406404415,0.0780776406404415,0.0780776406404415,0.117359909646538,0.117359909646538,0.0780776406404415,0.0780776406404415,0,0,0,33.2332332332334
9.97997997997998,8.84886584874775,0.0243723132526023,2.94466512389591e-08,1.14104485424416e-09,6.67880863391252,6.66972363247957e-49,2.55204682650053,0,0,4.12676180855303,10,0,-2062.52919586261,0,-1929.46279612948,66.5331998665336,0.0780776406404415,0.0780776406404415,0.0780776406404415,0.0780776406404415,0.117359909646538,0.117359909646538,0.0780776406404415,0.0780776406404415,0,0,0,33.2665999332668
9.98998998998999,8.84843418434098,0.0243620526068011,2.89310081373257e-08,1.12053728236297e-09,6.67880863391252,5.9728796775366e-49,2.55160490091181,0,0,4.12720373412124,10,0,-2064.59793126468,0,-1931.39806473142,66.5999332666003,0.0780776406404415,0.0780776406404415,0.0780776406404415,0.0780776406404415,0.117359909646538,0.117359909646538,0.0780776406404415,0.0780776406404415,0,0,0,33.2999666333001
10,8.84800272220748,0.0243518517027958,2.8424418487133e-08,1.10040174051275e-09,6.67880863391252,5.34885746498324e-49,2.55116323734758,0,0,4.12764539766534,10,0,-2066.66666666675,0,-1933.33333333335,66.666666666667,0.0780776406404415,0.0780776406404415,0.0780776406404415,0.0780776406404415,0.117359909646538,0.117359909646538,0.0780776406404415,0.0780776406404415,0,0,0,33.3333333333335
